date,sku_id,category,units_sold,units_received,closing_stock,lead_time_days,prev_closing_stock,expected_closing_stock,stock_balance_valid,stock_balance_difference,stock_balance_clipped,units_sold_original,units_sold_source,history_days,sku_status,limited_history,closing_stock_missing,lead_time_missing,stockout,lead_time_inconsistent
2026-01-01,SKU-1000,Snacks,110.0,0,403.0,7,,,False,,False,110.0,observed,180,established,False,False,False,False,False
2026-01-02,SKU-1000,Snacks,278.0,0,125.0,7,403.0,125.0,True,0.0,False,278.0,observed,180,established,False,False,False,False,False
2026-01-03,SKU-1000,Snacks,121.0,903,907.0,7,125.0,907.0,True,0.0,False,121.0,observed,180,established,False,False,False,False,False
2026-01-04,SKU-1000,Snacks,75.0,0,832.0,7,907.0,832.0,True,0.0,False,75.0,observed,180,established,False,False,False,False,False
2026-01-05,SKU-1000,Snacks,71.0,0,761.0,7,832.0,761.0,True,0.0,False,71.0,observed,180,established,False,False,False,False,False
2026-01-06,SKU-1000,Snacks,103.0,0,658.0,7,761.0,658.0,True,0.0,False,103.0,observed,180,established,False,False,False,False,False
2026-01-07,SKU-1000,Snacks,133.0,0,525.0,7,658.0,525.0,True,0.0,False,133.0,observed,180,established,False,False,False,False,False
2026-01-08,SKU-1000,Snacks,106.0,0,419.0,7,525.0,419.0,True,0.0,False,106.0,observed,180,established,False,False,False,False,False
2026-01-09,SKU-1000,Snacks,112.0,0,307.0,7,419.0,307.0,True,0.0,False,112.0,observed,180,established,False,False,False,False,False
2026-01-10,SKU-1000,Snacks,142.0,761,926.0,7,307.0,926.0,True,0.0,False,142.0,observed,180,established,False,False,False,False,False
2026-01-11,SKU-1000,Snacks,14.0,0,912.0,7,926.0,912.0,True,0.0,False,14.0,observed,180,established,False,False,False,False,False
2026-01-12,SKU-1000,Snacks,71.0,0,841.0,7,912.0,841.0,True,0.0,False,71.0,observed,180,established,False,False,False,False,False
2026-01-13,SKU-1000,Snacks,132.0,0,709.0,7,841.0,709.0,True,0.0,False,132.0,observed,180,established,False,False,False,False,False
2026-01-14,SKU-1000,Snacks,119.0,896,1486.0,7,709.0,1486.0,True,0.0,False,119.0,observed,180,established,False,False,False,False,False
2026-01-15,SKU-1000,Snacks,143.0,0,1343.0,7,1486.0,1343.0,True,0.0,False,143.0,observed,180,established,False,False,False,False,False
2026-01-16,SKU-1000,Snacks,137.0,0,1206.0,7,1343.0,1206.0,True,0.0,False,137.0,observed,180,established,False,False,False,False,False
2026-01-17,SKU-1000,Snacks,78.0,0,1128.0,7,1206.0,1128.0,True,0.0,False,78.0,observed,180,established,False,False,False,False,False
2026-01-18,SKU-1000,Snacks,122.0,0,1006.0,7,1128.0,1006.0,True,0.0,False,122.0,observed,180,established,False,False,False,False,False
2026-01-19,SKU-1000,Snacks,71.0,0,935.0,7,1006.0,935.0,True,0.0,False,71.0,observed,180,established,False,False,False,False,False
2026-01-20,SKU-1000,Snacks,105.0,0,830.0,7,935.0,830.0,True,0.0,False,105.0,observed,180,established,False,False,False,False,False
2026-01-21,SKU-1000,Snacks,122.0,0,708.0,7,830.0,708.0,True,0.0,False,122.0,observed,180,established,False,False,False,False,False
2026-01-22,SKU-1000,Snacks,82.0,0,626.0,7,708.0,626.0,True,0.0,False,82.0,observed,180,established,False,False,False,False,False
2026-01-23,SKU-1000,Snacks,112.0,0,514.0,7,626.0,514.0,True,0.0,False,112.0,observed,180,established,False,False,False,False,False
2026-01-24,SKU-1000,Snacks,124.0,0,390.0,7,514.0,390.0,True,0.0,False,124.0,observed,180,established,False,False,False,False,False
2026-01-25,SKU-1000,Snacks,83.0,1000,1307.0,7,390.0,1307.0,True,0.0,False,83.0,observed,180,established,False,False,False,False,False
2026-01-26,SKU-1000,Snacks,181.0,0,1126.0,7,1307.0,1126.0,True,0.0,False,181.0,observed,180,established,False,False,False,False,False
2026-01-27,SKU-1000,Snacks,116.0,0,1010.0,7,1126.0,1010.0,True,0.0,False,116.0,observed,180,established,False,False,False,False,False
2026-01-28,SKU-1000,Snacks,79.0,0,931.0,7,1010.0,931.0,True,0.0,False,79.0,observed,180,established,False,False,False,False,False
2026-01-29,SKU-1000,Snacks,97.0,0,834.0,7,931.0,834.0,True,0.0,False,97.0,observed,180,established,False,False,False,False,False
2026-01-30,SKU-1000,Snacks,90.0,0,744.0,7,834.0,744.0,True,0.0,False,90.0,observed,180,established,False,False,False,False,False
2026-01-31,SKU-1000,Snacks,122.0,0,622.0,7,744.0,622.0,True,0.0,False,122.0,observed,180,established,False,False,False,False,False
2026-02-01,SKU-1000,Snacks,76.0,0,546.0,7,622.0,546.0,True,0.0,False,76.0,observed,180,established,False,False,False,False,False
2026-02-02,SKU-1000,Snacks,106.0,0,440.0,7,546.0,440.0,True,0.0,False,106.0,observed,180,established,False,False,False,False,False
2026-02-03,SKU-1000,Snacks,106.0,0,334.0,7,440.0,334.0,True,0.0,False,106.0,observed,180,established,False,False,False,False,False
2026-02-04,SKU-1000,Snacks,108.0,0,226.0,7,334.0,226.0,True,0.0,False,108.0,observed,180,established,False,False,False,False,False
2026-02-05,SKU-1000,Snacks,92.0,0,134.0,7,226.0,134.0,True,0.0,False,92.0,observed,180,established,False,False,False,False,False
2026-02-06,SKU-1000,Snacks,93.0,0,41.0,7,134.0,41.0,True,0.0,False,93.0,observed,180,established,False,False,False,False,False
2026-02-07,SKU-1000,Snacks,111.0,0,0.0,7,41.0,-70.0,False,-70.0,True,111.0,observed,180,established,False,False,False,True,False
2026-02-08,SKU-1000,Snacks,89.0,0,0.0,7,0.0,-89.0,False,-89.0,True,89.0,observed,180,established,False,False,False,True,False
2026-02-09,SKU-1000,Snacks,137.0,0,0.0,7,0.0,-137.0,False,-137.0,True,137.0,observed,180,established,False,False,False,True,False
2026-02-10,SKU-1000,Snacks,89.0,822,733.0,7,0.0,733.0,True,0.0,False,89.0,observed,180,established,False,False,False,False,False
2026-02-11,SKU-1000,Snacks,133.0,1132,1732.0,7,733.0,1732.0,True,0.0,False,133.0,observed,180,established,False,False,False,False,False
2026-02-12,SKU-1000,Snacks,112.0,0,1620.0,7,1732.0,1620.0,True,0.0,False,112.0,observed,180,established,False,False,False,False,False
2026-02-13,SKU-1000,Snacks,118.0,0,1502.0,7,1620.0,1502.0,True,0.0,False,118.0,observed,180,established,False,False,False,False,False
2026-02-14,SKU-1000,Snacks,104.0,0,,7,1502.0,1398.0,False,,False,104.0,observed,180,established,False,True,False,False,False
2026-02-15,SKU-1000,Snacks,105.0,0,1293.0,7,,,False,,False,105.0,observed,180,established,False,False,False,False,False
2026-02-16,SKU-1000,Snacks,125.0,0,1168.0,7,1293.0,1168.0,True,0.0,False,125.0,observed,180,established,False,False,False,False,False
2026-02-17,SKU-1000,Snacks,143.0,0,1025.0,7,1168.0,1025.0,True,0.0,False,143.0,observed,180,established,False,False,False,False,False
2026-02-18,SKU-1000,Snacks,86.0,0,939.0,7,1025.0,939.0,True,0.0,False,86.0,observed,180,established,False,False,False,False,False
2026-02-19,SKU-1000,Snacks,81.0,0,858.0,7,939.0,858.0,True,0.0,False,81.0,observed,180,established,False,False,False,False,False
2026-02-20,SKU-1000,Snacks,105.0,0,753.0,7,858.0,753.0,True,0.0,False,105.0,observed,180,established,False,False,False,False,False
2026-02-21,SKU-1000,Snacks,92.0,0,661.0,7,753.0,661.0,True,0.0,False,92.0,observed,180,established,False,False,False,False,False
2026-02-22,SKU-1000,Snacks,113.0,978,1526.0,7,661.0,1526.0,True,0.0,False,113.0,observed,180,established,False,False,False,False,False
2026-02-23,SKU-1000,Snacks,58.0,0,1468.0,7,1526.0,1468.0,True,0.0,False,58.0,observed,180,established,False,False,False,False,False
2026-02-24,SKU-1000,Snacks,109.0,0,1359.0,7,1468.0,1359.0,True,0.0,False,109.0,observed,180,established,False,False,False,False,False
2026-02-25,SKU-1000,Snacks,139.0,0,1220.0,7,1359.0,1220.0,True,0.0,False,139.0,observed,180,established,False,False,False,False,False
2026-02-26,SKU-1000,Snacks,110.0,0,1110.0,7,1220.0,1110.0,True,0.0,False,110.0,observed,180,established,False,False,False,False,False
2026-02-27,SKU-1000,Snacks,64.0,0,1046.0,7,1110.0,1046.0,True,0.0,False,64.0,observed,180,established,False,False,False,False,False
2026-02-28,SKU-1000,Snacks,57.0,0,989.0,7,1046.0,989.0,True,0.0,False,57.0,observed,180,established,False,False,False,False,False
2026-03-01,SKU-1000,Snacks,97.0,0,892.0,7,989.0,892.0,True,0.0,False,97.0,observed,180,established,False,False,False,False,False
2026-03-02,SKU-1000,Snacks,164.0,0,728.0,7,892.0,,False,,False,,stock_balance_reconstructed,180,established,False,False,False,False,False
2026-03-03,SKU-1000,Snacks,156.0,939,1511.0,7,728.0,1511.0,True,0.0,False,156.0,observed,180,established,False,False,False,False,False
2026-03-04,SKU-1000,Snacks,76.0,0,1435.0,7,1511.0,1435.0,True,0.0,False,76.0,observed,180,established,False,False,False,False,False
2026-03-05,SKU-1000,Snacks,66.0,0,1369.0,7,1435.0,1369.0,True,0.0,False,66.0,observed,180,established,False,False,False,False,False
2026-03-06,SKU-1000,Snacks,75.0,0,1294.0,7,1369.0,1294.0,True,0.0,False,75.0,observed,180,established,False,False,False,False,False
2026-03-07,SKU-1000,Snacks,136.0,0,1158.0,7,1294.0,1158.0,True,0.0,False,136.0,observed,180,established,False,False,False,False,False
2026-03-08,SKU-1000,Snacks,113.0,0,1045.0,7,1158.0,1045.0,True,0.0,False,113.0,observed,180,established,False,False,False,False,False
2026-03-09,SKU-1000,Snacks,89.0,0,956.0,7,1045.0,956.0,True,0.0,False,89.0,observed,180,established,False,False,False,False,False
2026-03-10,SKU-1000,Snacks,197.0,0,759.0,7,956.0,759.0,True,0.0,False,197.0,observed,180,established,False,False,False,False,False
2026-03-11,SKU-1000,Snacks,120.0,0,639.0,7,759.0,639.0,True,0.0,False,120.0,observed,180,established,False,False,False,False,False
2026-03-12,SKU-1000,Snacks,113.0,0,,7,639.0,526.0,False,,False,113.0,observed,180,established,False,True,False,False,False
2026-03-13,SKU-1000,Snacks,95.0,0,431.0,7,,,False,,False,95.0,observed,180,established,False,False,False,False,False
2026-03-14,SKU-1000,Snacks,91.0,0,340.0,7,431.0,340.0,True,0.0,False,91.0,observed,180,established,False,False,False,False,False
2026-03-15,SKU-1000,Snacks,118.0,1120,1342.0,7,340.0,1342.0,True,0.0,False,118.0,observed,180,established,False,False,False,False,False
2026-03-16,SKU-1000,Snacks,140.0,0,1202.0,7,1342.0,1202.0,True,0.0,False,140.0,observed,180,established,False,False,False,False,False
2026-03-17,SKU-1000,Snacks,109.0,0,1093.0,7,1202.0,1093.0,True,0.0,False,109.0,observed,180,established,False,False,False,False,False
2026-03-18,SKU-1000,Snacks,77.0,0,1016.0,7,1093.0,1016.0,True,0.0,False,77.0,observed,180,established,False,False,False,False,False
2026-03-19,SKU-1000,Snacks,56.0,0,960.0,7,1016.0,960.0,True,0.0,False,56.0,observed,180,established,False,False,False,False,False
2026-03-20,SKU-1000,Snacks,151.0,0,809.0,7,960.0,809.0,True,0.0,False,151.0,observed,180,established,False,False,False,False,False
2026-03-21,SKU-1000,Snacks,85.0,0,724.0,7,809.0,724.0,True,0.0,False,85.0,observed,180,established,False,False,False,False,False
2026-03-22,SKU-1000,Snacks,108.0,0,616.0,7,724.0,616.0,True,0.0,False,108.0,observed,180,established,False,False,False,False,False
2026-03-23,SKU-1000,Snacks,123.0,0,493.0,7,616.0,493.0,True,0.0,False,123.0,observed,180,established,False,False,False,False,False
2026-03-24,SKU-1000,Snacks,94.0,0,399.0,7,493.0,399.0,True,0.0,False,94.0,observed,180,established,False,False,False,False,False
2026-03-25,SKU-1000,Snacks,107.0,0,292.0,7,399.0,292.0,True,0.0,False,107.0,observed,180,established,False,False,False,False,False
2026-03-26,SKU-1000,Snacks,96.0,1114,1310.0,7,292.0,1310.0,True,0.0,False,96.0,observed,180,established,False,False,False,False,False
2026-03-27,SKU-1000,Snacks,134.0,0,1176.0,7,1310.0,1176.0,True,0.0,False,134.0,observed,180,established,False,False,False,False,False
2026-03-28,SKU-1000,Snacks,182.0,0,994.0,7,1176.0,994.0,True,0.0,False,182.0,observed,180,established,False,False,False,False,False
2026-03-29,SKU-1000,Snacks,105.0,0,889.0,7,994.0,889.0,True,0.0,False,105.0,observed,180,established,False,False,False,False,False
2026-03-30,SKU-1000,Snacks,117.0,0,772.0,7,889.0,772.0,True,0.0,False,117.0,observed,180,established,False,False,False,False,False
2026-03-31,SKU-1000,Snacks,139.0,0,633.0,7,772.0,633.0,True,0.0,False,139.0,observed,180,established,False,False,False,False,False
2026-04-01,SKU-1000,Snacks,128.0,0,505.0,7,633.0,505.0,True,0.0,False,128.0,observed,180,established,False,False,False,False,False
2026-04-02,SKU-1000,Snacks,124.0,898,1279.0,7,505.0,1279.0,True,0.0,False,124.0,observed,180,established,False,False,False,False,False
2026-04-03,SKU-1000,Snacks,108.0,0,1171.0,7,1279.0,1171.0,True,0.0,False,108.0,observed,180,established,False,False,False,False,False
2026-04-04,SKU-1000,Snacks,91.0,0,1080.0,7,1171.0,1080.0,True,0.0,False,91.0,observed,180,established,False,False,False,False,False
2026-04-05,SKU-1000,Snacks,72.0,0,,7,1080.0,1008.0,False,,False,72.0,observed,180,established,False,True,False,False,False
2026-04-06,SKU-1000,Snacks,86.0,0,922.0,7,,,False,,False,86.0,observed,180,established,False,False,False,False,False
2026-04-07,SKU-1000,Snacks,111.0,0,811.0,7,922.0,,False,,False,,stock_balance_reconstructed,180,established,False,False,False,False,False
2026-04-08,SKU-1000,Snacks,100.0,0,711.0,7,811.0,711.0,True,0.0,False,100.0,observed,180,established,False,False,False,False,False
2026-04-09,SKU-1000,Snacks,155.0,0,556.0,7,711.0,556.0,True,0.0,False,155.0,observed,180,established,False,False,False,False,False
2026-04-10,SKU-1000,Snacks,119.0,1012,1449.0,7,556.0,1449.0,True,0.0,False,119.0,observed,180,established,False,False,False,False,False
2026-04-11,SKU-1000,Snacks,80.0,0,1369.0,7,1449.0,1369.0,True,0.0,False,80.0,observed,180,established,False,False,False,False,False
2026-04-12,SKU-1000,Snacks,123.0,0,1246.0,7,1369.0,1246.0,True,0.0,False,123.0,observed,180,established,False,False,False,False,False
2026-04-13,SKU-1000,Snacks,92.0,0,1154.0,7,1246.0,1154.0,True,0.0,False,92.0,observed,180,established,False,False,False,False,False
2026-04-14,SKU-1000,Snacks,105.0,0,1049.0,7,1154.0,1049.0,True,0.0,False,105.0,observed,180,established,False,False,False,False,False
2026-04-15,SKU-1000,Snacks,117.0,0,932.0,7,1049.0,932.0,True,0.0,False,117.0,observed,180,established,False,False,False,False,False
2026-04-16,SKU-1000,Snacks,118.0,0,814.0,7,932.0,814.0,True,0.0,False,118.0,observed,180,established,False,False,False,False,False
2026-04-17,SKU-1000,Snacks,135.0,0,679.0,7,814.0,679.0,True,0.0,False,135.0,observed,180,established,False,False,False,False,False
2026-04-18,SKU-1000,Snacks,156.0,0,523.0,7,679.0,523.0,True,0.0,False,156.0,observed,180,established,False,False,False,False,False
2026-04-19,SKU-1000,Snacks,149.0,0,374.0,7,523.0,374.0,True,0.0,False,149.0,observed,180,established,False,False,False,False,False
2026-04-20,SKU-1000,Snacks,119.0,0,255.0,7,374.0,255.0,True,0.0,False,119.0,observed,180,established,False,False,False,False,False
2026-04-21,SKU-1000,Snacks,99.0,0,156.0,7,255.0,156.0,True,0.0,False,99.0,observed,180,established,False,False,False,False,False
2026-04-22,SKU-1000,Snacks,76.0,0,80.0,7,156.0,80.0,True,0.0,False,76.0,observed,180,established,False,False,False,False,False
2026-04-23,SKU-1000,Snacks,102.0,0,0.0,7,80.0,-22.0,False,-22.0,True,102.0,observed,180,established,False,False,False,True,False
2026-04-24,SKU-1000,Snacks,117.0,0,0.0,7,0.0,-117.0,False,-117.0,True,117.0,observed,180,established,False,False,False,True,False
2026-04-25,SKU-1000,Snacks,76.0,909,833.0,7,0.0,833.0,True,0.0,False,76.0,observed,180,established,False,False,False,False,False
2026-04-26,SKU-1000,Snacks,124.0,0,709.0,7,833.0,709.0,True,0.0,False,124.0,observed,180,established,False,False,False,False,False
2026-04-27,SKU-1000,Snacks,125.0,907,1491.0,7,709.0,1491.0,True,0.0,False,125.0,observed,180,established,False,False,False,False,False
2026-04-28,SKU-1000,Snacks,128.0,0,1363.0,7,1491.0,1363.0,True,0.0,False,128.0,observed,180,established,False,False,False,False,False
2026-04-29,SKU-1000,Snacks,42.0,0,1321.0,7,1363.0,1321.0,True,0.0,False,42.0,observed,180,established,False,False,False,False,False
2026-04-30,SKU-1000,Snacks,142.0,0,1179.0,7,1321.0,1179.0,True,0.0,False,142.0,observed,180,established,False,False,False,False,False
2026-05-01,SKU-1000,Snacks,101.0,0,1078.0,7,1179.0,1078.0,True,0.0,False,101.0,observed,180,established,False,False,False,False,False
2026-05-02,SKU-1000,Snacks,109.0,0,969.0,7,1078.0,969.0,True,0.0,False,109.0,observed,180,established,False,False,False,False,False
2026-05-03,SKU-1000,Snacks,80.0,0,889.0,7,969.0,889.0,True,0.0,False,80.0,observed,180,established,False,False,False,False,False
2026-05-04,SKU-1000,Snacks,149.0,0,740.0,7,889.0,740.0,True,0.0,False,149.0,observed,180,established,False,False,False,False,False
2026-05-05,SKU-1000,Snacks,89.0,0,651.0,7,740.0,651.0,True,0.0,False,89.0,observed,180,established,False,False,False,False,False
2026-05-06,SKU-1000,Snacks,108.0,892,1435.0,7,651.0,1435.0,True,0.0,False,108.0,observed,180,established,False,False,False,False,False
2026-05-07,SKU-1000,Snacks,102.0,0,1333.0,7,1435.0,1333.0,True,0.0,False,102.0,observed,180,established,False,False,False,False,False
2026-05-08,SKU-1000,Snacks,62.0,0,1271.0,7,1333.0,1271.0,True,0.0,False,62.0,observed,180,established,False,False,False,False,False
2026-05-09,SKU-1000,Snacks,86.0,0,1185.0,7,1271.0,1185.0,True,0.0,False,86.0,observed,180,established,False,False,False,False,False
2026-05-10,SKU-1000,Snacks,93.0,0,1092.0,7,1185.0,1092.0,True,0.0,False,93.0,observed,180,established,False,False,False,False,False
2026-05-11,SKU-1000,Snacks,112.0,0,980.0,7,1092.0,980.0,True,0.0,False,112.0,observed,180,established,False,False,False,False,False
2026-05-12,SKU-1000,Snacks,142.0,0,838.0,7,980.0,838.0,True,0.0,False,142.0,observed,180,established,False,False,False,False,False
2026-05-13,SKU-1000,Snacks,97.0,0,741.0,7,838.0,741.0,True,0.0,False,97.0,observed,180,established,False,False,False,False,False
2026-05-14,SKU-1000,Snacks,150.0,761,1352.0,7,741.0,1352.0,True,0.0,False,150.0,observed,180,established,False,False,False,False,False
2026-05-15,SKU-1000,Snacks,111.0,0,1241.0,7,1352.0,1241.0,True,0.0,False,111.0,observed,180,established,False,False,False,False,False
2026-05-16,SKU-1000,Snacks,90.0,0,1151.0,7,1241.0,1151.0,True,0.0,False,90.0,observed,180,established,False,False,False,False,False
2026-05-17,SKU-1000,Snacks,127.0,0,1024.0,7,1151.0,1024.0,True,0.0,False,127.0,observed,180,established,False,False,False,False,False
2026-05-18,SKU-1000,Snacks,130.0,0,894.0,7,1024.0,894.0,True,0.0,False,130.0,observed,180,established,False,False,False,False,False
2026-05-19,SKU-1000,Snacks,89.0,0,805.0,7,894.0,805.0,True,0.0,False,89.0,observed,180,established,False,False,False,False,False
2026-05-20,SKU-1000,Snacks,96.0,0,709.0,7,805.0,709.0,True,0.0,False,96.0,observed,180,established,False,False,False,False,False
2026-05-21,SKU-1000,Snacks,111.0,0,598.0,7,709.0,598.0,True,0.0,False,111.0,observed,180,established,False,False,False,False,False
2026-05-22,SKU-1000,Snacks,94.0,1055,1559.0,7,598.0,1559.0,True,0.0,False,94.0,observed,180,established,False,False,False,False,False
2026-05-23,SKU-1000,Snacks,88.0,0,1471.0,7,1559.0,1471.0,True,0.0,False,88.0,observed,180,established,False,False,False,False,False
2026-05-24,SKU-1000,Snacks,168.0,0,1303.0,7,1471.0,1303.0,True,0.0,False,168.0,observed,180,established,False,False,False,False,False
2026-05-25,SKU-1000,Snacks,115.0,0,1188.0,7,1303.0,1188.0,True,0.0,False,115.0,observed,180,established,False,False,False,False,False
2026-05-26,SKU-1000,Snacks,136.0,0,1052.0,7,1188.0,1052.0,True,0.0,False,136.0,observed,180,established,False,False,False,False,False
2026-05-27,SKU-1000,Snacks,122.0,0,930.0,7,1052.0,930.0,True,0.0,False,122.0,observed,180,established,False,False,False,False,False
2026-05-28,SKU-1000,Snacks,99.0,0,831.0,7,930.0,831.0,True,0.0,False,99.0,observed,180,established,False,False,False,False,False
2026-05-29,SKU-1000,Snacks,155.0,0,676.0,7,831.0,676.0,True,0.0,False,155.0,observed,180,established,False,False,False,False,False
2026-05-30,SKU-1000,Snacks,108.0,773,1341.0,7,676.0,1341.0,True,0.0,False,108.0,observed,180,established,False,False,False,False,False
2026-05-31,SKU-1000,Snacks,65.0,0,1276.0,7,1341.0,1276.0,True,0.0,False,65.0,observed,180,established,False,False,False,False,False
2026-06-01,SKU-1000,Snacks,141.0,0,1135.0,7,1276.0,1135.0,True,0.0,False,141.0,observed,180,established,False,False,False,False,False
2026-06-02,SKU-1000,Snacks,179.0,0,956.0,7,1135.0,956.0,True,0.0,False,179.0,observed,180,established,False,False,False,False,False
2026-06-03,SKU-1000,Snacks,84.0,0,872.0,7,956.0,872.0,True,0.0,False,84.0,observed,180,established,False,False,False,False,False
2026-06-04,SKU-1000,Snacks,139.0,0,733.0,7,872.0,733.0,True,0.0,False,139.0,observed,180,established,False,False,False,False,False
2026-06-05,SKU-1000,Snacks,99.0,0,634.0,7,733.0,,False,,False,,stock_balance_reconstructed,180,established,False,False,False,False,False
2026-06-06,SKU-1000,Snacks,70.0,0,564.0,7,634.0,564.0,True,0.0,False,70.0,observed,180,established,False,False,False,False,False
2026-06-07,SKU-1000,Snacks,70.0,880,1374.0,7,564.0,1374.0,True,0.0,False,70.0,observed,180,established,False,False,False,False,False
2026-06-08,SKU-1000,Snacks,92.0,0,1282.0,7,1374.0,1282.0,True,0.0,False,92.0,observed,180,established,False,False,False,False,False
2026-06-09,SKU-1000,Snacks,106.0,0,1176.0,7,1282.0,1176.0,True,0.0,False,106.0,observed,180,established,False,False,False,False,False
2026-06-10,SKU-1000,Snacks,120.0,0,1056.0,7,1176.0,1056.0,True,0.0,False,120.0,observed,180,established,False,False,False,False,False
2026-06-11,SKU-1000,Snacks,112.0,0,944.0,7,1056.0,944.0,True,0.0,False,112.0,observed,180,established,False,False,False,False,False
2026-06-12,SKU-1000,Snacks,152.0,0,792.0,7,944.0,792.0,True,0.0,False,152.0,observed,180,established,False,False,False,False,False
2026-06-13,SKU-1000,Snacks,109.0,0,683.0,7,792.0,683.0,True,0.0,False,109.0,observed,180,established,False,False,False,False,False
2026-06-14,SKU-1000,Snacks,115.0,0,568.0,7,683.0,568.0,True,0.0,False,115.0,observed,180,established,False,False,False,False,False
2026-06-15,SKU-1000,Snacks,126.0,0,442.0,7,568.0,442.0,True,0.0,False,126.0,observed,180,established,False,False,False,False,False
2026-06-16,SKU-1000,Snacks,121.0,0,321.0,7,442.0,321.0,True,0.0,False,121.0,observed,180,established,False,False,False,False,False
2026-06-17,SKU-1000,Snacks,78.0,0,243.0,7,321.0,243.0,True,0.0,False,78.0,observed,180,established,False,False,False,False,False
2026-06-18,SKU-1000,Snacks,148.0,0,95.0,7,243.0,95.0,True,0.0,False,148.0,observed,180,established,False,False,False,False,False
2026-06-19,SKU-1000,Snacks,72.0,0,23.0,7,95.0,23.0,True,0.0,False,72.0,observed,180,established,False,False,False,False,False
2026-06-20,SKU-1000,Snacks,64.0,944,903.0,7,23.0,903.0,True,0.0,False,64.0,observed,180,established,False,False,False,False,False
2026-06-21,SKU-1000,Snacks,74.0,0,829.0,7,903.0,829.0,True,0.0,False,74.0,observed,180,established,False,False,False,False,False
2026-06-22,SKU-1000,Snacks,103.0,0,726.0,7,829.0,726.0,True,0.0,False,103.0,observed,180,established,False,False,False,False,False
2026-06-23,SKU-1000,Snacks,50.0,0,676.0,7,726.0,676.0,True,0.0,False,50.0,observed,180,established,False,False,False,False,False
2026-06-24,SKU-1000,Snacks,59.0,0,617.0,7,676.0,617.0,True,0.0,False,59.0,observed,180,established,False,False,False,False,False
2026-06-25,SKU-1000,Snacks,136.0,0,,7,617.0,481.0,False,,False,136.0,observed,180,established,False,True,False,False,False
2026-06-26,SKU-1000,Snacks,60.0,0,421.0,7,,,False,,False,60.0,observed,180,established,False,False,False,False,False
2026-06-27,SKU-1000,Snacks,168.0,0,253.0,7,421.0,253.0,True,0.0,False,168.0,observed,180,established,False,False,False,False,False
2026-06-28,SKU-1000,Snacks,151.0,0,102.0,7,253.0,102.0,True,0.0,False,151.0,observed,180,established,False,False,False,False,False
2026-06-29,SKU-1000,Snacks,116.0,0,0.0,7,102.0,-14.0,False,-14.0,True,116.0,observed,180,established,False,False,False,True,False
2026-01-01,SKU-1001,Beverages,,0,3108.0,5,,,False,,False,,observed,180,established,False,False,False,False,False
2026-01-02,SKU-1001,Beverages,453.0,0,2655.0,5,3108.0,2655.0,True,0.0,False,453.0,observed,180,established,False,False,False,False,False
2026-01-03,SKU-1001,Beverages,340.0,0,2315.0,5,2655.0,2315.0,True,0.0,False,340.0,observed,180,established,False,False,False,False,False
2026-01-04,SKU-1001,Beverages,373.0,0,1942.0,5,2315.0,1942.0,True,0.0,False,373.0,observed,180,established,False,False,False,False,False
2026-01-05,SKU-1001,Beverages,445.0,0,1497.0,5,1942.0,1497.0,True,0.0,False,445.0,observed,180,established,False,False,False,False,False
2026-01-06,SKU-1001,Beverages,468.0,3067,4096.0,5,1497.0,4096.0,True,0.0,False,468.0,observed,180,established,False,False,False,False,False
2026-01-07,SKU-1001,Beverages,450.0,0,3646.0,5,4096.0,3646.0,True,0.0,False,450.0,observed,180,established,False,False,False,False,False
2026-01-08,SKU-1001,Beverages,435.0,0,3211.0,5,3646.0,3211.0,True,0.0,False,435.0,observed,180,established,False,False,False,False,False
2026-01-09,SKU-1001,Beverages,457.0,0,2754.0,5,3211.0,2754.0,True,0.0,False,457.0,observed,180,established,False,False,False,False,False
2026-01-10,SKU-1001,Beverages,393.0,0,2361.0,5,2754.0,2361.0,True,0.0,False,393.0,observed,180,established,False,False,False,False,False
2026-01-11,SKU-1001,Beverages,342.0,0,2019.0,5,2361.0,2019.0,True,0.0,False,342.0,observed,180,established,False,False,False,False,False
2026-01-12,SKU-1001,Beverages,424.0,0,1595.0,5,2019.0,1595.0,True,0.0,False,424.0,observed,180,established,False,False,False,False,False
2026-01-13,SKU-1001,Beverages,502.0,0,1093.0,5,1595.0,1093.0,True,0.0,False,502.0,observed,180,established,False,False,False,False,False
2026-01-14,SKU-1001,Beverages,475.0,3066,3684.0,5,1093.0,3684.0,True,0.0,False,475.0,observed,180,established,False,False,False,False,False
2026-01-15,SKU-1001,Beverages,479.0,0,3205.0,5,3684.0,3205.0,True,0.0,False,479.0,observed,180,established,False,False,False,False,False
2026-01-16,SKU-1001,Beverages,511.0,0,2694.0,5,3205.0,2694.0,True,0.0,False,511.0,observed,180,established,False,False,False,False,False
2026-01-17,SKU-1001,Beverages,436.0,0,2258.0,5,2694.0,2258.0,True,0.0,False,436.0,observed,180,established,False,False,False,False,False
2026-01-18,SKU-1001,Beverages,379.0,0,1879.0,5,2258.0,1879.0,True,0.0,False,379.0,observed,180,established,False,False,False,False,False
2026-01-19,SKU-1001,Beverages,479.0,2631,4031.0,5,1879.0,4031.0,True,0.0,False,479.0,observed,180,established,False,False,False,False,False
2026-01-20,SKU-1001,Beverages,443.0,0,3588.0,5,4031.0,3588.0,True,0.0,False,443.0,observed,180,established,False,False,False,False,False
2026-01-21,SKU-1001,Beverages,503.0,0,3085.0,5,3588.0,3085.0,True,0.0,False,503.0,observed,180,established,False,False,False,False,False
2026-01-22,SKU-1001,Beverages,414.0,0,2671.0,5,3085.0,2671.0,True,0.0,False,414.0,observed,180,established,False,False,False,False,False
2026-01-23,SKU-1001,Beverages,393.0,0,2278.0,5,2671.0,2278.0,True,0.0,False,393.0,observed,180,established,False,False,False,False,False
2026-01-24,SKU-1001,Beverages,359.0,0,1919.0,5,2278.0,1919.0,True,0.0,False,359.0,observed,180,established,False,False,False,False,False
2026-01-25,SKU-1001,Beverages,436.0,0,1483.0,5,1919.0,1483.0,True,0.0,False,436.0,observed,180,established,False,False,False,False,False
2026-01-26,SKU-1001,Beverages,435.0,0,1048.0,5,1483.0,1048.0,True,0.0,False,435.0,observed,180,established,False,False,False,False,False
2026-01-27,SKU-1001,Beverages,468.0,0,580.0,5,1048.0,580.0,True,0.0,False,468.0,observed,180,established,False,False,False,False,False
2026-01-28,SKU-1001,Beverages,501.0,0,79.0,5,580.0,79.0,True,0.0,False,501.0,observed,180,established,False,False,False,False,False
2026-01-29,SKU-1001,Beverages,518.0,0,0.0,5,79.0,-439.0,False,-439.0,True,518.0,observed,180,established,False,False,False,True,False
2026-01-30,SKU-1001,Beverages,403.0,0,0.0,5,0.0,-403.0,False,-403.0,True,403.0,observed,180,established,False,False,False,True,False
2026-01-31,SKU-1001,Beverages,407.0,2562,2155.0,5,0.0,2155.0,True,0.0,False,407.0,observed,180,established,False,False,False,False,False
2026-02-01,SKU-1001,Beverages,135.0,0,2020.0,5,2155.0,2020.0,True,0.0,False,135.0,observed,180,established,False,False,False,False,False
2026-02-02,SKU-1001,Beverages,471.0,0,1549.0,5,2020.0,1549.0,True,0.0,False,471.0,observed,180,established,False,False,False,False,False
2026-02-03,SKU-1001,Beverages,366.0,2691,3874.0,5,1549.0,3874.0,True,0.0,False,366.0,observed,180,established,False,False,False,False,False
2026-02-04,SKU-1001,Beverages,460.0,0,3414.0,5,3874.0,3414.0,True,0.0,False,460.0,observed,180,established,False,False,False,False,False
2026-02-05,SKU-1001,Beverages,441.0,0,2973.0,5,3414.0,2973.0,True,0.0,False,441.0,observed,180,established,False,False,False,False,False
2026-02-06,SKU-1001,Beverages,1068.0,0,1905.0,5,2973.0,1905.0,True,0.0,False,1068.0,observed,180,established,False,False,False,False,False
2026-02-07,SKU-1001,Beverages,446.0,0,1459.0,5,1905.0,1459.0,True,0.0,False,446.0,observed,180,established,False,False,False,False,False
2026-02-08,SKU-1001,Beverages,507.0,3180,4132.0,5,1459.0,4132.0,True,0.0,False,507.0,observed,180,established,False,False,False,False,False
2026-02-09,SKU-1001,Beverages,439.0,0,3693.0,5,4132.0,3693.0,True,0.0,False,439.0,observed,180,established,False,False,False,False,False
2026-02-10,SKU-1001,Beverages,462.0,0,3231.0,5,3693.0,3231.0,True,0.0,False,462.0,observed,180,established,False,False,False,False,False
2026-02-11,SKU-1001,Beverages,447.0,0,2784.0,5,3231.0,2784.0,True,0.0,False,447.0,observed,180,established,False,False,False,False,False
2026-02-12,SKU-1001,Beverages,343.0,0,2441.0,5,2784.0,2441.0,True,0.0,False,343.0,observed,180,established,False,False,False,False,False
2026-02-13,SKU-1001,Beverages,464.0,0,1977.0,5,2441.0,1977.0,True,0.0,False,464.0,observed,180,established,False,False,False,False,False
2026-02-14,SKU-1001,Beverages,352.0,2366,3991.0,5,1977.0,3991.0,True,0.0,False,352.0,observed,180,established,False,False,False,False,False
2026-02-15,SKU-1001,Beverages,382.0,0,3609.0,5,3991.0,3609.0,True,0.0,False,382.0,observed,180,established,False,False,False,False,False
2026-02-16,SKU-1001,Beverages,745.0,0,2864.0,5,3609.0,2864.0,True,0.0,False,745.0,observed,180,established,False,False,False,False,False
2026-02-17,SKU-1001,Beverages,416.0,0,2448.0,5,2864.0,2448.0,True,0.0,False,416.0,observed,180,established,False,False,False,False,False
2026-02-18,SKU-1001,Beverages,455.0,0,1993.0,5,2448.0,1993.0,True,0.0,False,455.0,observed,180,established,False,False,False,False,False
2026-02-19,SKU-1001,Beverages,442.0,0,1551.0,5,1993.0,1551.0,True,0.0,False,442.0,observed,180,established,False,False,False,False,False
2026-02-20,SKU-1001,Beverages,381.0,2288,3458.0,5,1551.0,3458.0,True,0.0,False,381.0,observed,180,established,False,False,False,False,False
2026-02-21,SKU-1001,Beverages,426.0,0,3032.0,5,3458.0,3032.0,True,0.0,False,426.0,observed,180,established,False,False,False,False,False
2026-02-22,SKU-1001,Beverages,422.0,0,2610.0,5,3032.0,2610.0,True,0.0,False,422.0,observed,180,established,False,False,False,False,False
2026-02-23,SKU-1001,Beverages,387.0,0,2223.0,5,2610.0,2223.0,True,0.0,False,387.0,observed,180,established,False,False,False,False,False
2026-02-24,SKU-1001,Beverages,433.0,0,1790.0,5,2223.0,1790.0,True,0.0,False,433.0,observed,180,established,False,False,False,False,False
2026-02-25,SKU-1001,Beverages,409.0,0,1381.0,5,1790.0,1381.0,True,0.0,False,409.0,observed,180,established,False,False,False,False,False
2026-02-26,SKU-1001,Beverages,379.0,3148,4150.0,5,1381.0,4150.0,True,0.0,False,379.0,observed,180,established,False,False,False,False,False
2026-02-27,SKU-1001,Beverages,401.0,0,3749.0,5,4150.0,3749.0,True,0.0,False,401.0,observed,180,established,False,False,False,False,False
2026-02-28,SKU-1001,Beverages,391.0,0,3358.0,5,3749.0,3358.0,True,0.0,False,391.0,observed,180,established,False,False,False,False,False
2026-03-01,SKU-1001,Beverages,460.0,0,2898.0,5,3358.0,2898.0,True,0.0,False,460.0,observed,180,established,False,False,False,False,False
2026-03-02,SKU-1001,Beverages,412.0,0,2486.0,5,2898.0,2486.0,True,0.0,False,412.0,observed,180,established,False,False,False,False,False
2026-03-03,SKU-1001,Beverages,445.0,0,2041.0,5,2486.0,2041.0,True,0.0,False,445.0,observed,180,established,False,False,False,False,False
2026-03-04,SKU-1001,Beverages,399.0,0,1642.0,5,2041.0,1642.0,True,0.0,False,399.0,observed,180,established,False,False,False,False,False
2026-03-05,SKU-1001,Beverages,114.0,0,1528.0,5,1642.0,1528.0,True,0.0,False,114.0,observed,180,established,False,False,False,False,False
2026-03-06,SKU-1001,Beverages,431.0,3198,4295.0,5,1528.0,,False,,False,,stock_balance_reconstructed,180,established,False,False,False,False,False
2026-03-07,SKU-1001,Beverages,439.0,0,3856.0,5,4295.0,3856.0,True,0.0,False,439.0,observed,180,established,False,False,False,False,False
2026-03-08,SKU-1001,Beverages,387.0,0,3469.0,5,3856.0,3469.0,True,0.0,False,387.0,observed,180,established,False,False,False,False,False
2026-03-09,SKU-1001,Beverages,437.0,0,3032.0,5,3469.0,3032.0,True,0.0,False,437.0,observed,180,established,False,False,False,False,False
2026-03-10,SKU-1001,Beverages,437.0,0,2595.0,5,3032.0,2595.0,True,0.0,False,437.0,observed,180,established,False,False,False,False,False
2026-03-11,SKU-1001,Beverages,409.0,0,2186.0,5,2595.0,2186.0,True,0.0,False,409.0,observed,180,established,False,False,False,False,False
2026-03-12,SKU-1001,Beverages,412.0,0,1774.0,5,2186.0,1774.0,True,0.0,False,412.0,observed,180,established,False,False,False,False,False
2026-03-13,SKU-1001,Beverages,522.0,2482,3734.0,5,1774.0,3734.0,True,0.0,False,522.0,observed,180,established,False,False,False,False,False
2026-03-14,SKU-1001,Beverages,382.0,0,3352.0,5,3734.0,3352.0,True,0.0,False,382.0,observed,180,established,False,False,False,False,False
2026-03-15,SKU-1001,Beverages,414.0,0,2938.0,5,3352.0,2938.0,True,0.0,False,414.0,observed,180,established,False,False,False,False,False
2026-03-16,SKU-1001,Beverages,434.0,0,2504.0,5,2938.0,2504.0,True,0.0,False,434.0,observed,180,established,False,False,False,False,False
2026-03-17,SKU-1001,Beverages,536.0,0,1968.0,5,2504.0,1968.0,True,0.0,False,536.0,observed,180,established,False,False,False,False,False
2026-03-18,SKU-1001,Beverages,495.0,0,1473.0,5,1968.0,1473.0,True,0.0,False,495.0,observed,180,established,False,False,False,False,False
2026-03-19,SKU-1001,Beverages,490.0,3237,4220.0,5,1473.0,4220.0,True,0.0,False,490.0,observed,180,established,False,False,False,False,False
2026-03-20,SKU-1001,Beverages,371.0,0,3849.0,5,4220.0,3849.0,True,0.0,False,371.0,observed,180,established,False,False,False,False,False
2026-03-21,SKU-1001,Beverages,395.0,0,3454.0,5,3849.0,3454.0,True,0.0,False,395.0,observed,180,established,False,False,False,False,False
2026-03-22,SKU-1001,Beverages,457.0,0,2997.0,5,3454.0,2997.0,True,0.0,False,457.0,observed,180,established,False,False,False,False,False
2026-03-23,SKU-1001,Beverages,478.0,0,2519.0,5,2997.0,2519.0,True,0.0,False,478.0,observed,180,established,False,False,False,False,False
2026-03-24,SKU-1001,Beverages,496.0,0,2023.0,5,2519.0,2023.0,True,0.0,False,496.0,observed,180,established,False,False,False,False,False
2026-03-25,SKU-1001,Beverages,474.0,0,1549.0,5,2023.0,1549.0,True,0.0,False,474.0,observed,180,established,False,False,False,False,False
2026-03-26,SKU-1001,Beverages,448.0,0,1101.0,5,1549.0,1101.0,True,0.0,False,448.0,observed,180,established,False,False,False,False,False
2026-03-27,SKU-1001,Beverages,447.0,0,654.0,5,1101.0,654.0,True,0.0,False,447.0,observed,180,established,False,False,False,False,False
2026-03-28,SKU-1001,Beverages,387.0,0,267.0,5,654.0,267.0,True,0.0,False,387.0,observed,180,established,False,False,False,False,False
2026-03-29,SKU-1001,Beverages,398.0,0,0.0,5,267.0,-131.0,False,-131.0,True,398.0,observed,180,established,False,False,False,True,False
2026-03-30,SKU-1001,Beverages,492.0,0,0.0,5,0.0,-492.0,False,-492.0,True,492.0,observed,180,established,False,False,False,True,False
2026-03-31,SKU-1001,Beverages,470.0,3149,2679.0,5,0.0,2679.0,True,0.0,False,470.0,observed,180,established,False,False,False,False,False
2026-04-01,SKU-1001,Beverages,498.0,0,2181.0,5,2679.0,2181.0,True,0.0,False,498.0,observed,180,established,False,False,False,False,False
2026-04-02,SKU-1001,Beverages,452.0,0,1729.0,5,2181.0,1729.0,True,0.0,False,452.0,observed,180,established,False,False,False,False,False
2026-04-03,SKU-1001,Beverages,401.0,0,1328.0,5,1729.0,,False,,False,,stock_balance_reconstructed,180,established,False,False,False,False,False
2026-04-04,SKU-1001,Beverages,312.0,0,1016.0,5,1328.0,1016.0,True,0.0,False,312.0,observed,180,established,False,False,False,False,False
2026-04-05,SKU-1001,Beverages,376.0,2520,3160.0,5,1016.0,3160.0,True,0.0,False,376.0,observed,180,established,False,False,False,False,False
2026-04-06,SKU-1001,Beverages,466.0,0,2694.0,5,3160.0,2694.0,True,0.0,False,466.0,observed,180,established,False,False,False,False,False
2026-04-07,SKU-1001,Beverages,380.0,0,2314.0,5,2694.0,2314.0,True,0.0,False,380.0,observed,180,established,False,False,False,False,False
2026-04-08,SKU-1001,Beverages,416.0,0,1898.0,5,2314.0,1898.0,True,0.0,False,416.0,observed,180,established,False,False,False,False,False
2026-04-09,SKU-1001,Beverages,443.0,0,1455.0,5,1898.0,1455.0,True,0.0,False,443.0,observed,180,established,False,False,False,False,False
2026-04-10,SKU-1001,Beverages,389.0,0,1066.0,5,1455.0,1066.0,True,0.0,False,389.0,observed,180,established,False,False,False,False,False
2026-04-11,SKU-1001,Beverages,445.0,2436,3057.0,5,1066.0,3057.0,True,0.0,False,445.0,observed,180,established,False,False,False,False,False
2026-04-12,SKU-1001,Beverages,469.0,0,2588.0,5,3057.0,2588.0,True,0.0,False,469.0,observed,180,established,False,False,False,False,False
2026-04-13,SKU-1001,Beverages,415.0,0,2173.0,5,2588.0,2173.0,True,0.0,False,415.0,observed,180,established,False,False,False,False,False
2026-04-14,SKU-1001,Beverages,454.0,0,1719.0,5,2173.0,1719.0,True,0.0,False,454.0,observed,180,established,False,False,False,False,False
2026-04-15,SKU-1001,Beverages,451.0,3090,4358.0,5,1719.0,4358.0,True,0.0,False,451.0,observed,180,established,False,False,False,False,False
2026-04-16,SKU-1001,Beverages,401.0,0,3957.0,5,4358.0,3957.0,True,0.0,False,401.0,observed,180,established,False,False,False,False,False
2026-04-17,SKU-1001,Beverages,510.0,0,3447.0,5,3957.0,3447.0,True,0.0,False,510.0,observed,180,established,False,False,False,False,False
2026-04-18,SKU-1001,Beverages,436.0,0,3011.0,5,3447.0,3011.0,True,0.0,False,436.0,observed,180,established,False,False,False,False,False
2026-04-19,SKU-1001,Beverages,428.0,0,2583.0,5,3011.0,2583.0,True,0.0,False,428.0,observed,180,established,False,False,False,False,False
2026-04-20,SKU-1001,Beverages,477.0,0,2106.0,5,2583.0,2106.0,True,0.0,False,477.0,observed,180,established,False,False,False,False,False
2026-04-21,SKU-1001,Beverages,498.0,2944,4552.0,5,2106.0,4552.0,True,0.0,False,498.0,observed,180,established,False,False,False,False,False
2026-04-22,SKU-1001,Beverages,427.0,0,4125.0,5,4552.0,4125.0,True,0.0,False,427.0,observed,180,established,False,False,False,False,False
2026-04-23,SKU-1001,Beverages,307.0,0,3818.0,5,4125.0,3818.0,True,0.0,False,307.0,observed,180,established,False,False,False,False,False
2026-04-24,SKU-1001,Beverages,387.0,0,3431.0,5,3818.0,3431.0,True,0.0,False,387.0,observed,180,established,False,False,False,False,False
2026-04-25,SKU-1001,Beverages,342.0,0,3089.0,5,3431.0,3089.0,True,0.0,False,342.0,observed,180,established,False,False,False,False,False
2026-04-26,SKU-1001,Beverages,425.0,0,2664.0,5,3089.0,2664.0,True,0.0,False,425.0,observed,180,established,False,False,False,False,False
2026-04-27,SKU-1001,Beverages,450.0,0,2214.0,5,2664.0,2214.0,True,0.0,False,450.0,observed,180,established,False,False,False,False,False
2026-04-28,SKU-1001,Beverages,490.0,0,1724.0,5,2214.0,1724.0,True,0.0,False,490.0,observed,180,established,False,False,False,False,False
2026-04-29,SKU-1001,Beverages,439.0,3101,4386.0,5,1724.0,4386.0,True,0.0,False,439.0,observed,180,established,False,False,False,False,False
2026-04-30,SKU-1001,Beverages,468.0,0,3918.0,5,4386.0,3918.0,True,0.0,False,468.0,observed,180,established,False,False,False,False,False
2026-05-01,SKU-1001,Beverages,393.0,0,3525.0,5,3918.0,3525.0,True,0.0,False,393.0,observed,180,established,False,False,False,False,False
2026-05-02,SKU-1001,Beverages,119.0,0,3406.0,5,3525.0,3406.0,True,0.0,False,119.0,observed,180,established,False,False,False,False,False
2026-05-03,SKU-1001,Beverages,415.0,0,2991.0,5,3406.0,2991.0,True,0.0,False,415.0,observed,180,established,False,False,False,False,False
2026-05-04,SKU-1001,Beverages,436.0,0,2555.0,5,2991.0,2555.0,True,0.0,False,436.0,observed,180,established,False,False,False,False,False
2026-05-05,SKU-1001,Beverages,447.0,0,2108.0,5,2555.0,2108.0,True,0.0,False,447.0,observed,180,established,False,False,False,False,False
2026-05-06,SKU-1001,Beverages,476.0,0,1632.0,5,2108.0,1632.0,True,0.0,False,476.0,observed,180,established,False,False,False,False,False
2026-05-07,SKU-1001,Beverages,455.0,0,1177.0,5,1632.0,1177.0,True,0.0,False,455.0,observed,180,established,False,False,False,False,False
2026-05-08,SKU-1001,Beverages,435.0,0,742.0,5,1177.0,742.0,True,0.0,False,435.0,observed,180,established,False,False,False,False,False
2026-05-09,SKU-1001,Beverages,384.0,0,358.0,5,742.0,358.0,True,0.0,False,384.0,observed,180,established,False,False,False,False,False
2026-05-10,SKU-1001,Beverages,412.0,0,0.0,5,358.0,-54.0,False,-54.0,True,412.0,observed,180,established,False,False,False,True,False
2026-05-11,SKU-1001,Beverages,428.0,0,0.0,5,0.0,-428.0,False,-428.0,True,428.0,observed,180,established,False,False,False,True,False
2026-05-12,SKU-1001,Beverages,375.0,0,0.0,5,0.0,-375.0,False,-375.0,True,375.0,observed,180,established,False,False,False,True,False
2026-05-13,SKU-1001,Beverages,414.0,2285,1871.0,5,0.0,1871.0,True,0.0,False,414.0,observed,180,established,False,False,False,False,False
2026-05-14,SKU-1001,Beverages,441.0,3238,4668.0,5,1871.0,4668.0,True,0.0,False,441.0,observed,180,established,False,False,False,False,False
2026-05-15,SKU-1001,Beverages,411.0,0,4257.0,5,4668.0,4257.0,True,0.0,False,411.0,observed,180,established,False,False,False,False,False
2026-05-16,SKU-1001,Beverages,359.0,0,3898.0,5,4257.0,3898.0,True,0.0,False,359.0,observed,180,established,False,False,False,False,False
2026-05-17,SKU-1001,Beverages,441.0,0,3457.0,5,3898.0,3457.0,True,0.0,False,441.0,observed,180,established,False,False,False,False,False
2026-05-18,SKU-1001,Beverages,425.0,0,3032.0,5,3457.0,3032.0,True,0.0,False,425.0,observed,180,established,False,False,False,False,False
2026-05-19,SKU-1001,Beverages,499.0,0,2533.0,5,3032.0,2533.0,True,0.0,False,499.0,observed,180,established,False,False,False,False,False
2026-05-20,SKU-1001,Beverages,451.0,0,2082.0,5,2533.0,2082.0,True,0.0,False,451.0,observed,180,established,False,False,False,False,False
2026-05-21,SKU-1001,Beverages,477.0,0,1605.0,5,2082.0,1605.0,True,0.0,False,477.0,observed,180,established,False,False,False,False,False
2026-05-22,SKU-1001,Beverages,446.0,0,1159.0,5,1605.0,1159.0,True,0.0,False,446.0,observed,180,established,False,False,False,False,False
2026-05-23,SKU-1001,Beverages,446.0,2947,3660.0,5,1159.0,3660.0,True,0.0,False,446.0,observed,180,established,False,False,False,False,False
2026-05-24,SKU-1001,Beverages,425.0,0,3235.0,5,3660.0,3235.0,True,0.0,False,425.0,observed,180,established,False,False,False,False,False
2026-05-25,SKU-1001,Beverages,404.0,0,2831.0,5,3235.0,2831.0,True,0.0,False,404.0,observed,180,established,False,False,False,False,False
2026-05-26,SKU-1001,Beverages,459.0,0,2372.0,5,2831.0,2372.0,True,0.0,False,459.0,observed,180,established,False,False,False,False,False
2026-05-27,SKU-1001,Beverages,454.0,0,1918.0,5,2372.0,1918.0,True,0.0,False,454.0,observed,180,established,False,False,False,False,False
2026-05-28,SKU-1001,Beverages,446.0,2957,4429.0,5,1918.0,4429.0,True,0.0,False,446.0,observed,180,established,False,False,False,False,False
2026-05-29,SKU-1001,Beverages,433.0,0,3996.0,5,4429.0,3996.0,True,0.0,False,433.0,observed,180,established,False,False,False,False,False
2026-05-30,SKU-1001,Beverages,418.0,0,3578.0,5,3996.0,3578.0,True,0.0,False,418.0,observed,180,established,False,False,False,False,False
2026-05-31,SKU-1001,Beverages,496.0,0,3082.0,5,3578.0,3082.0,True,0.0,False,496.0,observed,180,established,False,False,False,False,False
2026-06-01,SKU-1001,Beverages,789.0,0,2293.0,5,3082.0,2293.0,True,0.0,False,789.0,observed,180,established,False,False,False,False,False
2026-06-02,SKU-1001,Beverages,449.0,0,,5,2293.0,1844.0,False,,False,449.0,observed,180,established,False,True,False,False,False
2026-06-03,SKU-1001,Beverages,436.0,0,1408.0,5,,,False,,False,436.0,observed,180,established,False,False,False,False,False
2026-06-04,SKU-1001,Beverages,487.0,2893,3814.0,5,1408.0,3814.0,True,0.0,False,487.0,observed,180,established,False,False,False,False,False
2026-06-05,SKU-1001,Beverages,442.0,0,3372.0,5,3814.0,3372.0,True,0.0,False,442.0,observed,180,established,False,False,False,False,False
2026-06-06,SKU-1001,Beverages,466.0,0,2906.0,5,3372.0,2906.0,True,0.0,False,466.0,observed,180,established,False,False,False,False,False
2026-06-07,SKU-1001,Beverages,420.0,0,2486.0,5,2906.0,2486.0,True,0.0,False,420.0,observed,180,established,False,False,False,False,False
2026-06-08,SKU-1001,Beverages,437.0,0,2049.0,5,2486.0,2049.0,True,0.0,False,437.0,observed,180,established,False,False,False,False,False
2026-06-09,SKU-1001,Beverages,498.0,0,1551.0,5,2049.0,1551.0,True,0.0,False,498.0,observed,180,established,False,False,False,False,False
2026-06-10,SKU-1001,Beverages,437.0,0,1114.0,5,1551.0,1114.0,True,0.0,False,437.0,observed,180,established,False,False,False,False,False
2026-06-11,SKU-1001,Beverages,427.0,0,687.0,5,1114.0,687.0,True,0.0,False,427.0,observed,180,established,False,False,False,False,False
2026-06-12,SKU-1001,Beverages,417.0,3288,3558.0,5,687.0,3558.0,True,0.0,False,417.0,observed,180,established,False,False,False,False,False
2026-06-13,SKU-1001,Beverages,478.0,0,3080.0,5,3558.0,3080.0,True,0.0,False,478.0,observed,180,established,False,False,False,False,False
2026-06-14,SKU-1001,Beverages,429.0,0,2651.0,5,3080.0,2651.0,True,0.0,False,429.0,observed,180,established,False,False,False,False,False
2026-06-15,SKU-1001,Beverages,392.0,0,2259.0,5,2651.0,2259.0,True,0.0,False,392.0,observed,180,established,False,False,False,False,False
2026-06-16,SKU-1001,Beverages,475.0,0,1784.0,5,2259.0,1784.0,True,0.0,False,475.0,observed,180,established,False,False,False,False,False
2026-06-17,SKU-1001,Beverages,492.0,0,1292.0,5,1784.0,1292.0,True,0.0,False,492.0,observed,180,established,False,False,False,False,False
2026-06-18,SKU-1001,Beverages,383.0,0,909.0,5,1292.0,909.0,True,0.0,False,383.0,observed,180,established,False,False,False,False,False
2026-06-19,SKU-1001,Beverages,494.0,2845,3260.0,5,909.0,3260.0,True,0.0,False,494.0,observed,180,established,False,False,False,False,False
2026-06-20,SKU-1001,Beverages,453.0,0,2807.0,5,3260.0,2807.0,True,0.0,False,453.0,observed,180,established,False,False,False,False,False
2026-06-21,SKU-1001,Beverages,457.0,0,2350.0,5,2807.0,2350.0,True,0.0,False,457.0,observed,180,established,False,False,False,False,False
2026-06-22,SKU-1001,Beverages,410.0,0,1940.0,5,2350.0,1940.0,True,0.0,False,410.0,observed,180,established,False,False,False,False,False
2026-06-23,SKU-1001,Beverages,430.0,3150,4660.0,5,1940.0,4660.0,True,0.0,False,430.0,observed,180,established,False,False,False,False,False
2026-06-24,SKU-1001,Beverages,497.0,0,4163.0,5,4660.0,4163.0,True,0.0,False,497.0,observed,180,established,False,False,False,False,False
2026-06-25,SKU-1001,Beverages,331.0,0,3832.0,5,4163.0,3832.0,True,0.0,False,331.0,observed,180,established,False,False,False,False,False
2026-06-26,SKU-1001,Beverages,368.0,0,3464.0,5,3832.0,3464.0,True,0.0,False,368.0,observed,180,established,False,False,False,False,False
2026-06-27,SKU-1001,Beverages,442.0,0,3022.0,5,3464.0,3022.0,True,0.0,False,442.0,observed,180,established,False,False,False,False,False
2026-06-28,SKU-1001,Beverages,409.0,0,2613.0,5,3022.0,2613.0,True,0.0,False,409.0,observed,180,established,False,False,False,False,False
2026-06-29,SKU-1001,Beverages,381.0,0,2232.0,5,2613.0,2232.0,True,0.0,False,381.0,observed,180,established,False,False,False,False,False
2026-01-01,SKU-1002,Sugar,245.0,0,1722.0,3,,,False,,False,245.0,observed,180,established,False,False,False,False,False
2026-01-02,SKU-1002,Sugar,146.0,0,1576.0,3,1722.0,1576.0,True,0.0,False,146.0,observed,180,established,False,False,False,False,False
2026-01-03,SKU-1002,Sugar,243.0,0,1333.0,3,1576.0,1333.0,True,0.0,False,243.0,observed,180,established,False,False,False,False,False
2026-01-04,SKU-1002,Sugar,269.0,0,1064.0,3,1333.0,1064.0,True,0.0,False,269.0,observed,180,established,False,False,False,False,False
2026-01-05,SKU-1002,Sugar,225.0,0,839.0,3,1064.0,839.0,True,0.0,False,225.0,observed,180,established,False,False,False,False,False
2026-01-06,SKU-1002,Sugar,222.0,0,617.0,3,839.0,617.0,True,0.0,False,222.0,observed,180,established,False,False,False,False,False
2026-01-07,SKU-1002,Sugar,302.0,0,315.0,3,617.0,315.0,True,0.0,False,302.0,observed,180,established,False,False,False,False,False
2026-01-08,SKU-1002,Sugar,466.0,0,0.0,3,315.0,-151.0,False,-151.0,True,466.0,observed,180,established,False,False,False,True,False
2026-01-09,SKU-1002,Sugar,216.0,703,487.0,3,0.0,487.0,True,0.0,False,216.0,observed,180,established,False,False,False,False,False
2026-01-10,SKU-1002,Sugar,153.0,0,334.0,3,487.0,334.0,True,0.0,False,153.0,observed,180,established,False,False,False,False,False
2026-01-11,SKU-1002,Sugar,193.0,977,1118.0,3,334.0,1118.0,True,0.0,False,193.0,observed,180,established,False,False,False,False,False
2026-01-12,SKU-1002,Sugar,209.0,0,909.0,3,1118.0,909.0,True,0.0,False,209.0,observed,180,established,False,False,False,False,False
2026-01-13,SKU-1002,Sugar,416.0,0,493.0,3,909.0,493.0,True,0.0,False,416.0,observed,180,established,False,False,False,False,False
2026-01-14,SKU-1002,Sugar,252.0,922,1163.0,3,493.0,1163.0,True,0.0,False,252.0,observed,180,established,False,False,False,False,False
2026-01-15,SKU-1002,Sugar,239.0,0,924.0,3,1163.0,924.0,True,0.0,False,239.0,observed,180,established,False,False,False,False,False
2026-01-16,SKU-1002,Sugar,237.0,0,687.0,3,924.0,687.0,True,0.0,False,237.0,observed,180,established,False,False,False,False,False
2026-01-17,SKU-1002,Sugar,174.0,0,513.0,3,687.0,513.0,True,0.0,False,174.0,observed,180,established,False,False,False,False,False
2026-01-18,SKU-1002,Sugar,194.0,755,1074.0,3,513.0,1074.0,True,0.0,False,194.0,observed,180,established,False,False,False,False,False
2026-01-19,SKU-1002,Sugar,234.0,0,840.0,3,1074.0,840.0,True,0.0,False,234.0,observed,180,established,False,False,False,False,False
2026-01-20,SKU-1002,Sugar,216.0,0,624.0,3,840.0,624.0,True,0.0,False,216.0,observed,180,established,False,False,False,False,False
2026-01-21,SKU-1002,Sugar,234.0,874,1264.0,3,624.0,1264.0,True,0.0,False,234.0,observed,180,established,False,False,False,False,False
2026-01-22,SKU-1002,Sugar,260.0,0,1004.0,3,1264.0,1004.0,True,0.0,False,260.0,observed,180,established,False,False,False,False,False
2026-01-23,SKU-1002,Sugar,252.0,0,752.0,3,1004.0,752.0,True,0.0,False,252.0,observed,180,established,False,False,False,False,False
2026-01-24,SKU-1002,Sugar,262.0,0,490.0,3,752.0,490.0,True,0.0,False,262.0,observed,180,established,False,False,False,False,False
2026-01-25,SKU-1002,Sugar,199.0,0,291.0,3,490.0,291.0,True,0.0,False,199.0,observed,180,established,False,False,False,False,False
2026-01-26,SKU-1002,Sugar,225.0,0,66.0,3,291.0,66.0,True,0.0,False,225.0,observed,180,established,False,False,False,False,False
2026-01-27,SKU-1002,Sugar,188.0,0,0.0,3,66.0,-122.0,False,-122.0,True,188.0,observed,180,established,False,False,False,True,False
2026-01-28,SKU-1002,Sugar,255.0,0,0.0,3,0.0,-255.0,False,-255.0,True,255.0,observed,180,established,False,False,False,True,False
2026-01-29,SKU-1002,Sugar,228.0,0,0.0,3,0.0,-228.0,False,-228.0,True,228.0,observed,180,established,False,False,False,True,False
2026-01-30,SKU-1002,Sugar,257.0,818,561.0,3,0.0,,False,,False,,stock_balance_reconstructed,180,established,False,False,False,False,False
2026-01-31,SKU-1002,Sugar,192.0,0,369.0,3,561.0,369.0,True,0.0,False,192.0,observed,180,established,False,False,False,False,False
2026-02-01,SKU-1002,Sugar,198.0,0,171.0,3,369.0,171.0,True,0.0,False,198.0,observed,180,established,False,False,False,False,False
2026-02-02,SKU-1002,Sugar,237.0,0,0.0,3,171.0,-66.0,False,-66.0,True,237.0,observed,180,established,False,False,False,True,False
2026-02-03,SKU-1002,Sugar,230.0,0,0.0,3,0.0,-230.0,False,-230.0,True,230.0,observed,180,established,False,False,False,True,False
2026-02-04,SKU-1002,Sugar,232.0,962,730.0,3,0.0,730.0,True,0.0,False,232.0,observed,180,established,False,False,False,False,False
2026-02-05,SKU-1002,Sugar,257.0,0,473.0,3,730.0,473.0,True,0.0,False,257.0,observed,180,established,False,False,False,False,False
2026-02-06,SKU-1002,Sugar,205.0,870,1138.0,3,473.0,1138.0,True,0.0,False,205.0,observed,180,established,False,False,False,False,False
2026-02-07,SKU-1002,Sugar,241.0,0,897.0,3,1138.0,897.0,True,0.0,False,241.0,observed,180,established,False,False,False,False,False
2026-02-08,SKU-1002,Sugar,229.0,0,668.0,3,897.0,668.0,True,0.0,False,229.0,observed,180,established,False,False,False,False,False
2026-02-09,SKU-1002,Sugar,268.0,0,400.0,3,668.0,400.0,True,0.0,False,268.0,observed,180,established,False,False,False,False,False
2026-02-10,SKU-1002,Sugar,219.0,0,181.0,3,400.0,181.0,True,0.0,False,219.0,observed,180,established,False,False,False,False,False
2026-02-11,SKU-1002,Sugar,216.0,799,764.0,3,181.0,764.0,True,0.0,False,216.0,observed,180,established,False,False,False,False,False
2026-02-12,SKU-1002,Sugar,226.0,0,538.0,3,764.0,538.0,True,0.0,False,226.0,observed,180,established,False,False,False,False,False
2026-02-13,SKU-1002,Sugar,203.0,0,335.0,3,538.0,335.0,True,0.0,False,203.0,observed,180,established,False,False,False,False,False
2026-02-14,SKU-1002,Sugar,188.0,0,147.0,3,335.0,147.0,True,0.0,False,188.0,observed,180,established,False,False,False,False,False
2026-02-15,SKU-1002,Sugar,194.0,857,810.0,3,147.0,810.0,True,0.0,False,194.0,observed,180,established,False,False,False,False,False
2026-02-16,SKU-1002,Sugar,212.0,0,598.0,3,810.0,598.0,True,0.0,False,212.0,observed,180,established,False,False,False,False,False
2026-02-17,SKU-1002,Sugar,585.0,0,13.0,3,598.0,13.0,True,0.0,False,585.0,observed,180,established,False,False,False,False,False
2026-02-18,SKU-1002,Sugar,280.0,0,0.0,3,13.0,-267.0,False,-267.0,True,280.0,observed,180,established,False,False,False,True,False
2026-02-19,SKU-1002,Sugar,234.0,0,0.0,3,0.0,-234.0,False,-234.0,True,234.0,observed,180,established,False,False,False,True,False
2026-02-20,SKU-1002,Sugar,260.0,0,0.0,3,0.0,-260.0,False,-260.0,True,260.0,observed,180,established,False,False,False,True,False
2026-02-21,SKU-1002,Sugar,165.0,855,690.0,3,0.0,690.0,True,0.0,False,165.0,observed,180,established,False,False,False,False,False
2026-02-22,SKU-1002,Sugar,182.0,784,1292.0,3,690.0,1292.0,True,0.0,False,182.0,observed,180,established,False,False,False,False,False
2026-02-23,SKU-1002,Sugar,259.0,0,1033.0,3,1292.0,1033.0,True,0.0,False,259.0,observed,180,established,False,False,False,False,False
2026-02-24,SKU-1002,Sugar,183.0,0,850.0,3,1033.0,850.0,True,0.0,False,183.0,observed,180,established,False,False,False,False,False
2026-02-25,SKU-1002,Sugar,235.0,0,615.0,3,850.0,615.0,True,0.0,False,235.0,observed,180,established,False,False,False,False,False
2026-02-26,SKU-1002,Sugar,222.0,0,393.0,3,615.0,393.0,True,0.0,False,222.0,observed,180,established,False,False,False,False,False
2026-02-27,SKU-1002,Sugar,435.0,0,0.0,3,393.0,-42.0,False,-42.0,True,435.0,observed,180,established,False,False,False,True,False
2026-02-28,SKU-1002,Sugar,185.0,0,0.0,3,0.0,-185.0,False,-185.0,True,185.0,observed,180,established,False,False,False,True,False
2026-03-01,SKU-1002,Sugar,209.0,0,0.0,3,0.0,-209.0,False,-209.0,True,209.0,observed,180,established,False,False,False,True,False
2026-03-02,SKU-1002,Sugar,228.0,0,0.0,3,0.0,-228.0,False,-228.0,True,228.0,observed,180,established,False,False,False,True,False
2026-03-03,SKU-1002,Sugar,241.0,698,457.0,3,0.0,457.0,True,0.0,False,241.0,observed,180,established,False,False,False,False,False
2026-03-04,SKU-1002,Sugar,235.0,828,1050.0,3,457.0,1050.0,True,0.0,False,235.0,observed,180,established,False,False,False,False,False
2026-03-05,SKU-1002,Sugar,206.0,0,844.0,3,1050.0,844.0,True,0.0,False,206.0,observed,180,established,False,False,False,False,False
2026-03-06,SKU-1002,Sugar,241.0,0,603.0,3,844.0,603.0,True,0.0,False,241.0,observed,180,established,False,False,False,False,False
2026-03-07,SKU-1002,Sugar,198.0,0,405.0,3,603.0,405.0,True,0.0,False,198.0,observed,180,established,False,False,False,False,False
2026-03-08,SKU-1002,Sugar,287.0,0,118.0,3,405.0,118.0,True,0.0,False,287.0,observed,180,established,False,False,False,False,False
2026-03-09,SKU-1002,Sugar,261.0,0,0.0,3,118.0,-143.0,False,-143.0,True,261.0,observed,180,established,False,False,False,True,False
2026-03-10,SKU-1002,Sugar,242.0,0,0.0,3,0.0,-242.0,False,-242.0,True,242.0,observed,180,established,False,False,False,True,False
2026-03-11,SKU-1002,Sugar,242.0,0,0.0,3,0.0,-242.0,False,-242.0,True,242.0,observed,180,established,False,False,False,True,False
2026-03-12,SKU-1002,Sugar,213.0,0,0.0,3,0.0,-213.0,False,-213.0,True,213.0,observed,180,established,False,False,False,True,False
2026-03-13,SKU-1002,Sugar,239.0,0,0.0,3,0.0,-239.0,False,-239.0,True,239.0,observed,180,established,False,False,False,True,False
2026-03-14,SKU-1002,Sugar,214.0,916,702.0,3,0.0,702.0,True,0.0,False,214.0,observed,180,established,False,False,False,False,False
2026-03-15,SKU-1002,Sugar,188.0,0,514.0,3,702.0,,False,,False,,stock_balance_reconstructed,180,established,False,False,False,False,False
2026-03-16,SKU-1002,Sugar,46.0,0,468.0,3,514.0,468.0,True,0.0,False,46.0,observed,180,established,False,False,False,False,False
2026-03-17,SKU-1002,Sugar,283.0,0,185.0,3,468.0,185.0,True,0.0,False,283.0,observed,180,established,False,False,False,False,False
2026-03-18,SKU-1002,Sugar,243.0,0,0.0,3,185.0,-58.0,False,-58.0,True,243.0,observed,180,established,False,False,False,True,False
2026-03-19,SKU-1002,Sugar,230.0,684,454.0,3,0.0,454.0,True,0.0,False,230.0,observed,180,established,False,False,False,False,False
2026-03-20,SKU-1002,Sugar,208.0,0,246.0,3,454.0,246.0,True,0.0,False,208.0,observed,180,established,False,False,False,False,False
2026-03-21,SKU-1002,Sugar,244.0,732,734.0,3,246.0,734.0,True,0.0,False,244.0,observed,180,established,False,False,False,False,False
2026-03-22,SKU-1002,Sugar,238.0,0,496.0,3,734.0,496.0,True,0.0,False,238.0,observed,180,established,False,False,False,False,False
2026-03-23,SKU-1002,Sugar,207.0,0,289.0,3,496.0,289.0,True,0.0,False,207.0,observed,180,established,False,False,False,False,False
2026-03-24,SKU-1002,Sugar,276.0,0,13.0,3,289.0,13.0,True,0.0,False,276.0,observed,180,established,False,False,False,False,False
2026-03-25,SKU-1002,Sugar,185.0,798,626.0,3,13.0,626.0,True,0.0,False,185.0,observed,180,established,False,False,False,False,False
2026-03-26,SKU-1002,Sugar,268.0,0,358.0,3,626.0,358.0,True,0.0,False,268.0,observed,180,established,False,False,False,False,False
2026-03-27,SKU-1002,Sugar,278.0,0,80.0,3,358.0,,False,,False,,stock_balance_reconstructed,180,established,False,False,False,False,False
2026-03-28,SKU-1002,Sugar,216.0,0,0.0,3,80.0,-136.0,False,-136.0,True,216.0,observed,180,established,False,False,False,True,False
2026-03-29,SKU-1002,Sugar,211.0,945,734.0,3,0.0,734.0,True,0.0,False,211.0,observed,180,established,False,False,False,False,False
2026-03-30,SKU-1002,Sugar,269.0,0,465.0,3,734.0,465.0,True,0.0,False,269.0,observed,180,established,False,False,False,False,False
2026-03-31,SKU-1002,Sugar,218.0,0,247.0,3,465.0,247.0,True,0.0,False,218.0,observed,180,established,False,False,False,False,False
2026-04-01,SKU-1002,Sugar,286.0,967,928.0,3,247.0,928.0,True,0.0,False,286.0,observed,180,established,False,False,False,False,False
2026-04-02,SKU-1002,Sugar,262.0,0,666.0,3,928.0,666.0,True,0.0,False,262.0,observed,180,established,False,False,False,False,False
2026-04-03,SKU-1002,Sugar,234.0,953,1385.0,3,666.0,1385.0,True,0.0,False,234.0,observed,180,established,False,False,False,False,False
2026-04-04,SKU-1002,Sugar,263.0,0,1122.0,3,1385.0,1122.0,True,0.0,False,263.0,observed,180,established,False,False,False,False,False
2026-04-05,SKU-1002,Sugar,207.0,0,915.0,3,1122.0,915.0,True,0.0,False,207.0,observed,180,established,False,False,False,False,False
2026-04-06,SKU-1002,Sugar,244.0,0,671.0,3,915.0,671.0,True,0.0,False,244.0,observed,180,established,False,False,False,False,False
2026-04-07,SKU-1002,Sugar,174.0,0,497.0,3,671.0,497.0,True,0.0,False,174.0,observed,180,established,False,False,False,False,False
2026-04-08,SKU-1002,Sugar,278.0,0,219.0,3,497.0,,False,,False,,stock_balance_reconstructed,180,established,False,False,False,False,False
2026-04-09,SKU-1002,Sugar,303.0,0,0.0,3,219.0,-84.0,False,-84.0,True,303.0,observed,180,established,False,False,False,True,False
2026-04-10,SKU-1002,Sugar,163.0,0,0.0,3,0.0,-163.0,False,-163.0,True,163.0,observed,180,established,False,False,False,True,False
2026-04-11,SKU-1002,Sugar,202.0,744,542.0,3,0.0,542.0,True,0.0,False,202.0,observed,180,established,False,False,False,False,False
2026-04-12,SKU-1002,Sugar,251.0,0,291.0,3,542.0,291.0,True,0.0,False,251.0,observed,180,established,False,False,False,False,False
2026-04-13,SKU-1002,Sugar,282.0,0,9.0,3,291.0,9.0,True,0.0,False,282.0,observed,180,established,False,False,False,False,False
2026-04-14,SKU-1002,Sugar,266.0,0,0.0,3,9.0,-257.0,False,-257.0,True,266.0,observed,180,established,False,False,False,True,False
2026-04-15,SKU-1002,Sugar,364.0,857,493.0,3,0.0,493.0,True,0.0,False,364.0,observed,180,established,False,False,False,False,False
2026-04-16,SKU-1002,Sugar,275.0,0,218.0,3,493.0,218.0,True,0.0,False,275.0,observed,180,established,False,False,False,False,False
2026-04-17,SKU-1002,Sugar,201.0,0,17.0,3,218.0,17.0,True,0.0,False,201.0,observed,180,established,False,False,False,False,False
2026-04-18,SKU-1002,Sugar,106.0,0,0.0,3,17.0,-89.0,False,-89.0,True,106.0,observed,180,established,False,False,False,True,False
2026-04-19,SKU-1002,Sugar,254.0,0,0.0,3,0.0,-254.0,False,-254.0,True,254.0,observed,180,established,False,False,False,True,False
2026-04-20,SKU-1002,Sugar,237.0,0,0.0,3,0.0,-237.0,False,-237.0,True,237.0,observed,180,established,False,False,False,True,False
2026-04-21,SKU-1002,Sugar,221.0,0,0.0,3,0.0,-221.0,False,-221.0,True,221.0,observed,180,established,False,False,False,True,False
2026-04-22,SKU-1002,Sugar,284.0,0,0.0,3,0.0,-284.0,False,-284.0,True,284.0,observed,180,established,False,False,False,True,False
2026-04-23,SKU-1002,Sugar,274.0,0,0.0,3,0.0,-274.0,False,-274.0,True,274.0,observed,180,established,False,False,False,True,False
2026-04-24,SKU-1002,Sugar,217.0,0,0.0,3,0.0,-217.0,False,-217.0,True,217.0,observed,180,established,False,False,False,True,False
2026-04-25,SKU-1002,Sugar,253.0,690,437.0,3,0.0,437.0,True,0.0,False,253.0,observed,180,established,False,False,False,False,False
2026-04-26,SKU-1002,Sugar,260.0,0,177.0,3,437.0,177.0,True,0.0,False,260.0,observed,180,established,False,False,False,False,False
2026-04-27,SKU-1002,Sugar,259.0,0,0.0,3,177.0,-82.0,False,-82.0,True,259.0,observed,180,established,False,False,False,True,False
2026-04-28,SKU-1002,Sugar,226.0,0,0.0,3,0.0,-226.0,False,-226.0,True,226.0,observed,180,established,False,False,False,True,False
2026-04-29,SKU-1002,Sugar,227.0,0,0.0,3,0.0,-227.0,False,-227.0,True,227.0,observed,180,established,False,False,False,True,False
2026-04-30,SKU-1002,Sugar,304.0,0,0.0,3,0.0,-304.0,False,-304.0,True,304.0,observed,180,established,False,False,False,True,False
2026-05-01,SKU-1002,Sugar,283.0,907,624.0,3,0.0,624.0,True,0.0,False,283.0,observed,180,established,False,False,False,False,False
2026-05-02,SKU-1002,Sugar,231.0,0,393.0,3,624.0,393.0,True,0.0,False,231.0,observed,180,established,False,False,False,False,False
2026-05-03,SKU-1002,Sugar,230.0,0,163.0,3,393.0,163.0,True,0.0,False,230.0,observed,180,established,False,False,False,False,False
2026-05-04,SKU-1002,Sugar,298.0,705,570.0,3,163.0,,False,,False,,stock_balance_reconstructed,180,established,False,False,False,False,False
2026-05-05,SKU-1002,Sugar,259.0,0,311.0,3,570.0,311.0,True,0.0,False,259.0,observed,180,established,False,False,False,False,False
2026-05-06,SKU-1002,Sugar,263.0,734,782.0,3,311.0,782.0,True,0.0,False,263.0,observed,180,established,False,False,False,False,False
2026-05-07,SKU-1002,Sugar,257.0,0,525.0,3,782.0,525.0,True,0.0,False,257.0,observed,180,established,False,False,False,False,False
2026-05-08,SKU-1002,Sugar,248.0,0,277.0,3,525.0,277.0,True,0.0,False,248.0,observed,180,established,False,False,False,False,False
2026-05-09,SKU-1002,Sugar,198.0,0,79.0,3,277.0,79.0,True,0.0,False,198.0,observed,180,established,False,False,False,False,False
2026-05-10,SKU-1002,Sugar,248.0,0,0.0,3,79.0,-169.0,False,-169.0,True,248.0,observed,180,established,False,False,False,True,False
2026-05-11,SKU-1002,Sugar,223.0,0,0.0,3,0.0,-223.0,False,-223.0,True,223.0,observed,180,established,False,False,False,True,False
2026-05-12,SKU-1002,Sugar,265.0,0,0.0,3,0.0,-265.0,False,-265.0,True,265.0,observed,180,established,False,False,False,True,False
2026-05-13,SKU-1002,Sugar,246.0,0,0.0,3,0.0,-246.0,False,-246.0,True,246.0,observed,180,established,False,False,False,True,False
2026-05-14,SKU-1002,Sugar,308.0,0,0.0,3,0.0,-308.0,False,-308.0,True,308.0,observed,180,established,False,False,False,True,False
2026-05-15,SKU-1002,Sugar,,0,0.0,3,0.0,,False,,False,,observed,180,established,False,False,False,True,False
2026-05-16,SKU-1002,Sugar,261.0,0,0.0,3,0.0,-261.0,False,-261.0,True,261.0,observed,180,established,False,False,False,True,False
2026-05-17,SKU-1002,Sugar,294.0,0,0.0,3,0.0,-294.0,False,-294.0,True,294.0,observed,180,established,False,False,False,True,False
2026-05-18,SKU-1002,Sugar,319.0,784,465.0,3,0.0,465.0,True,0.0,False,319.0,observed,180,established,False,False,False,False,False
2026-05-19,SKU-1002,Sugar,223.0,0,242.0,3,465.0,242.0,True,0.0,False,223.0,observed,180,established,False,False,False,False,False
2026-05-20,SKU-1002,Sugar,171.0,0,71.0,3,242.0,71.0,True,0.0,False,171.0,observed,180,established,False,False,False,False,False
2026-05-21,SKU-1002,Sugar,426.0,791,436.0,3,71.0,436.0,True,0.0,False,426.0,observed,180,established,False,False,False,False,False
2026-05-22,SKU-1002,Sugar,253.0,753,936.0,3,436.0,936.0,True,0.0,False,253.0,observed,180,established,False,False,False,False,False
2026-05-23,SKU-1002,Sugar,202.0,0,734.0,3,936.0,734.0,True,0.0,False,202.0,observed,180,established,False,False,False,False,False
2026-05-24,SKU-1002,Sugar,207.0,0,527.0,3,734.0,527.0,True,0.0,False,207.0,observed,180,established,False,False,False,False,False
2026-05-25,SKU-1002,Sugar,242.0,864,1149.0,3,527.0,1149.0,True,0.0,False,242.0,observed,180,established,False,False,False,False,False
2026-05-26,SKU-1002,Sugar,309.0,0,840.0,3,1149.0,840.0,True,0.0,False,309.0,observed,180,established,False,False,False,False,False
2026-05-27,SKU-1002,Sugar,329.0,0,511.0,3,840.0,511.0,True,0.0,False,329.0,observed,180,established,False,False,False,False,False
2026-05-28,SKU-1002,Sugar,244.0,951,1218.0,3,511.0,1218.0,True,0.0,False,244.0,observed,180,established,False,False,False,False,False
2026-05-29,SKU-1002,Sugar,291.0,0,927.0,3,1218.0,927.0,True,0.0,False,291.0,observed,180,established,False,False,False,False,False
2026-05-30,SKU-1002,Sugar,223.0,0,704.0,3,927.0,704.0,True,0.0,False,223.0,observed,180,established,False,False,False,False,False
2026-05-31,SKU-1002,Sugar,256.0,0,448.0,3,704.0,,False,,False,,stock_balance_reconstructed,180,established,False,False,False,False,False
2026-06-01,SKU-1002,Sugar,236.0,667,879.0,3,448.0,879.0,True,0.0,False,236.0,observed,180,established,False,False,False,False,False
2026-06-02,SKU-1002,Sugar,258.0,0,621.0,3,879.0,621.0,True,0.0,False,258.0,observed,180,established,False,False,False,False,False
2026-06-03,SKU-1002,Sugar,355.0,793,1059.0,3,621.0,1059.0,True,0.0,False,355.0,observed,180,established,False,False,False,False,False
2026-06-04,SKU-1002,Sugar,330.0,0,729.0,3,1059.0,729.0,True,0.0,False,330.0,observed,180,established,False,False,False,False,False
2026-06-05,SKU-1002,Sugar,259.0,0,470.0,3,729.0,470.0,True,0.0,False,259.0,observed,180,established,False,False,False,False,False
2026-06-06,SKU-1002,Sugar,201.0,944,1213.0,3,470.0,1213.0,True,0.0,False,201.0,observed,180,established,False,False,False,False,False
2026-06-07,SKU-1002,Sugar,235.0,0,978.0,3,1213.0,978.0,True,0.0,False,235.0,observed,180,established,False,False,False,False,False
2026-06-08,SKU-1002,Sugar,299.0,0,679.0,3,978.0,679.0,True,0.0,False,299.0,observed,180,established,False,False,False,False,False
2026-06-09,SKU-1002,Sugar,257.0,0,422.0,3,679.0,422.0,True,0.0,False,257.0,observed,180,established,False,False,False,False,False
2026-06-10,SKU-1002,Sugar,325.0,0,97.0,3,422.0,97.0,True,0.0,False,325.0,observed,180,established,False,False,False,False,False
2026-06-11,SKU-1002,Sugar,426.0,744,415.0,3,97.0,415.0,True,0.0,False,426.0,observed,180,established,False,False,False,False,False
2026-06-12,SKU-1002,Sugar,256.0,0,159.0,3,415.0,159.0,True,0.0,False,256.0,observed,180,established,False,False,False,False,False
2026-06-13,SKU-1002,Sugar,261.0,788,686.0,3,159.0,686.0,True,0.0,False,261.0,observed,180,established,False,False,False,False,False
2026-06-14,SKU-1002,Sugar,227.0,805,1264.0,3,686.0,1264.0,True,0.0,False,227.0,observed,180,established,False,False,False,False,False
2026-06-15,SKU-1002,Sugar,311.0,0,953.0,3,1264.0,953.0,True,0.0,False,311.0,observed,180,established,False,False,False,False,False
2026-06-16,SKU-1002,Sugar,277.0,0,676.0,3,953.0,676.0,True,0.0,False,277.0,observed,180,established,False,False,False,False,False
2026-06-17,SKU-1002,Sugar,262.0,955,1369.0,3,676.0,1369.0,True,0.0,False,262.0,observed,180,established,False,False,False,False,False
2026-06-18,SKU-1002,Sugar,170.0,0,1199.0,3,1369.0,1199.0,True,0.0,False,170.0,observed,180,established,False,False,False,False,False
2026-06-19,SKU-1002,Sugar,294.0,0,905.0,3,1199.0,905.0,True,0.0,False,294.0,observed,180,established,False,False,False,False,False
2026-06-20,SKU-1002,Sugar,328.0,0,577.0,3,905.0,577.0,True,0.0,False,328.0,observed,180,established,False,False,False,False,False
2026-06-21,SKU-1002,Sugar,253.0,0,324.0,3,577.0,324.0,True,0.0,False,253.0,observed,180,established,False,False,False,False,False
2026-06-22,SKU-1002,Sugar,235.0,899,988.0,3,324.0,988.0,True,0.0,False,235.0,observed,180,established,False,False,False,False,False
2026-06-23,SKU-1002,Sugar,336.0,0,652.0,3,988.0,652.0,True,0.0,False,336.0,observed,180,established,False,False,False,False,False
2026-06-24,SKU-1002,Sugar,311.0,0,341.0,3,652.0,341.0,True,0.0,False,311.0,observed,180,established,False,False,False,False,False
2026-06-25,SKU-1002,Sugar,250.0,0,91.0,3,341.0,91.0,True,0.0,False,250.0,observed,180,established,False,False,False,False,False
2026-06-26,SKU-1002,Sugar,211.0,0,0.0,3,91.0,-120.0,False,-120.0,True,211.0,observed,180,established,False,False,False,True,False
2026-06-27,SKU-1002,Sugar,208.0,0,0.0,3,0.0,-208.0,False,-208.0,True,208.0,observed,180,established,False,False,False,True,False
2026-06-28,SKU-1002,Sugar,209.0,0,0.0,3,0.0,-209.0,False,-209.0,True,209.0,observed,180,established,False,False,False,True,False
2026-06-29,SKU-1002,Sugar,238.0,897,659.0,3,0.0,659.0,True,0.0,False,238.0,observed,180,established,False,False,False,False,False
2026-01-01,SKU-1003,Beverages,169.0,0,1804.0,7,,,False,,False,169.0,observed,180,established,False,False,False,False,False
2026-01-02,SKU-1003,Beverages,240.0,0,1564.0,7,1804.0,1564.0,True,0.0,False,240.0,observed,180,established,False,False,False,False,False
2026-01-03,SKU-1003,Beverages,197.0,1613,2980.0,7,1564.0,2980.0,True,0.0,False,197.0,observed,180,established,False,False,False,False,False
2026-01-04,SKU-1003,Beverages,168.0,0,2812.0,7,2980.0,,False,,False,,stock_balance_reconstructed,180,established,False,False,False,False,False
2026-01-05,SKU-1003,Beverages,194.0,0,2618.0,7,2812.0,2618.0,True,0.0,False,194.0,observed,180,established,False,False,False,False,False
2026-01-06,SKU-1003,Beverages,259.0,0,2359.0,7,2618.0,2359.0,True,0.0,False,259.0,observed,180,established,False,False,False,False,False
2026-01-07,SKU-1003,Beverages,273.0,0,,7,2359.0,2086.0,False,,False,273.0,observed,180,established,False,True,False,False,False
2026-01-08,SKU-1003,Beverages,176.0,0,1910.0,7,,,False,,False,176.0,observed,180,established,False,False,False,False,False
2026-01-09,SKU-1003,Beverages,162.0,0,1748.0,7,1910.0,1748.0,True,0.0,False,162.0,observed,180,established,False,False,False,False,False
2026-01-10,SKU-1003,Beverages,210.0,0,1538.0,7,1748.0,1538.0,True,0.0,False,210.0,observed,180,established,False,False,False,False,False
2026-01-11,SKU-1003,Beverages,140.0,0,1398.0,7,1538.0,1398.0,True,0.0,False,140.0,observed,180,established,False,False,False,False,False
2026-01-12,SKU-1003,Beverages,135.0,0,1263.0,7,1398.0,1263.0,True,0.0,False,135.0,observed,180,established,False,False,False,False,False
2026-01-13,SKU-1003,Beverages,222.0,0,1041.0,7,1263.0,1041.0,True,0.0,False,222.0,observed,180,established,False,False,False,False,False
2026-01-14,SKU-1003,Beverages,250.0,2198,2989.0,7,1041.0,2989.0,True,0.0,False,250.0,observed,180,established,False,False,False,False,False
2026-01-15,SKU-1003,Beverages,188.0,0,2801.0,7,2989.0,2801.0,True,0.0,False,188.0,observed,180,established,False,False,False,False,False
2026-01-16,SKU-1003,Beverages,233.0,0,2568.0,7,2801.0,2568.0,True,0.0,False,233.0,observed,180,established,False,False,False,False,False
2026-01-17,SKU-1003,Beverages,196.0,0,2372.0,7,2568.0,2372.0,True,0.0,False,196.0,observed,180,established,False,False,False,False,False
2026-01-18,SKU-1003,Beverages,482.0,0,1890.0,7,2372.0,1890.0,True,0.0,False,482.0,observed,180,established,False,False,False,False,False
2026-01-19,SKU-1003,Beverages,157.0,0,1733.0,7,1890.0,1733.0,True,0.0,False,157.0,observed,180,established,False,False,False,False,False
2026-01-20,SKU-1003,Beverages,257.0,0,1476.0,7,1733.0,1476.0,True,0.0,False,257.0,observed,180,established,False,False,False,False,False
2026-01-21,SKU-1003,Beverages,249.0,1542,2769.0,7,1476.0,2769.0,True,0.0,False,249.0,observed,180,established,False,False,False,False,False
2026-01-22,SKU-1003,Beverages,251.0,0,2518.0,7,2769.0,2518.0,True,0.0,False,251.0,observed,180,established,False,False,False,False,False
2026-01-23,SKU-1003,Beverages,201.0,0,2317.0,7,2518.0,2317.0,True,0.0,False,201.0,observed,180,established,False,False,False,False,False
2026-01-24,SKU-1003,Beverages,171.0,0,2146.0,7,2317.0,2146.0,True,0.0,False,171.0,observed,180,established,False,False,False,False,False
2026-01-25,SKU-1003,Beverages,200.0,0,1946.0,7,2146.0,1946.0,True,0.0,False,200.0,observed,180,established,False,False,False,False,False
2026-01-26,SKU-1003,Beverages,247.0,0,1699.0,7,1946.0,1699.0,True,0.0,False,247.0,observed,180,established,False,False,False,False,False
2026-01-27,SKU-1003,Beverages,252.0,0,,7,1699.0,1447.0,False,,False,252.0,observed,180,established,False,True,False,False,False
2026-01-28,SKU-1003,Beverages,331.0,0,1116.0,7,,,False,,False,331.0,observed,180,established,False,False,False,False,False
2026-01-29,SKU-1003,Beverages,215.0,0,901.0,7,1116.0,901.0,True,0.0,False,215.0,observed,180,established,False,False,False,False,False
2026-01-30,SKU-1003,Beverages,227.0,0,674.0,7,901.0,674.0,True,0.0,False,227.0,observed,180,established,False,False,False,False,False
2026-01-31,SKU-1003,Beverages,177.0,0,497.0,7,674.0,497.0,True,0.0,False,177.0,observed,180,established,False,False,False,False,False
2026-02-01,SKU-1003,Beverages,164.0,0,333.0,7,497.0,333.0,True,0.0,False,164.0,observed,180,established,False,False,False,False,False
2026-02-02,SKU-1003,Beverages,188.0,0,145.0,7,333.0,145.0,True,0.0,False,188.0,observed,180,established,False,False,False,False,False
2026-02-03,SKU-1003,Beverages,234.0,2204,2115.0,7,145.0,2115.0,True,0.0,False,234.0,observed,180,established,False,False,False,False,False
2026-02-04,SKU-1003,Beverages,224.0,0,1891.0,7,2115.0,1891.0,True,0.0,False,224.0,observed,180,established,False,False,False,False,False
2026-02-05,SKU-1003,Beverages,148.0,0,1743.0,7,1891.0,1743.0,True,0.0,False,148.0,observed,180,established,False,False,False,False,False
2026-02-06,SKU-1003,Beverages,326.0,0,1417.0,7,1743.0,1417.0,True,0.0,False,326.0,observed,180,established,False,False,False,False,False
2026-02-07,SKU-1003,Beverages,183.0,0,1234.0,7,1417.0,1234.0,True,0.0,False,183.0,observed,180,established,False,False,False,False,False
2026-02-08,SKU-1003,Beverages,202.0,0,1032.0,7,1234.0,1032.0,True,0.0,False,202.0,observed,180,established,False,False,False,False,False
2026-02-09,SKU-1003,Beverages,296.0,1740,2476.0,7,1032.0,,False,,False,,stock_balance_reconstructed,180,established,False,False,False,False,False
2026-02-10,SKU-1003,Beverages,265.0,0,2211.0,7,2476.0,2211.0,True,0.0,False,265.0,observed,180,established,False,False,False,False,False
2026-02-11,SKU-1003,Beverages,232.0,0,1979.0,7,2211.0,1979.0,True,0.0,False,232.0,observed,180,established,False,False,False,False,False
2026-02-12,SKU-1003,Beverages,193.0,0,1786.0,7,1979.0,1786.0,True,0.0,False,193.0,observed,180,established,False,False,False,False,False
2026-02-13,SKU-1003,Beverages,149.0,0,1637.0,7,1786.0,1637.0,True,0.0,False,149.0,observed,180,established,False,False,False,False,False
2026-02-14,SKU-1003,Beverages,137.0,0,1500.0,7,1637.0,1500.0,True,0.0,False,137.0,observed,180,established,False,False,False,False,False
2026-02-15,SKU-1003,Beverages,457.0,1528,2571.0,7,1500.0,2571.0,True,0.0,False,457.0,observed,180,established,False,False,False,False,False
2026-02-16,SKU-1003,Beverages,259.0,0,2312.0,7,2571.0,2312.0,True,0.0,False,259.0,observed,180,established,False,False,False,False,False
2026-02-17,SKU-1003,Beverages,257.0,0,2055.0,7,2312.0,2055.0,True,0.0,False,257.0,observed,180,established,False,False,False,False,False
2026-02-18,SKU-1003,Beverages,223.0,0,1832.0,7,2055.0,1832.0,True,0.0,False,223.0,observed,180,established,False,False,False,False,False
2026-02-19,SKU-1003,Beverages,183.0,0,1649.0,7,1832.0,1649.0,True,0.0,False,183.0,observed,180,established,False,False,False,False,False
2026-02-20,SKU-1003,Beverages,200.0,0,1449.0,7,1649.0,1449.0,True,0.0,False,200.0,observed,180,established,False,False,False,False,False
2026-02-21,SKU-1003,Beverages,414.0,0,1035.0,7,1449.0,1035.0,True,0.0,False,414.0,observed,180,established,False,False,False,False,False
2026-02-22,SKU-1003,Beverages,198.0,1880,2717.0,7,1035.0,2717.0,True,0.0,False,198.0,observed,180,established,False,False,False,False,False
2026-02-23,SKU-1003,Beverages,73.0,0,2644.0,7,2717.0,2644.0,True,0.0,False,73.0,observed,180,established,False,False,False,False,False
2026-02-24,SKU-1003,Beverages,220.0,0,2424.0,7,2644.0,2424.0,True,0.0,False,220.0,observed,180,established,False,False,False,False,False
2026-02-25,SKU-1003,Beverages,162.0,0,2262.0,7,2424.0,2262.0,True,0.0,False,162.0,observed,180,established,False,False,False,False,False
2026-02-26,SKU-1003,Beverages,259.0,0,2003.0,7,2262.0,2003.0,True,0.0,False,259.0,observed,180,established,False,False,False,False,False
2026-02-27,SKU-1003,Beverages,168.0,0,1835.0,7,2003.0,1835.0,True,0.0,False,168.0,observed,180,established,False,False,False,False,False
2026-02-28,SKU-1003,Beverages,147.0,0,1688.0,7,1835.0,1688.0,True,0.0,False,147.0,observed,180,established,False,False,False,False,False
2026-03-01,SKU-1003,Beverages,213.0,0,1475.0,7,1688.0,1475.0,True,0.0,False,213.0,observed,180,established,False,False,False,False,False
2026-03-02,SKU-1003,Beverages,214.0,0,1261.0,7,1475.0,1261.0,True,0.0,False,214.0,observed,180,established,False,False,False,False,False
2026-03-03,SKU-1003,Beverages,233.0,0,1028.0,7,1261.0,1028.0,True,0.0,False,233.0,observed,180,established,False,False,False,False,False
2026-03-04,SKU-1003,Beverages,266.0,0,762.0,7,1028.0,762.0,True,0.0,False,266.0,observed,180,established,False,False,False,False,False
2026-03-05,SKU-1003,Beverages,253.0,0,509.0,7,762.0,509.0,True,0.0,False,253.0,observed,180,established,False,False,False,False,False
2026-03-06,SKU-1003,Beverages,234.0,0,275.0,7,509.0,275.0,True,0.0,False,234.0,observed,180,established,False,False,False,False,False
2026-03-07,SKU-1003,Beverages,220.0,0,55.0,7,275.0,55.0,True,0.0,False,220.0,observed,180,established,False,False,False,False,False
2026-03-08,SKU-1003,Beverages,149.0,0,0.0,7,55.0,-94.0,False,-94.0,True,149.0,observed,180,established,False,False,False,True,False
2026-03-09,SKU-1003,Beverages,185.0,1859,1674.0,7,0.0,1674.0,True,0.0,False,185.0,observed,180,established,False,False,False,False,False
2026-03-10,SKU-1003,Beverages,220.0,0,1454.0,7,1674.0,1454.0,True,0.0,False,220.0,observed,180,established,False,False,False,False,False
2026-03-11,SKU-1003,Beverages,242.0,2045,3257.0,7,1454.0,3257.0,True,0.0,False,242.0,observed,180,established,False,False,False,False,False
2026-03-12,SKU-1003,Beverages,154.0,0,3103.0,7,3257.0,3103.0,True,0.0,False,154.0,observed,180,established,False,False,False,False,False
2026-03-13,SKU-1003,Beverages,182.0,0,,7,3103.0,2921.0,False,,False,182.0,observed,180,established,False,True,False,False,False
2026-03-14,SKU-1003,Beverages,187.0,0,2734.0,7,,,False,,False,187.0,observed,180,established,False,False,False,False,False
2026-03-15,SKU-1003,Beverages,211.0,0,2523.0,7,2734.0,2523.0,True,0.0,False,211.0,observed,180,established,False,False,False,False,False
2026-03-16,SKU-1003,Beverages,154.0,0,2369.0,7,2523.0,2369.0,True,0.0,False,154.0,observed,180,established,False,False,False,False,False
2026-03-17,SKU-1003,Beverages,170.0,0,2199.0,7,2369.0,2199.0,True,0.0,False,170.0,observed,180,established,False,False,False,False,False
2026-03-18,SKU-1003,Beverages,283.0,0,1916.0,7,2199.0,1916.0,True,0.0,False,283.0,observed,180,established,False,False,False,False,False
2026-03-19,SKU-1003,Beverages,222.0,0,1694.0,7,1916.0,1694.0,True,0.0,False,222.0,observed,180,established,False,False,False,False,False
2026-03-20,SKU-1003,Beverages,154.0,0,1540.0,7,1694.0,1540.0,True,0.0,False,154.0,observed,180,established,False,False,False,False,False
2026-03-21,SKU-1003,Beverages,155.0,1813,3198.0,7,1540.0,3198.0,True,0.0,False,155.0,observed,180,established,False,False,False,False,False
2026-03-22,SKU-1003,Beverages,178.0,0,3020.0,7,3198.0,3020.0,True,0.0,False,178.0,observed,180,established,False,False,False,False,False
2026-03-23,SKU-1003,Beverages,277.0,0,2743.0,7,3020.0,2743.0,True,0.0,False,277.0,observed,180,established,False,False,False,False,False
2026-03-24,SKU-1003,Beverages,290.0,0,2453.0,7,2743.0,2453.0,True,0.0,False,290.0,observed,180,established,False,False,False,False,False
2026-03-25,SKU-1003,Beverages,266.0,0,2187.0,7,2453.0,2187.0,True,0.0,False,266.0,observed,180,established,False,False,False,False,False
2026-03-26,SKU-1003,Beverages,162.0,0,2025.0,7,2187.0,2025.0,True,0.0,False,162.0,observed,180,established,False,False,False,False,False
2026-03-27,SKU-1003,Beverages,199.0,0,1826.0,7,2025.0,1826.0,True,0.0,False,199.0,observed,180,established,False,False,False,False,False
2026-03-28,SKU-1003,Beverages,168.0,0,1658.0,7,1826.0,,False,,False,,stock_balance_reconstructed,180,established,False,False,False,False,False
2026-03-29,SKU-1003,Beverages,191.0,1827,3294.0,7,1658.0,3294.0,True,0.0,False,191.0,observed,180,established,False,False,False,False,False
2026-03-30,SKU-1003,Beverages,201.0,0,3093.0,7,3294.0,3093.0,True,0.0,False,201.0,observed,180,established,False,False,False,False,False
2026-03-31,SKU-1003,Beverages,234.0,0,2859.0,7,3093.0,2859.0,True,0.0,False,234.0,observed,180,established,False,False,False,False,False
2026-04-01,SKU-1003,Beverages,248.0,0,2611.0,7,2859.0,2611.0,True,0.0,False,248.0,observed,180,established,False,False,False,False,False
2026-04-02,SKU-1003,Beverages,188.0,0,2423.0,7,2611.0,2423.0,True,0.0,False,188.0,observed,180,established,False,False,False,False,False
2026-04-03,SKU-1003,Beverages,227.0,0,2196.0,7,2423.0,2196.0,True,0.0,False,227.0,observed,180,established,False,False,False,False,False
2026-04-04,SKU-1003,Beverages,168.0,0,2028.0,7,2196.0,2028.0,True,0.0,False,168.0,observed,180,established,False,False,False,False,False
2026-04-05,SKU-1003,Beverages,216.0,0,1812.0,7,2028.0,1812.0,True,0.0,False,216.0,observed,180,established,False,False,False,False,False
2026-04-06,SKU-1003,Beverages,195.0,0,1617.0,7,1812.0,1617.0,True,0.0,False,195.0,observed,180,established,False,False,False,False,False
2026-04-07,SKU-1003,Beverages,300.0,0,1317.0,7,1617.0,1317.0,True,0.0,False,300.0,observed,180,established,False,False,False,False,False
2026-04-08,SKU-1003,Beverages,231.0,0,1086.0,7,1317.0,1086.0,True,0.0,False,231.0,observed,180,established,False,False,False,False,False
2026-04-09,SKU-1003,Beverages,198.0,1640,2528.0,7,1086.0,2528.0,True,0.0,False,198.0,observed,180,established,False,False,False,False,False
2026-04-10,SKU-1003,Beverages,83.0,0,2445.0,7,2528.0,2445.0,True,0.0,False,83.0,observed,180,established,False,False,False,False,False
2026-04-11,SKU-1003,Beverages,85.0,0,2360.0,7,2445.0,2360.0,True,0.0,False,85.0,observed,180,established,False,False,False,False,False
2026-04-12,SKU-1003,Beverages,196.0,0,2164.0,7,2360.0,,False,,False,,stock_balance_reconstructed,180,established,False,False,False,False,False
2026-04-13,SKU-1003,Beverages,214.0,0,1950.0,7,2164.0,1950.0,True,0.0,False,214.0,observed,180,established,False,False,False,False,False
2026-04-14,SKU-1003,Beverages,199.0,0,1751.0,7,1950.0,1751.0,True,0.0,False,199.0,observed,180,established,False,False,False,False,False
2026-04-15,SKU-1003,Beverages,197.0,0,1554.0,7,1751.0,1554.0,True,0.0,False,197.0,observed,180,established,False,False,False,False,False
2026-04-16,SKU-1003,Beverages,217.0,1742,3079.0,7,1554.0,3079.0,True,0.0,False,217.0,observed,180,established,False,False,False,False,False
2026-04-17,SKU-1003,Beverages,193.0,0,2886.0,7,3079.0,2886.0,True,0.0,False,193.0,observed,180,established,False,False,False,False,False
2026-04-18,SKU-1003,Beverages,173.0,0,2713.0,7,2886.0,2713.0,True,0.0,False,173.0,observed,180,established,False,False,False,False,False
2026-04-19,SKU-1003,Beverages,168.0,0,2545.0,7,2713.0,2545.0,True,0.0,False,168.0,observed,180,established,False,False,False,False,False
2026-04-20,SKU-1003,Beverages,193.0,0,2352.0,7,2545.0,2352.0,True,0.0,False,193.0,observed,180,established,False,False,False,False,False
2026-04-21,SKU-1003,Beverages,213.0,0,2139.0,7,2352.0,2139.0,True,0.0,False,213.0,observed,180,established,False,False,False,False,False
2026-04-22,SKU-1003,Beverages,198.0,0,1941.0,7,2139.0,1941.0,True,0.0,False,198.0,observed,180,established,False,False,False,False,False
2026-04-23,SKU-1003,Beverages,204.0,0,1737.0,7,1941.0,1737.0,True,0.0,False,204.0,observed,180,established,False,False,False,False,False
2026-04-24,SKU-1003,Beverages,209.0,0,1528.0,7,1737.0,1528.0,True,0.0,False,209.0,observed,180,established,False,False,False,False,False
2026-04-25,SKU-1003,Beverages,178.0,0,1350.0,7,1528.0,1350.0,True,0.0,False,178.0,observed,180,established,False,False,False,False,False
2026-04-26,SKU-1003,Beverages,181.0,0,1169.0,7,1350.0,1169.0,True,0.0,False,181.0,observed,180,established,False,False,False,False,False
2026-04-27,SKU-1003,Beverages,267.0,0,902.0,7,1169.0,902.0,True,0.0,False,267.0,observed,180,established,False,False,False,False,False
2026-04-28,SKU-1003,Beverages,173.0,0,729.0,7,902.0,729.0,True,0.0,False,173.0,observed,180,established,False,False,False,False,False
2026-04-29,SKU-1003,Beverages,230.0,0,499.0,7,729.0,499.0,True,0.0,False,230.0,observed,180,established,False,False,False,False,False
2026-04-30,SKU-1003,Beverages,254.0,1583,1828.0,7,499.0,1828.0,True,0.0,False,254.0,observed,180,established,False,False,False,False,False
2026-05-01,SKU-1003,Beverages,173.0,0,1655.0,7,1828.0,1655.0,True,0.0,False,173.0,observed,180,established,False,False,False,False,False
2026-05-02,SKU-1003,Beverages,359.0,2008,3304.0,7,1655.0,3304.0,True,0.0,False,359.0,observed,180,established,False,False,False,False,False
2026-05-03,SKU-1003,Beverages,155.0,0,3149.0,7,3304.0,3149.0,True,0.0,False,155.0,observed,180,established,False,False,False,False,False
2026-05-04,SKU-1003,Beverages,233.0,0,2916.0,7,3149.0,2916.0,True,0.0,False,233.0,observed,180,established,False,False,False,False,False
2026-05-05,SKU-1003,Beverages,251.0,0,2665.0,7,2916.0,2665.0,True,0.0,False,251.0,observed,180,established,False,False,False,False,False
2026-05-06,SKU-1003,Beverages,198.0,0,2467.0,7,2665.0,2467.0,True,0.0,False,198.0,observed,180,established,False,False,False,False,False
2026-05-07,SKU-1003,Beverages,206.0,0,2261.0,7,2467.0,2261.0,True,0.0,False,206.0,observed,180,established,False,False,False,False,False
2026-05-08,SKU-1003,Beverages,61.0,0,,7,2261.0,2200.0,False,,False,61.0,observed,180,established,False,True,False,False,False
2026-05-09,SKU-1003,Beverages,201.0,0,1999.0,7,,,False,,False,201.0,observed,180,established,False,False,False,False,False
2026-05-10,SKU-1003,Beverages,214.0,0,1785.0,7,1999.0,1785.0,True,0.0,False,214.0,observed,180,established,False,False,False,False,False
2026-05-11,SKU-1003,Beverages,178.0,0,1607.0,7,1785.0,1607.0,True,0.0,False,178.0,observed,180,established,False,False,False,False,False
2026-05-12,SKU-1003,Beverages,205.0,0,1402.0,7,1607.0,1402.0,True,0.0,False,205.0,observed,180,established,False,False,False,False,False
2026-05-13,SKU-1003,Beverages,122.0,0,1280.0,7,1402.0,1280.0,True,0.0,False,122.0,observed,180,established,False,False,False,False,False
2026-05-14,SKU-1003,Beverages,208.0,0,1072.0,7,1280.0,1072.0,True,0.0,False,208.0,observed,180,established,False,False,False,False,False
2026-05-15,SKU-1003,Beverages,223.0,0,849.0,7,1072.0,849.0,True,0.0,False,223.0,observed,180,established,False,False,False,False,False
2026-05-16,SKU-1003,Beverages,165.0,1986,2670.0,7,849.0,2670.0,True,0.0,False,165.0,observed,180,established,False,False,False,False,False
2026-05-17,SKU-1003,Beverages,135.0,0,2535.0,7,2670.0,2535.0,True,0.0,False,135.0,observed,180,established,False,False,False,False,False
2026-05-18,SKU-1003,Beverages,222.0,0,2313.0,7,2535.0,2313.0,True,0.0,False,222.0,observed,180,established,False,False,False,False,False
2026-05-19,SKU-1003,Beverages,175.0,0,2138.0,7,2313.0,2138.0,True,0.0,False,175.0,observed,180,established,False,False,False,False,False
2026-05-20,SKU-1003,Beverages,276.0,0,1862.0,7,2138.0,1862.0,True,0.0,False,276.0,observed,180,established,False,False,False,False,False
2026-05-21,SKU-1003,Beverages,189.0,0,1673.0,7,1862.0,1673.0,True,0.0,False,189.0,observed,180,established,False,False,False,False,False
2026-05-22,SKU-1003,Beverages,181.0,0,1492.0,7,1673.0,1492.0,True,0.0,False,181.0,observed,180,established,False,False,False,False,False
2026-05-23,SKU-1003,Beverages,167.0,0,1325.0,7,1492.0,1325.0,True,0.0,False,167.0,observed,180,established,False,False,False,False,False
2026-05-24,SKU-1003,Beverages,50.0,0,1275.0,7,1325.0,1275.0,True,0.0,False,50.0,observed,180,established,False,False,False,False,False
2026-05-25,SKU-1003,Beverages,258.0,0,1017.0,7,1275.0,1017.0,True,0.0,False,258.0,observed,180,established,False,False,False,False,False
2026-05-26,SKU-1003,Beverages,221.0,1496,2292.0,7,1017.0,2292.0,True,0.0,False,221.0,observed,180,established,False,False,False,False,False
2026-05-27,SKU-1003,Beverages,241.0,0,2051.0,7,2292.0,2051.0,True,0.0,False,241.0,observed,180,established,False,False,False,False,False
2026-05-28,SKU-1003,Beverages,403.0,0,1648.0,7,2051.0,1648.0,True,0.0,False,403.0,observed,180,established,False,False,False,False,False
2026-05-29,SKU-1003,Beverages,35.0,0,1613.0,7,1648.0,1613.0,True,0.0,False,35.0,observed,180,established,False,False,False,False,False
2026-05-30,SKU-1003,Beverages,179.0,2150,3584.0,7,1613.0,3584.0,True,0.0,False,179.0,observed,180,established,False,False,False,False,False
2026-05-31,SKU-1003,Beverages,195.0,0,3389.0,7,3584.0,3389.0,True,0.0,False,195.0,observed,180,established,False,False,False,False,False
2026-06-01,SKU-1003,Beverages,216.0,0,3173.0,7,3389.0,3173.0,True,0.0,False,216.0,observed,180,established,False,False,False,False,False
2026-06-02,SKU-1003,Beverages,188.0,0,2985.0,7,3173.0,2985.0,True,0.0,False,188.0,observed,180,established,False,False,False,False,False
2026-06-03,SKU-1003,Beverages,190.0,0,2795.0,7,2985.0,2795.0,True,0.0,False,190.0,observed,180,established,False,False,False,False,False
2026-06-04,SKU-1003,Beverages,222.0,0,2573.0,7,2795.0,2573.0,True,0.0,False,222.0,observed,180,established,False,False,False,False,False
2026-06-05,SKU-1003,Beverages,186.0,0,2387.0,7,2573.0,2387.0,True,0.0,False,186.0,observed,180,established,False,False,False,False,False
2026-06-06,SKU-1003,Beverages,181.0,0,2206.0,7,2387.0,2206.0,True,0.0,False,181.0,observed,180,established,False,False,False,False,False
2026-06-07,SKU-1003,Beverages,149.0,0,2057.0,7,2206.0,2057.0,True,0.0,False,149.0,observed,180,established,False,False,False,False,False
2026-06-08,SKU-1003,Beverages,155.0,0,1902.0,7,2057.0,1902.0,True,0.0,False,155.0,observed,180,established,False,False,False,False,False
2026-06-09,SKU-1003,Beverages,265.0,0,1637.0,7,1902.0,1637.0,True,0.0,False,265.0,observed,180,established,False,False,False,False,False
2026-06-10,SKU-1003,Beverages,208.0,1593,3022.0,7,1637.0,3022.0,True,0.0,False,208.0,observed,180,established,False,False,False,False,False
2026-06-11,SKU-1003,Beverages,308.0,0,2714.0,7,3022.0,2714.0,True,0.0,False,308.0,observed,180,established,False,False,False,False,False
2026-06-12,SKU-1003,Beverages,137.0,0,2577.0,7,2714.0,2577.0,True,0.0,False,137.0,observed,180,established,False,False,False,False,False
2026-06-13,SKU-1003,Beverages,176.0,0,2401.0,7,2577.0,2401.0,True,0.0,False,176.0,observed,180,established,False,False,False,False,False
2026-06-14,SKU-1003,Beverages,170.0,0,2231.0,7,2401.0,2231.0,True,0.0,False,170.0,observed,180,established,False,False,False,False,False
2026-06-15,SKU-1003,Beverages,235.0,0,1996.0,7,2231.0,1996.0,True,0.0,False,235.0,observed,180,established,False,False,False,False,False
2026-06-16,SKU-1003,Beverages,164.0,0,1832.0,7,1996.0,1832.0,True,0.0,False,164.0,observed,180,established,False,False,False,False,False
2026-06-17,SKU-1003,Beverages,207.0,0,1625.0,7,1832.0,1625.0,True,0.0,False,207.0,observed,180,established,False,False,False,False,False
2026-06-18,SKU-1003,Beverages,189.0,0,1436.0,7,1625.0,1436.0,True,0.0,False,189.0,observed,180,established,False,False,False,False,False
2026-06-19,SKU-1003,Beverages,200.0,0,1236.0,7,1436.0,,False,,False,,stock_balance_reconstructed,180,established,False,False,False,False,False
2026-06-20,SKU-1003,Beverages,128.0,1945,3053.0,7,1236.0,3053.0,True,0.0,False,128.0,observed,180,established,False,False,False,False,False
2026-06-21,SKU-1003,Beverages,187.0,0,2866.0,7,3053.0,2866.0,True,0.0,False,187.0,observed,180,established,False,False,False,False,False
2026-06-22,SKU-1003,Beverages,205.0,0,2661.0,7,2866.0,2661.0,True,0.0,False,205.0,observed,180,established,False,False,False,False,False
2026-06-23,SKU-1003,Beverages,211.0,0,2450.0,7,2661.0,2450.0,True,0.0,False,211.0,observed,180,established,False,False,False,False,False
2026-06-24,SKU-1003,Beverages,239.0,0,2211.0,7,2450.0,2211.0,True,0.0,False,239.0,observed,180,established,False,False,False,False,False
2026-06-25,SKU-1003,Beverages,161.0,0,2050.0,7,2211.0,2050.0,True,0.0,False,161.0,observed,180,established,False,False,False,False,False
2026-06-26,SKU-1003,Beverages,321.0,0,1729.0,7,2050.0,1729.0,True,0.0,False,321.0,observed,180,established,False,False,False,False,False
2026-06-27,SKU-1003,Beverages,170.0,0,1559.0,7,1729.0,1559.0,True,0.0,False,170.0,observed,180,established,False,False,False,False,False
2026-06-28,SKU-1003,Beverages,155.0,1802,3206.0,7,1559.0,3206.0,True,0.0,False,155.0,observed,180,established,False,False,False,False,False
2026-06-29,SKU-1003,Beverages,159.0,0,3047.0,7,3206.0,3047.0,True,0.0,False,159.0,observed,180,established,False,False,False,False,False
2026-01-01,SKU-1004,Beverages,286.0,0,1554.0,7,,,False,,False,286.0,observed,180,established,False,False,False,False,False
2026-01-02,SKU-1004,Beverages,144.0,1625,3035.0,7,1554.0,3035.0,True,0.0,False,144.0,observed,180,established,False,False,False,False,False
2026-01-03,SKU-1004,Beverages,159.0,0,2876.0,7,3035.0,2876.0,True,0.0,False,159.0,observed,180,established,False,False,False,False,False
2026-01-04,SKU-1004,Beverages,131.0,0,2745.0,7,2876.0,2745.0,True,0.0,False,131.0,observed,180,established,False,False,False,False,False
2026-01-05,SKU-1004,Beverages,173.0,0,2572.0,7,2745.0,,False,,False,,stock_balance_reconstructed,180,established,False,False,False,False,False
2026-01-06,SKU-1004,Beverages,240.0,0,2332.0,7,2572.0,2332.0,True,0.0,False,240.0,observed,180,established,False,False,False,False,False
2026-01-07,SKU-1004,Beverages,272.0,0,2060.0,7,2332.0,2060.0,True,0.0,False,272.0,observed,180,established,False,False,False,False,False
2026-01-08,SKU-1004,Beverages,196.0,0,1864.0,7,2060.0,1864.0,True,0.0,False,196.0,observed,180,established,False,False,False,False,False
2026-01-09,SKU-1004,Beverages,165.0,0,1699.0,7,1864.0,1699.0,True,0.0,False,165.0,observed,180,established,False,False,False,False,False
2026-01-10,SKU-1004,Beverages,128.0,0,1571.0,7,1699.0,1571.0,True,0.0,False,128.0,observed,180,established,False,False,False,False,False
2026-01-11,SKU-1004,Beverages,131.0,0,1440.0,7,1571.0,1440.0,True,0.0,False,131.0,observed,180,established,False,False,False,False,False
2026-01-12,SKU-1004,Beverages,192.0,0,1248.0,7,1440.0,1248.0,True,0.0,False,192.0,observed,180,established,False,False,False,False,False
2026-01-13,SKU-1004,Beverages,237.0,0,1011.0,7,1248.0,1011.0,True,0.0,False,237.0,observed,180,established,False,False,False,False,False
2026-01-14,SKU-1004,Beverages,221.0,0,790.0,7,1011.0,790.0,True,0.0,False,221.0,observed,180,established,False,False,False,False,False
2026-01-15,SKU-1004,Beverages,229.0,1522,2083.0,7,790.0,2083.0,True,0.0,False,229.0,observed,180,established,False,False,False,False,False
2026-01-16,SKU-1004,Beverages,160.0,0,1923.0,7,2083.0,1923.0,True,0.0,False,160.0,observed,180,established,False,False,False,False,False
2026-01-17,SKU-1004,Beverages,171.0,0,1752.0,7,1923.0,1752.0,True,0.0,False,171.0,observed,180,established,False,False,False,False,False
2026-01-18,SKU-1004,Beverages,193.0,0,1559.0,7,1752.0,1559.0,True,0.0,False,193.0,observed,180,established,False,False,False,False,False
2026-01-19,SKU-1004,Beverages,339.0,1457,2677.0,7,1559.0,2677.0,True,0.0,False,339.0,observed,180,established,False,False,False,False,False
2026-01-20,SKU-1004,Beverages,206.0,0,2471.0,7,2677.0,2471.0,True,0.0,False,206.0,observed,180,established,False,False,False,False,False
2026-01-21,SKU-1004,Beverages,202.0,0,2269.0,7,2471.0,2269.0,True,0.0,False,202.0,observed,180,established,False,False,False,False,False
2026-01-22,SKU-1004,Beverages,244.0,0,2025.0,7,2269.0,2025.0,True,0.0,False,244.0,observed,180,established,False,False,False,False,False
2026-01-23,SKU-1004,Beverages,152.0,0,1873.0,7,2025.0,1873.0,True,0.0,False,152.0,observed,180,established,False,False,False,False,False
2026-01-24,SKU-1004,Beverages,130.0,0,1743.0,7,1873.0,1743.0,True,0.0,False,130.0,observed,180,established,False,False,False,False,False
2026-01-25,SKU-1004,Beverages,164.0,0,1579.0,7,1743.0,1579.0,True,0.0,False,164.0,observed,180,established,False,False,False,False,False
2026-01-26,SKU-1004,Beverages,171.0,0,1408.0,7,1579.0,1408.0,True,0.0,False,171.0,observed,180,established,False,False,False,False,False
2026-01-27,SKU-1004,Beverages,178.0,0,1230.0,7,1408.0,1230.0,True,0.0,False,178.0,observed,180,established,False,False,False,False,False
2026-01-28,SKU-1004,Beverages,230.0,1702,2702.0,7,1230.0,2702.0,True,0.0,False,230.0,observed,180,established,False,False,False,False,False
2026-01-29,SKU-1004,Beverages,219.0,0,2483.0,7,2702.0,2483.0,True,0.0,False,219.0,observed,180,established,False,False,False,False,False
2026-01-30,SKU-1004,Beverages,183.0,0,2300.0,7,2483.0,2300.0,True,0.0,False,183.0,observed,180,established,False,False,False,False,False
2026-01-31,SKU-1004,Beverages,139.0,0,2161.0,7,2300.0,2161.0,True,0.0,False,139.0,observed,180,established,False,False,False,False,False
2026-02-01,SKU-1004,Beverages,155.0,0,2006.0,7,2161.0,2006.0,True,0.0,False,155.0,observed,180,established,False,False,False,False,False
2026-02-02,SKU-1004,Beverages,197.0,0,1809.0,7,2006.0,1809.0,True,0.0,False,197.0,observed,180,established,False,False,False,False,False
2026-02-03,SKU-1004,Beverages,192.0,0,1617.0,7,1809.0,1617.0,True,0.0,False,192.0,observed,180,established,False,False,False,False,False
2026-02-04,SKU-1004,Beverages,265.0,0,1352.0,7,1617.0,1352.0,True,0.0,False,265.0,observed,180,established,False,False,False,False,False
2026-02-05,SKU-1004,Beverages,156.0,1850,3046.0,7,1352.0,3046.0,True,0.0,False,156.0,observed,180,established,False,False,False,False,False
2026-02-06,SKU-1004,Beverages,170.0,0,2876.0,7,3046.0,2876.0,True,0.0,False,170.0,observed,180,established,False,False,False,False,False
2026-02-07,SKU-1004,Beverages,137.0,0,2739.0,7,2876.0,2739.0,True,0.0,False,137.0,observed,180,established,False,False,False,False,False
2026-02-08,SKU-1004,Beverages,181.0,0,2558.0,7,2739.0,2558.0,True,0.0,False,181.0,observed,180,established,False,False,False,False,False
2026-02-09,SKU-1004,Beverages,184.0,0,2374.0,7,2558.0,2374.0,True,0.0,False,184.0,observed,180,established,False,False,False,False,False
2026-02-10,SKU-1004,Beverages,192.0,0,2182.0,7,2374.0,2182.0,True,0.0,False,192.0,observed,180,established,False,False,False,False,False
2026-02-11,SKU-1004,Beverages,223.0,0,1959.0,7,2182.0,1959.0,True,0.0,False,223.0,observed,180,established,False,False,False,False,False
2026-02-12,SKU-1004,Beverages,205.0,0,1754.0,7,1959.0,1754.0,True,0.0,False,205.0,observed,180,established,False,False,False,False,False
2026-02-13,SKU-1004,Beverages,168.0,0,1586.0,7,1754.0,1586.0,True,0.0,False,168.0,observed,180,established,False,False,False,False,False
2026-02-14,SKU-1004,Beverages,130.0,0,1456.0,7,1586.0,1456.0,True,0.0,False,130.0,observed,180,established,False,False,False,False,False
2026-02-15,SKU-1004,Beverages,150.0,1438,2744.0,7,1456.0,2744.0,True,0.0,False,150.0,observed,180,established,False,False,False,False,False
2026-02-16,SKU-1004,Beverages,158.0,0,2586.0,7,2744.0,2586.0,True,0.0,False,158.0,observed,180,established,False,False,False,False,False
2026-02-17,SKU-1004,Beverages,205.0,0,2381.0,7,2586.0,2381.0,True,0.0,False,205.0,observed,180,established,False,False,False,False,False
2026-02-18,SKU-1004,Beverages,189.0,0,2192.0,7,2381.0,2192.0,True,0.0,False,189.0,observed,180,established,False,False,False,False,False
2026-02-19,SKU-1004,Beverages,213.0,0,1979.0,7,2192.0,1979.0,True,0.0,False,213.0,observed,180,established,False,False,False,False,False
2026-02-20,SKU-1004,Beverages,166.0,0,1813.0,7,1979.0,1813.0,True,0.0,False,166.0,observed,180,established,False,False,False,False,False
2026-02-21,SKU-1004,Beverages,140.0,0,1673.0,7,1813.0,1673.0,True,0.0,False,140.0,observed,180,established,False,False,False,False,False
2026-02-22,SKU-1004,Beverages,156.0,0,1517.0,7,1673.0,1517.0,True,0.0,False,156.0,observed,180,established,False,False,False,False,False
2026-02-23,SKU-1004,Beverages,69.0,0,1448.0,7,1517.0,1448.0,True,0.0,False,69.0,observed,180,established,False,False,False,False,False
2026-02-24,SKU-1004,Beverages,216.0,1717,2949.0,7,1448.0,2949.0,True,0.0,False,216.0,observed,180,established,False,False,False,False,False
2026-02-25,SKU-1004,Beverages,199.0,0,2750.0,7,2949.0,2750.0,True,0.0,False,199.0,observed,180,established,False,False,False,False,False
2026-02-26,SKU-1004,Beverages,202.0,0,2548.0,7,2750.0,2548.0,True,0.0,False,202.0,observed,180,established,False,False,False,False,False
2026-02-27,SKU-1004,Beverages,150.0,0,2398.0,7,2548.0,2398.0,True,0.0,False,150.0,observed,180,established,False,False,False,False,False
2026-02-28,SKU-1004,Beverages,128.0,0,2270.0,7,2398.0,2270.0,True,0.0,False,128.0,observed,180,established,False,False,False,False,False
2026-03-01,SKU-1004,Beverages,154.0,0,2116.0,7,2270.0,2116.0,True,0.0,False,154.0,observed,180,established,False,False,False,False,False
2026-03-02,SKU-1004,Beverages,214.0,0,1902.0,7,2116.0,1902.0,True,0.0,False,214.0,observed,180,established,False,False,False,False,False
2026-03-03,SKU-1004,Beverages,198.0,0,1704.0,7,1902.0,,False,,False,,stock_balance_reconstructed,180,established,False,False,False,False,False
2026-03-04,SKU-1004,Beverages,199.0,0,1505.0,7,1704.0,1505.0,True,0.0,False,199.0,observed,180,established,False,False,False,False,False
2026-03-05,SKU-1004,Beverages,228.0,0,1277.0,7,1505.0,1277.0,True,0.0,False,228.0,observed,180,established,False,False,False,False,False
2026-03-06,SKU-1004,Beverages,198.0,1843,2922.0,7,1277.0,2922.0,True,0.0,False,198.0,observed,180,established,False,False,False,False,False
2026-03-07,SKU-1004,Beverages,124.0,0,2798.0,7,2922.0,2798.0,True,0.0,False,124.0,observed,180,established,False,False,False,False,False
2026-03-08,SKU-1004,Beverages,149.0,0,2649.0,7,2798.0,2649.0,True,0.0,False,149.0,observed,180,established,False,False,False,False,False
2026-03-09,SKU-1004,Beverages,169.0,0,2480.0,7,2649.0,2480.0,True,0.0,False,169.0,observed,180,established,False,False,False,False,False
2026-03-10,SKU-1004,Beverages,227.0,0,2253.0,7,2480.0,2253.0,True,0.0,False,227.0,observed,180,established,False,False,False,False,False
2026-03-11,SKU-1004,Beverages,198.0,0,2055.0,7,2253.0,2055.0,True,0.0,False,198.0,observed,180,established,False,False,False,False,False
2026-03-12,SKU-1004,Beverages,232.0,0,1823.0,7,2055.0,1823.0,True,0.0,False,232.0,observed,180,established,False,False,False,False,False
2026-03-13,SKU-1004,Beverages,160.0,0,1663.0,7,1823.0,1663.0,True,0.0,False,160.0,observed,180,established,False,False,False,False,False
2026-03-14,SKU-1004,Beverages,142.0,0,1521.0,7,1663.0,1521.0,True,0.0,False,142.0,observed,180,established,False,False,False,False,False
2026-03-15,SKU-1004,Beverages,150.0,0,1371.0,7,1521.0,1371.0,True,0.0,False,150.0,observed,180,established,False,False,False,False,False
2026-03-16,SKU-1004,Beverages,160.0,1936,3147.0,7,1371.0,3147.0,True,0.0,False,160.0,observed,180,established,False,False,False,False,False
2026-03-17,SKU-1004,Beverages,224.0,0,2923.0,7,3147.0,2923.0,True,0.0,False,224.0,observed,180,established,False,False,False,False,False
2026-03-18,SKU-1004,Beverages,212.0,0,2711.0,7,2923.0,2711.0,True,0.0,False,212.0,observed,180,established,False,False,False,False,False
2026-03-19,SKU-1004,Beverages,210.0,0,2501.0,7,2711.0,2501.0,True,0.0,False,210.0,observed,180,established,False,False,False,False,False
2026-03-20,SKU-1004,Beverages,134.0,0,2367.0,7,2501.0,2367.0,True,0.0,False,134.0,observed,180,established,False,False,False,False,False
2026-03-21,SKU-1004,Beverages,121.0,0,2246.0,7,2367.0,2246.0,True,0.0,False,121.0,observed,180,established,False,False,False,False,False
2026-03-22,SKU-1004,Beverages,138.0,0,2108.0,7,2246.0,2108.0,True,0.0,False,138.0,observed,180,established,False,False,False,False,False
2026-03-23,SKU-1004,Beverages,202.0,0,1906.0,7,2108.0,1906.0,True,0.0,False,202.0,observed,180,established,False,False,False,False,False
2026-03-24,SKU-1004,Beverages,200.0,0,1706.0,7,1906.0,1706.0,True,0.0,False,200.0,observed,180,established,False,False,False,False,False
2026-03-25,SKU-1004,Beverages,250.0,0,1456.0,7,1706.0,1456.0,True,0.0,False,250.0,observed,180,established,False,False,False,False,False
2026-03-26,SKU-1004,Beverages,214.0,0,1242.0,7,1456.0,1242.0,True,0.0,False,214.0,observed,180,established,False,False,False,False,False
2026-03-27,SKU-1004,Beverages,154.0,0,1088.0,7,1242.0,1088.0,True,0.0,False,154.0,observed,180,established,False,False,False,False,False
2026-03-28,SKU-1004,Beverages,136.0,1722,2674.0,7,1088.0,2674.0,True,0.0,False,136.0,observed,180,established,False,False,False,False,False
2026-03-29,SKU-1004,Beverages,103.0,0,2571.0,7,2674.0,2571.0,True,0.0,False,103.0,observed,180,established,False,False,False,False,False
2026-03-30,SKU-1004,Beverages,370.0,0,2201.0,7,2571.0,2201.0,True,0.0,False,370.0,observed,180,established,False,False,False,False,False
2026-03-31,SKU-1004,Beverages,185.0,0,2016.0,7,2201.0,2016.0,True,0.0,False,185.0,observed,180,established,False,False,False,False,False
2026-04-01,SKU-1004,Beverages,234.0,0,1782.0,7,2016.0,1782.0,True,0.0,False,234.0,observed,180,established,False,False,False,False,False
2026-04-02,SKU-1004,Beverages,101.0,0,1681.0,7,1782.0,1681.0,True,0.0,False,101.0,observed,180,established,False,False,False,False,False
2026-04-03,SKU-1004,Beverages,189.0,1910,3402.0,7,1681.0,3402.0,True,0.0,False,189.0,observed,180,established,False,False,False,False,False
2026-04-04,SKU-1004,Beverages,107.0,0,3295.0,7,3402.0,3295.0,True,0.0,False,107.0,observed,180,established,False,False,False,False,False
2026-04-05,SKU-1004,Beverages,152.0,0,3143.0,7,3295.0,3143.0,True,0.0,False,152.0,observed,180,established,False,False,False,False,False
2026-04-06,SKU-1004,Beverages,186.0,0,2957.0,7,3143.0,2957.0,True,0.0,False,186.0,observed,180,established,False,False,False,False,False
2026-04-07,SKU-1004,Beverages,220.0,0,2737.0,7,2957.0,2737.0,True,0.0,False,220.0,observed,180,established,False,False,False,False,False
2026-04-08,SKU-1004,Beverages,207.0,0,2530.0,7,2737.0,2530.0,True,0.0,False,207.0,observed,180,established,False,False,False,False,False
2026-04-09,SKU-1004,Beverages,197.0,0,2333.0,7,2530.0,2333.0,True,0.0,False,197.0,observed,180,established,False,False,False,False,False
2026-04-10,SKU-1004,Beverages,46.0,0,2287.0,7,2333.0,,False,,False,,stock_balance_reconstructed,180,established,False,False,False,False,False
2026-04-11,SKU-1004,Beverages,101.0,0,2186.0,7,2287.0,2186.0,True,0.0,False,101.0,observed,180,established,False,False,False,False,False
2026-04-12,SKU-1004,Beverages,126.0,0,2060.0,7,2186.0,2060.0,True,0.0,False,126.0,observed,180,established,False,False,False,False,False
2026-04-13,SKU-1004,Beverages,185.0,0,1875.0,7,2060.0,1875.0,True,0.0,False,185.0,observed,180,established,False,False,False,False,False
2026-04-14,SKU-1004,Beverages,213.0,0,1662.0,7,1875.0,1662.0,True,0.0,False,213.0,observed,180,established,False,False,False,False,False
2026-04-15,SKU-1004,Beverages,190.0,1752,3224.0,7,1662.0,3224.0,True,0.0,False,190.0,observed,180,established,False,False,False,False,False
2026-04-16,SKU-1004,Beverages,154.0,0,3070.0,7,3224.0,3070.0,True,0.0,False,154.0,observed,180,established,False,False,False,False,False
2026-04-17,SKU-1004,Beverages,144.0,0,2926.0,7,3070.0,2926.0,True,0.0,False,144.0,observed,180,established,False,False,False,False,False
2026-04-18,SKU-1004,Beverages,119.0,0,2807.0,7,2926.0,2807.0,True,0.0,False,119.0,observed,180,established,False,False,False,False,False
2026-04-19,SKU-1004,Beverages,148.0,0,2659.0,7,2807.0,2659.0,True,0.0,False,148.0,observed,180,established,False,False,False,False,False
2026-04-20,SKU-1004,Beverages,201.0,0,2458.0,7,2659.0,2458.0,True,0.0,False,201.0,observed,180,established,False,False,False,False,False
2026-04-21,SKU-1004,Beverages,185.0,0,2273.0,7,2458.0,2273.0,True,0.0,False,185.0,observed,180,established,False,False,False,False,False
2026-04-22,SKU-1004,Beverages,249.0,0,2024.0,7,2273.0,,False,,False,,stock_balance_reconstructed,180,established,False,False,False,False,False
2026-04-23,SKU-1004,Beverages,182.0,0,1842.0,7,2024.0,1842.0,True,0.0,False,182.0,observed,180,established,False,False,False,False,False
2026-04-24,SKU-1004,Beverages,155.0,0,1687.0,7,1842.0,1687.0,True,0.0,False,155.0,observed,180,established,False,False,False,False,False
2026-04-25,SKU-1004,Beverages,138.0,0,1549.0,7,1687.0,1549.0,True,0.0,False,138.0,observed,180,established,False,False,False,False,False
2026-04-26,SKU-1004,Beverages,140.0,0,1409.0,7,1549.0,1409.0,True,0.0,False,140.0,observed,180,established,False,False,False,False,False
2026-04-27,SKU-1004,Beverages,181.0,0,1228.0,7,1409.0,1228.0,True,0.0,False,181.0,observed,180,established,False,False,False,False,False
2026-04-28,SKU-1004,Beverages,231.0,0,997.0,7,1228.0,997.0,True,0.0,False,231.0,observed,180,established,False,False,False,False,False
2026-04-29,SKU-1004,Beverages,217.0,0,780.0,7,997.0,780.0,True,0.0,False,217.0,observed,180,established,False,False,False,False,False
2026-04-30,SKU-1004,Beverages,199.0,1519,2100.0,7,780.0,2100.0,True,0.0,False,199.0,observed,180,established,False,False,False,False,False
2026-05-01,SKU-1004,Beverages,170.0,0,1930.0,7,2100.0,1930.0,True,0.0,False,170.0,observed,180,established,False,False,False,False,False
2026-05-02,SKU-1004,Beverages,56.0,0,1874.0,7,1930.0,1874.0,True,0.0,False,56.0,observed,180,established,False,False,False,False,False
2026-05-03,SKU-1004,Beverages,126.0,0,1748.0,7,1874.0,1748.0,True,0.0,False,126.0,observed,180,established,False,False,False,False,False
2026-05-04,SKU-1004,Beverages,158.0,0,1590.0,7,1748.0,1590.0,True,0.0,False,158.0,observed,180,established,False,False,False,False,False
2026-05-05,SKU-1004,Beverages,204.0,0,1386.0,7,1590.0,1386.0,True,0.0,False,204.0,observed,180,established,False,False,False,False,False
2026-05-06,SKU-1004,Beverages,234.0,0,1152.0,7,1386.0,1152.0,True,0.0,False,234.0,observed,180,established,False,False,False,False,False
2026-05-07,SKU-1004,Beverages,185.0,0,967.0,7,1152.0,967.0,True,0.0,False,185.0,observed,180,established,False,False,False,False,False
2026-05-08,SKU-1004,Beverages,143.0,0,824.0,7,967.0,824.0,True,0.0,False,143.0,observed,180,established,False,False,False,False,False
2026-05-09,SKU-1004,Beverages,129.0,0,695.0,7,824.0,695.0,True,0.0,False,129.0,observed,180,established,False,False,False,False,False
2026-05-10,SKU-1004,Beverages,133.0,0,562.0,7,695.0,562.0,True,0.0,False,133.0,observed,180,established,False,False,False,False,False
2026-05-11,SKU-1004,Beverages,171.0,0,391.0,7,562.0,391.0,True,0.0,False,171.0,observed,180,established,False,False,False,False,False
2026-05-12,SKU-1004,Beverages,187.0,0,204.0,7,391.0,204.0,True,0.0,False,187.0,observed,180,established,False,False,False,False,False
2026-05-13,SKU-1004,Beverages,189.0,0,15.0,7,204.0,15.0,True,0.0,False,189.0,observed,180,established,False,False,False,False,False
2026-05-14,SKU-1004,Beverages,215.0,0,0.0,7,15.0,-200.0,False,-200.0,True,215.0,observed,180,established,False,False,False,True,False
2026-05-15,SKU-1004,Beverages,175.0,0,0.0,7,0.0,-175.0,False,-175.0,True,175.0,observed,180,established,False,False,False,True,False
2026-05-16,SKU-1004,Beverages,125.0,0,0.0,7,0.0,-125.0,False,-125.0,True,125.0,observed,180,established,False,False,False,True,False
2026-05-17,SKU-1004,Beverages,158.0,0,0.0,7,0.0,-158.0,False,-158.0,True,158.0,observed,180,established,False,False,False,True,False
2026-05-18,SKU-1004,Beverages,136.0,0,0.0,7,0.0,-136.0,False,-136.0,True,136.0,observed,180,established,False,False,False,True,False
2026-05-19,SKU-1004,Beverages,242.0,0,0.0,7,0.0,-242.0,False,-242.0,True,242.0,observed,180,established,False,False,False,True,False
2026-05-20,SKU-1004,Beverages,236.0,0,0.0,7,0.0,-236.0,False,-236.0,True,236.0,observed,180,established,False,False,False,True,False
2026-05-21,SKU-1004,Beverages,227.0,0,0.0,7,0.0,-227.0,False,-227.0,True,227.0,observed,180,established,False,False,False,True,False
2026-05-22,SKU-1004,Beverages,159.0,1765,1606.0,7,0.0,1606.0,True,0.0,False,159.0,observed,180,established,False,False,False,False,False
2026-05-23,SKU-1004,Beverages,138.0,0,1468.0,7,1606.0,1468.0,True,0.0,False,138.0,observed,180,established,False,False,False,False,False
2026-05-24,SKU-1004,Beverages,144.0,1474,2798.0,7,1468.0,2798.0,True,0.0,False,144.0,observed,180,established,False,False,False,False,False
2026-05-25,SKU-1004,Beverages,137.0,0,2661.0,7,2798.0,2661.0,True,0.0,False,137.0,observed,180,established,False,False,False,False,False
2026-05-26,SKU-1004,Beverages,191.0,0,2470.0,7,2661.0,2470.0,True,0.0,False,191.0,observed,180,established,False,False,False,False,False
2026-05-27,SKU-1004,Beverages,212.0,0,2258.0,7,2470.0,2258.0,True,0.0,False,212.0,observed,180,established,False,False,False,False,False
2026-05-28,SKU-1004,Beverages,192.0,0,2066.0,7,2258.0,2066.0,True,0.0,False,192.0,observed,180,established,False,False,False,False,False
2026-05-29,SKU-1004,Beverages,180.0,0,1886.0,7,2066.0,1886.0,True,0.0,False,180.0,observed,180,established,False,False,False,False,False
2026-05-30,SKU-1004,Beverages,119.0,0,1767.0,7,1886.0,1767.0,True,0.0,False,119.0,observed,180,established,False,False,False,False,False
2026-05-31,SKU-1004,Beverages,285.0,0,1482.0,7,1767.0,1482.0,True,0.0,False,285.0,observed,180,established,False,False,False,False,False
2026-06-01,SKU-1004,Beverages,184.0,0,1298.0,7,1482.0,1298.0,True,0.0,False,184.0,observed,180,established,False,False,False,False,False
2026-06-02,SKU-1004,Beverages,191.0,1341,2448.0,7,1298.0,2448.0,True,0.0,False,191.0,observed,180,established,False,False,False,False,False
2026-06-03,SKU-1004,Beverages,202.0,0,2246.0,7,2448.0,2246.0,True,0.0,False,202.0,observed,180,established,False,False,False,False,False
2026-06-04,SKU-1004,Beverages,80.0,0,2166.0,7,2246.0,2166.0,True,0.0,False,80.0,observed,180,established,False,False,False,False,False
2026-06-05,SKU-1004,Beverages,142.0,0,2024.0,7,2166.0,2024.0,True,0.0,False,142.0,observed,180,established,False,False,False,False,False
2026-06-06,SKU-1004,Beverages,119.0,0,1905.0,7,2024.0,1905.0,True,0.0,False,119.0,observed,180,established,False,False,False,False,False
2026-06-07,SKU-1004,Beverages,133.0,0,1772.0,7,1905.0,1772.0,True,0.0,False,133.0,observed,180,established,False,False,False,False,False
2026-06-08,SKU-1004,Beverages,193.0,0,1579.0,7,1772.0,1579.0,True,0.0,False,193.0,observed,180,established,False,False,False,False,False
2026-06-09,SKU-1004,Beverages,233.0,0,1346.0,7,1579.0,1346.0,True,0.0,False,233.0,observed,180,established,False,False,False,False,False
2026-06-10,SKU-1004,Beverages,147.0,0,1199.0,7,1346.0,1199.0,True,0.0,False,147.0,observed,180,established,False,False,False,False,False
2026-06-11,SKU-1004,Beverages,154.0,0,1045.0,7,1199.0,1045.0,True,0.0,False,154.0,observed,180,established,False,False,False,False,False
2026-06-12,SKU-1004,Beverages,141.0,0,904.0,7,1045.0,904.0,True,0.0,False,141.0,observed,180,established,False,False,False,False,False
2026-06-13,SKU-1004,Beverages,141.0,0,763.0,7,904.0,763.0,True,0.0,False,141.0,observed,180,established,False,False,False,False,False
2026-06-14,SKU-1004,Beverages,157.0,1358,1964.0,7,763.0,1964.0,True,0.0,False,157.0,observed,180,established,False,False,False,False,False
2026-06-15,SKU-1004,Beverages,170.0,0,1794.0,7,1964.0,1794.0,True,0.0,False,170.0,observed,180,established,False,False,False,False,False
2026-06-16,SKU-1004,Beverages,189.0,0,1605.0,7,1794.0,1605.0,True,0.0,False,189.0,observed,180,established,False,False,False,False,False
2026-06-17,SKU-1004,Beverages,173.0,0,1432.0,7,1605.0,1432.0,True,0.0,False,173.0,observed,180,established,False,False,False,False,False
2026-06-18,SKU-1004,Beverages,183.0,1822,3071.0,7,1432.0,3071.0,True,0.0,False,183.0,observed,180,established,False,False,False,False,False
2026-06-19,SKU-1004,Beverages,162.0,0,2909.0,7,3071.0,2909.0,True,0.0,False,162.0,observed,180,established,False,False,False,False,False
2026-06-20,SKU-1004,Beverages,121.0,0,2788.0,7,2909.0,2788.0,True,0.0,False,121.0,observed,180,established,False,False,False,False,False
2026-06-21,SKU-1004,Beverages,136.0,0,2652.0,7,2788.0,2652.0,True,0.0,False,136.0,observed,180,established,False,False,False,False,False
2026-06-22,SKU-1004,Beverages,177.0,0,2475.0,7,2652.0,2475.0,True,0.0,False,177.0,observed,180,established,False,False,False,False,False
2026-06-23,SKU-1004,Beverages,225.0,0,2250.0,7,2475.0,2250.0,True,0.0,False,225.0,observed,180,established,False,False,False,False,False
2026-06-24,SKU-1004,Beverages,204.0,0,2046.0,7,2250.0,2046.0,True,0.0,False,204.0,observed,180,established,False,False,False,False,False
2026-06-25,SKU-1004,Beverages,182.0,0,1864.0,7,2046.0,1864.0,True,0.0,False,182.0,observed,180,established,False,False,False,False,False
2026-06-26,SKU-1004,Beverages,171.0,0,1693.0,7,1864.0,1693.0,True,0.0,False,171.0,observed,180,established,False,False,False,False,False
2026-06-27,SKU-1004,Beverages,144.0,0,1549.0,7,1693.0,1549.0,True,0.0,False,144.0,observed,180,established,False,False,False,False,False
2026-06-28,SKU-1004,Beverages,155.0,0,1394.0,7,1549.0,1394.0,True,0.0,False,155.0,observed,180,established,False,False,False,False,False
2026-06-29,SKU-1004,Beverages,144.0,1645,2895.0,7,1394.0,2895.0,True,0.0,False,144.0,observed,180,established,False,False,False,False,False
2026-01-01,SKU-1005,Pasta,83.0,1105,1803.0,10,,,False,,False,83.0,observed,180,established,False,False,False,False,False
2026-01-02,SKU-1005,Pasta,91.0,0,,10,1803.0,1712.0,False,,False,91.0,observed,180,established,False,True,False,False,False
2026-01-03,SKU-1005,Pasta,105.0,0,1607.0,10,,,False,,False,105.0,observed,180,established,False,False,False,False,False
2026-01-04,SKU-1005,Pasta,81.0,0,1526.0,10,1607.0,1526.0,True,0.0,False,81.0,observed,180,established,False,False,False,False,False
2026-01-05,SKU-1005,Pasta,108.0,0,1418.0,10,1526.0,1418.0,True,0.0,False,108.0,observed,180,established,False,False,False,False,False
2026-01-06,SKU-1005,Pasta,100.0,0,1318.0,10,1418.0,1318.0,True,0.0,False,100.0,observed,180,established,False,False,False,False,False
2026-01-07,SKU-1005,Pasta,121.0,0,1197.0,10,1318.0,1197.0,True,0.0,False,121.0,observed,180,established,False,False,False,False,False
2026-01-08,SKU-1005,Pasta,104.0,0,1093.0,10,1197.0,1093.0,True,0.0,False,104.0,observed,180,established,False,False,False,False,False
2026-01-09,SKU-1005,Pasta,94.0,0,999.0,10,1093.0,999.0,True,0.0,False,94.0,observed,180,established,False,False,False,False,False
2026-01-10,SKU-1005,Pasta,74.0,0,925.0,10,999.0,925.0,True,0.0,False,74.0,observed,180,established,False,False,False,False,False
2026-01-11,SKU-1005,Pasta,110.0,0,815.0,10,925.0,815.0,True,0.0,False,110.0,observed,180,established,False,False,False,False,False
2026-01-12,SKU-1005,Pasta,95.0,0,720.0,10,815.0,720.0,True,0.0,False,95.0,observed,180,established,False,False,False,False,False
2026-01-13,SKU-1005,Pasta,100.0,0,620.0,10,720.0,620.0,True,0.0,False,100.0,observed,180,established,False,False,False,False,False
2026-01-14,SKU-1005,Pasta,115.0,0,505.0,10,620.0,505.0,True,0.0,False,115.0,observed,180,established,False,False,False,False,False
2026-01-15,SKU-1005,Pasta,112.0,0,393.0,10,505.0,393.0,True,0.0,False,112.0,observed,180,established,False,False,False,False,False
2026-01-16,SKU-1005,Pasta,91.0,1460,1762.0,10,393.0,1762.0,True,0.0,False,91.0,observed,180,established,False,False,False,False,False
2026-01-17,SKU-1005,Pasta,94.0,0,1668.0,10,1762.0,1668.0,True,0.0,False,94.0,observed,180,established,False,False,False,False,False
2026-01-18,SKU-1005,Pasta,80.0,0,1588.0,10,1668.0,1588.0,True,0.0,False,80.0,observed,180,established,False,False,False,False,False
2026-01-19,SKU-1005,Pasta,76.0,0,1512.0,10,1588.0,1512.0,True,0.0,False,76.0,observed,180,established,False,False,False,False,False
2026-01-20,SKU-1005,Pasta,113.0,0,1399.0,10,1512.0,1399.0,True,0.0,False,113.0,observed,180,established,False,False,False,False,False
2026-01-21,SKU-1005,Pasta,94.0,0,1305.0,10,1399.0,1305.0,True,0.0,False,94.0,observed,180,established,False,False,False,False,False
2026-01-22,SKU-1005,Pasta,93.0,0,1212.0,10,1305.0,1212.0,True,0.0,False,93.0,observed,180,established,False,False,False,False,False
2026-01-23,SKU-1005,Pasta,96.0,0,1116.0,10,1212.0,1116.0,True,0.0,False,96.0,observed,180,established,False,False,False,False,False
2026-01-24,SKU-1005,Pasta,96.0,0,1020.0,10,1116.0,1020.0,True,0.0,False,96.0,observed,180,established,False,False,False,False,False
2026-01-25,SKU-1005,Pasta,97.0,1098,2021.0,10,1020.0,2021.0,True,0.0,False,97.0,observed,180,established,False,False,False,False,False
2026-01-26,SKU-1005,Pasta,103.0,0,1918.0,10,2021.0,1918.0,True,0.0,False,103.0,observed,180,established,False,False,False,False,False
2026-01-27,SKU-1005,Pasta,107.0,0,,10,1918.0,1811.0,False,,False,107.0,observed,180,established,False,True,False,False,False
2026-01-28,SKU-1005,Pasta,109.0,0,1702.0,10,,,False,,False,109.0,observed,180,established,False,False,False,False,False
2026-01-29,SKU-1005,Pasta,93.0,0,1609.0,10,1702.0,1609.0,True,0.0,False,93.0,observed,180,established,False,False,False,False,False
2026-01-30,SKU-1005,Pasta,92.0,0,1517.0,10,1609.0,1517.0,True,0.0,False,92.0,observed,180,established,False,False,False,False,False
2026-01-31,SKU-1005,Pasta,85.0,0,1432.0,10,1517.0,1432.0,True,0.0,False,85.0,observed,180,established,False,False,False,False,False
2026-02-01,SKU-1005,Pasta,85.0,0,1347.0,10,1432.0,1347.0,True,0.0,False,85.0,observed,180,established,False,False,False,False,False
2026-02-02,SKU-1005,Pasta,97.0,0,1250.0,10,1347.0,1250.0,True,0.0,False,97.0,observed,180,established,False,False,False,False,False
2026-02-03,SKU-1005,Pasta,89.0,0,1161.0,10,1250.0,1161.0,True,0.0,False,89.0,observed,180,established,False,False,False,False,False
2026-02-04,SKU-1005,Pasta,100.0,0,1061.0,10,1161.0,1061.0,True,0.0,False,100.0,observed,180,established,False,False,False,False,False
2026-02-05,SKU-1005,Pasta,105.0,0,956.0,10,1061.0,956.0,True,0.0,False,105.0,observed,180,established,False,False,False,False,False
2026-02-06,SKU-1005,Pasta,100.0,0,856.0,10,956.0,856.0,True,0.0,False,100.0,observed,180,established,False,False,False,False,False
2026-02-07,SKU-1005,Pasta,130.0,1002,1728.0,10,856.0,1728.0,True,0.0,False,130.0,observed,180,established,False,False,False,False,False
2026-02-08,SKU-1005,Pasta,77.0,0,1651.0,10,1728.0,1651.0,True,0.0,False,77.0,observed,180,established,False,False,False,False,False
2026-02-09,SKU-1005,Pasta,94.0,0,1557.0,10,1651.0,1557.0,True,0.0,False,94.0,observed,180,established,False,False,False,False,False
2026-02-10,SKU-1005,Pasta,94.0,0,1463.0,10,1557.0,1463.0,True,0.0,False,94.0,observed,180,established,False,False,False,False,False
2026-02-11,SKU-1005,Pasta,98.0,0,1365.0,10,1463.0,1365.0,True,0.0,False,98.0,observed,180,established,False,False,False,False,False
2026-02-12,SKU-1005,Pasta,104.0,0,1261.0,10,1365.0,1261.0,True,0.0,False,104.0,observed,180,established,False,False,False,False,False
2026-02-13,SKU-1005,Pasta,90.0,0,1171.0,10,1261.0,1171.0,True,0.0,False,90.0,observed,180,established,False,False,False,False,False
2026-02-14,SKU-1005,Pasta,92.0,0,1079.0,10,1171.0,1079.0,True,0.0,False,92.0,observed,180,established,False,False,False,False,False
2026-02-15,SKU-1005,Pasta,105.0,0,974.0,10,1079.0,974.0,True,0.0,False,105.0,observed,180,established,False,False,False,False,False
2026-02-16,SKU-1005,Pasta,96.0,0,878.0,10,974.0,878.0,True,0.0,False,96.0,observed,180,established,False,False,False,False,False
2026-02-17,SKU-1005,Pasta,105.0,0,773.0,10,878.0,773.0,True,0.0,False,105.0,observed,180,established,False,False,False,False,False
2026-02-18,SKU-1005,Pasta,94.0,1344,2023.0,10,773.0,2023.0,True,0.0,False,94.0,observed,180,established,False,False,False,False,False
2026-02-19,SKU-1005,Pasta,111.0,0,,10,2023.0,1912.0,False,,False,111.0,observed,180,established,False,True,False,False,False
2026-02-20,SKU-1005,Pasta,88.0,0,1824.0,10,,,False,,False,88.0,observed,180,established,False,False,False,False,False
2026-02-21,SKU-1005,Pasta,88.0,0,1736.0,10,1824.0,1736.0,True,0.0,False,88.0,observed,180,established,False,False,False,False,False
2026-02-22,SKU-1005,Pasta,98.0,0,1638.0,10,1736.0,1638.0,True,0.0,False,98.0,observed,180,established,False,False,False,False,False
2026-02-23,SKU-1005,Pasta,95.0,0,1543.0,10,1638.0,1543.0,True,0.0,False,95.0,observed,180,established,False,False,False,False,False
2026-02-24,SKU-1005,Pasta,104.0,0,1439.0,10,1543.0,1439.0,True,0.0,False,104.0,observed,180,established,False,False,False,False,False
2026-02-25,SKU-1005,Pasta,70.0,0,1369.0,10,1439.0,1369.0,True,0.0,False,70.0,observed,180,established,False,False,False,False,False
2026-02-26,SKU-1005,Pasta,105.0,0,1264.0,10,1369.0,1264.0,True,0.0,False,105.0,observed,180,established,False,False,False,False,False
2026-02-27,SKU-1005,Pasta,110.0,1095,2249.0,10,1264.0,2249.0,True,0.0,False,110.0,observed,180,established,False,False,False,False,False
2026-02-28,SKU-1005,Pasta,81.0,0,2168.0,10,2249.0,2168.0,True,0.0,False,81.0,observed,180,established,False,False,False,False,False
2026-03-01,SKU-1005,Pasta,109.0,0,2059.0,10,2168.0,2059.0,True,0.0,False,109.0,observed,180,established,False,False,False,False,False
2026-03-02,SKU-1005,Pasta,109.0,0,1950.0,10,2059.0,1950.0,True,0.0,False,109.0,observed,180,established,False,False,False,False,False
2026-03-03,SKU-1005,Pasta,90.0,0,1860.0,10,1950.0,1860.0,True,0.0,False,90.0,observed,180,established,False,False,False,False,False
2026-03-04,SKU-1005,Pasta,118.0,0,1742.0,10,1860.0,1742.0,True,0.0,False,118.0,observed,180,established,False,False,False,False,False
2026-03-05,SKU-1005,Pasta,97.0,0,1645.0,10,1742.0,1645.0,True,0.0,False,97.0,observed,180,established,False,False,False,False,False
2026-03-06,SKU-1005,Pasta,74.0,0,1571.0,10,1645.0,1571.0,True,0.0,False,74.0,observed,180,established,False,False,False,False,False
2026-03-07,SKU-1005,Pasta,90.0,0,1481.0,10,1571.0,1481.0,True,0.0,False,90.0,observed,180,established,False,False,False,False,False
2026-03-08,SKU-1005,Pasta,101.0,0,1380.0,10,1481.0,1380.0,True,0.0,False,101.0,observed,180,established,False,False,False,False,False
2026-03-09,SKU-1005,Pasta,98.0,0,1282.0,10,1380.0,1282.0,True,0.0,False,98.0,observed,180,established,False,False,False,False,False
2026-03-10,SKU-1005,Pasta,105.0,0,1177.0,10,1282.0,1177.0,True,0.0,False,105.0,observed,180,established,False,False,False,False,False
2026-03-11,SKU-1005,Pasta,118.0,1399,2458.0,10,1177.0,2458.0,True,0.0,False,118.0,observed,180,established,False,False,False,False,False
2026-03-12,SKU-1005,Pasta,98.0,0,2360.0,10,2458.0,2360.0,True,0.0,False,98.0,observed,180,established,False,False,False,False,False
2026-03-13,SKU-1005,Pasta,95.0,0,2265.0,10,2360.0,2265.0,True,0.0,False,95.0,observed,180,established,False,False,False,False,False
2026-03-14,SKU-1005,Pasta,105.0,0,2160.0,10,2265.0,2160.0,True,0.0,False,105.0,observed,180,established,False,False,False,False,False
2026-03-15,SKU-1005,Pasta,97.0,0,2063.0,10,2160.0,2063.0,True,0.0,False,97.0,observed,180,established,False,False,False,False,False
2026-03-16,SKU-1005,Pasta,99.0,0,1964.0,10,2063.0,1964.0,True,0.0,False,99.0,observed,180,established,False,False,False,False,False
2026-03-17,SKU-1005,Pasta,88.0,0,1876.0,10,1964.0,1876.0,True,0.0,False,88.0,observed,180,established,False,False,False,False,False
2026-03-18,SKU-1005,Pasta,82.0,0,1794.0,10,1876.0,1794.0,True,0.0,False,82.0,observed,180,established,False,False,False,False,False
2026-03-19,SKU-1005,Pasta,90.0,0,1704.0,10,1794.0,1704.0,True,0.0,False,90.0,observed,180,established,False,False,False,False,False
2026-03-20,SKU-1005,Pasta,99.0,0,1605.0,10,1704.0,,False,,False,,stock_balance_reconstructed,180,established,False,False,False,False,False
2026-03-21,SKU-1005,Pasta,77.0,0,1528.0,10,1605.0,1528.0,True,0.0,False,77.0,observed,180,established,False,False,False,False,False
2026-03-22,SKU-1005,Pasta,90.0,0,1438.0,10,1528.0,1438.0,True,0.0,False,90.0,observed,180,established,False,False,False,False,False
2026-03-23,SKU-1005,Pasta,111.0,0,1327.0,10,1438.0,1327.0,True,0.0,False,111.0,observed,180,established,False,False,False,False,False
2026-03-24,SKU-1005,Pasta,85.0,0,1242.0,10,1327.0,1242.0,True,0.0,False,85.0,observed,180,established,False,False,False,False,False
2026-03-25,SKU-1005,Pasta,71.0,0,1171.0,10,1242.0,1171.0,True,0.0,False,71.0,observed,180,established,False,False,False,False,False
2026-03-26,SKU-1005,Pasta,91.0,1452,2532.0,10,1171.0,2532.0,True,0.0,False,91.0,observed,180,established,False,False,False,False,False
2026-03-27,SKU-1005,Pasta,71.0,0,2461.0,10,2532.0,2461.0,True,0.0,False,71.0,observed,180,established,False,False,False,False,False
2026-03-28,SKU-1005,Pasta,90.0,0,2371.0,10,2461.0,2371.0,True,0.0,False,90.0,observed,180,established,False,False,False,False,False
2026-03-29,SKU-1005,Pasta,86.0,0,2285.0,10,2371.0,2285.0,True,0.0,False,86.0,observed,180,established,False,False,False,False,False
2026-03-30,SKU-1005,Pasta,115.0,0,2170.0,10,2285.0,2170.0,True,0.0,False,115.0,observed,180,established,False,False,False,False,False
2026-03-31,SKU-1005,Pasta,107.0,0,2063.0,10,2170.0,2063.0,True,0.0,False,107.0,observed,180,established,False,False,False,False,False
2026-04-01,SKU-1005,Pasta,105.0,0,1958.0,10,2063.0,1958.0,True,0.0,False,105.0,observed,180,established,False,False,False,False,False
2026-04-02,SKU-1005,Pasta,105.0,0,1853.0,10,1958.0,1853.0,True,0.0,False,105.0,observed,180,established,False,False,False,False,False
2026-04-03,SKU-1005,Pasta,98.0,0,1755.0,10,1853.0,1755.0,True,0.0,False,98.0,observed,180,established,False,False,False,False,False
2026-04-04,SKU-1005,Pasta,94.0,0,1661.0,10,1755.0,1661.0,True,0.0,False,94.0,observed,180,established,False,False,False,False,False
2026-04-05,SKU-1005,Pasta,80.0,0,1581.0,10,1661.0,1581.0,True,0.0,False,80.0,observed,180,established,False,False,False,False,False
2026-04-06,SKU-1005,Pasta,78.0,0,1503.0,10,1581.0,1503.0,True,0.0,False,78.0,observed,180,established,False,False,False,False,False
2026-04-07,SKU-1005,Pasta,97.0,0,1406.0,10,1503.0,1406.0,True,0.0,False,97.0,observed,180,established,False,False,False,False,False
2026-04-08,SKU-1005,Pasta,99.0,0,1307.0,10,1406.0,1307.0,True,0.0,False,99.0,observed,180,established,False,False,False,False,False
2026-04-09,SKU-1005,Pasta,101.0,0,1206.0,10,1307.0,1206.0,True,0.0,False,101.0,observed,180,established,False,False,False,False,False
2026-04-10,SKU-1005,Pasta,104.0,1428,2530.0,10,1206.0,2530.0,True,0.0,False,104.0,observed,180,established,False,False,False,False,False
2026-04-11,SKU-1005,Pasta,103.0,0,2427.0,10,2530.0,2427.0,True,0.0,False,103.0,observed,180,established,False,False,False,False,False
2026-04-12,SKU-1005,Pasta,105.0,0,2322.0,10,2427.0,2322.0,True,0.0,False,105.0,observed,180,established,False,False,False,False,False
2026-04-13,SKU-1005,Pasta,113.0,0,2209.0,10,2322.0,2209.0,True,0.0,False,113.0,observed,180,established,False,False,False,False,False
2026-04-14,SKU-1005,Pasta,96.0,0,2113.0,10,2209.0,2113.0,True,0.0,False,96.0,observed,180,established,False,False,False,False,False
2026-04-15,SKU-1005,Pasta,100.0,0,2013.0,10,2113.0,2013.0,True,0.0,False,100.0,observed,180,established,False,False,False,False,False
2026-04-16,SKU-1005,Pasta,112.0,0,1901.0,10,2013.0,1901.0,True,0.0,False,112.0,observed,180,established,False,False,False,False,False
2026-04-17,SKU-1005,Pasta,117.0,0,1784.0,10,1901.0,1784.0,True,0.0,False,117.0,observed,180,established,False,False,False,False,False
2026-04-18,SKU-1005,Pasta,63.0,0,1721.0,10,1784.0,1721.0,True,0.0,False,63.0,observed,180,established,False,False,False,False,False
2026-04-19,SKU-1005,Pasta,106.0,0,1615.0,10,1721.0,1615.0,True,0.0,False,106.0,observed,180,established,False,False,False,False,False
2026-04-20,SKU-1005,Pasta,89.0,0,1526.0,10,1615.0,1526.0,True,0.0,False,89.0,observed,180,established,False,False,False,False,False
2026-04-21,SKU-1005,Pasta,116.0,0,1410.0,10,1526.0,1410.0,True,0.0,False,116.0,observed,180,established,False,False,False,False,False
2026-04-22,SKU-1005,Pasta,97.0,0,1313.0,10,1410.0,1313.0,True,0.0,False,97.0,observed,180,established,False,False,False,False,False
2026-04-23,SKU-1005,Pasta,113.0,0,1200.0,10,1313.0,1200.0,True,0.0,False,113.0,observed,180,established,False,False,False,False,False
2026-04-24,SKU-1005,Pasta,104.0,1142,2238.0,10,1200.0,2238.0,True,0.0,False,104.0,observed,180,established,False,False,False,False,False
2026-04-25,SKU-1005,Pasta,67.0,0,2171.0,10,2238.0,2171.0,True,0.0,False,67.0,observed,180,established,False,False,False,False,False
2026-04-26,SKU-1005,Pasta,103.0,0,2068.0,10,2171.0,2068.0,True,0.0,False,103.0,observed,180,established,False,False,False,False,False
2026-04-27,SKU-1005,Pasta,188.0,0,1880.0,10,2068.0,1880.0,True,0.0,False,188.0,observed,180,established,False,False,False,False,False
2026-04-28,SKU-1005,Pasta,99.0,0,1781.0,10,1880.0,1781.0,True,0.0,False,99.0,observed,180,established,False,False,False,False,False
2026-04-29,SKU-1005,Pasta,108.0,0,1673.0,10,1781.0,1673.0,True,0.0,False,108.0,observed,180,established,False,False,False,False,False
2026-04-30,SKU-1005,Pasta,95.0,0,1578.0,10,1673.0,1578.0,True,0.0,False,95.0,observed,180,established,False,False,False,False,False
2026-05-01,SKU-1005,Pasta,73.0,0,1505.0,10,1578.0,1505.0,True,0.0,False,73.0,observed,180,established,False,False,False,False,False
2026-05-02,SKU-1005,Pasta,233.0,0,1272.0,10,1505.0,1272.0,True,0.0,False,233.0,observed,180,established,False,False,False,False,False
2026-05-03,SKU-1005,Pasta,91.0,0,1181.0,10,1272.0,1181.0,True,0.0,False,91.0,observed,180,established,False,False,False,False,False
2026-05-04,SKU-1005,Pasta,90.0,1437,2528.0,10,1181.0,2528.0,True,0.0,False,90.0,observed,180,established,False,False,False,False,False
2026-05-05,SKU-1005,Pasta,110.0,0,2418.0,10,2528.0,2418.0,True,0.0,False,110.0,observed,180,established,False,False,False,False,False
2026-05-06,SKU-1005,Pasta,78.0,0,2340.0,10,2418.0,2340.0,True,0.0,False,78.0,observed,180,established,False,False,False,False,False
2026-05-07,SKU-1005,Pasta,91.0,0,2249.0,10,2340.0,2249.0,True,0.0,False,91.0,observed,180,established,False,False,False,False,False
2026-05-08,SKU-1005,Pasta,85.0,0,2164.0,10,2249.0,2164.0,True,0.0,False,85.0,observed,180,established,False,False,False,False,False
2026-05-09,SKU-1005,Pasta,97.0,0,2067.0,10,2164.0,2067.0,True,0.0,False,97.0,observed,180,established,False,False,False,False,False
2026-05-10,SKU-1005,Pasta,87.0,0,1980.0,10,2067.0,1980.0,True,0.0,False,87.0,observed,180,established,False,False,False,False,False
2026-05-11,SKU-1005,Pasta,65.0,0,1915.0,10,1980.0,1915.0,True,0.0,False,65.0,observed,180,established,False,False,False,False,False
2026-05-12,SKU-1005,Pasta,97.0,0,1818.0,10,1915.0,1818.0,True,0.0,False,97.0,observed,180,established,False,False,False,False,False
2026-05-13,SKU-1005,Pasta,117.0,0,1701.0,10,1818.0,,False,,False,,stock_balance_reconstructed,180,established,False,False,False,False,False
2026-05-14,SKU-1005,Pasta,102.0,0,1599.0,10,1701.0,1599.0,True,0.0,False,102.0,observed,180,established,False,False,False,False,False
2026-05-15,SKU-1005,Pasta,81.0,0,1518.0,10,1599.0,1518.0,True,0.0,False,81.0,observed,180,established,False,False,False,False,False
2026-05-16,SKU-1005,Pasta,72.0,0,1446.0,10,1518.0,1446.0,True,0.0,False,72.0,observed,180,established,False,False,False,False,False
2026-05-17,SKU-1005,Pasta,81.0,0,1365.0,10,1446.0,1365.0,True,0.0,False,81.0,observed,180,established,False,False,False,False,False
2026-05-18,SKU-1005,Pasta,102.0,0,1263.0,10,1365.0,1263.0,True,0.0,False,102.0,observed,180,established,False,False,False,False,False
2026-05-19,SKU-1005,Pasta,90.0,0,1173.0,10,1263.0,1173.0,True,0.0,False,90.0,observed,180,established,False,False,False,False,False
2026-05-20,SKU-1005,Pasta,93.0,0,1080.0,10,1173.0,1080.0,True,0.0,False,93.0,observed,180,established,False,False,False,False,False
2026-05-21,SKU-1005,Pasta,86.0,0,994.0,10,1080.0,994.0,True,0.0,False,86.0,observed,180,established,False,False,False,False,False
2026-05-22,SKU-1005,Pasta,89.0,0,905.0,10,994.0,905.0,True,0.0,False,89.0,observed,180,established,False,False,False,False,False
2026-05-23,SKU-1005,Pasta,97.0,0,808.0,10,905.0,808.0,True,0.0,False,97.0,observed,180,established,False,False,False,False,False
2026-05-24,SKU-1005,Pasta,108.0,0,700.0,10,808.0,700.0,True,0.0,False,108.0,observed,180,established,False,False,False,False,False
2026-05-25,SKU-1005,Pasta,103.0,0,597.0,10,700.0,,False,,False,,stock_balance_reconstructed,180,established,False,False,False,False,False
2026-05-26,SKU-1005,Pasta,80.0,0,517.0,10,597.0,517.0,True,0.0,False,80.0,observed,180,established,False,False,False,False,False
2026-05-27,SKU-1005,Pasta,91.0,0,426.0,10,517.0,426.0,True,0.0,False,91.0,observed,180,established,False,False,False,False,False
2026-05-28,SKU-1005,Pasta,91.0,0,335.0,10,426.0,335.0,True,0.0,False,91.0,observed,180,established,False,False,False,False,False
2026-05-29,SKU-1005,Pasta,101.0,0,234.0,10,335.0,234.0,True,0.0,False,101.0,observed,180,established,False,False,False,False,False
2026-05-30,SKU-1005,Pasta,93.0,0,141.0,10,234.0,141.0,True,0.0,False,93.0,observed,180,established,False,False,False,False,False
2026-05-31,SKU-1005,Pasta,74.0,0,67.0,10,141.0,67.0,True,0.0,False,74.0,observed,180,established,False,False,False,False,False
2026-06-01,SKU-1005,Pasta,90.0,0,0.0,10,67.0,-23.0,False,-23.0,True,90.0,observed,180,established,False,False,False,True,False
2026-06-02,SKU-1005,Pasta,103.0,0,0.0,10,0.0,-103.0,False,-103.0,True,103.0,observed,180,established,False,False,False,True,False
2026-06-03,SKU-1005,Pasta,91.0,0,0.0,10,0.0,-91.0,False,-91.0,True,91.0,observed,180,established,False,False,False,True,False
2026-06-04,SKU-1005,Pasta,147.0,1302,1155.0,10,0.0,1155.0,True,0.0,False,147.0,observed,180,established,False,False,False,False,False
2026-06-05,SKU-1005,Pasta,72.0,1136,2219.0,10,1155.0,2219.0,True,0.0,False,72.0,observed,180,established,False,False,False,False,False
2026-06-06,SKU-1005,Pasta,90.0,0,2129.0,10,2219.0,2129.0,True,0.0,False,90.0,observed,180,established,False,False,False,False,False
2026-06-07,SKU-1005,Pasta,90.0,0,2039.0,10,2129.0,2039.0,True,0.0,False,90.0,observed,180,established,False,False,False,False,False
2026-06-08,SKU-1005,Pasta,87.0,0,1952.0,10,2039.0,1952.0,True,0.0,False,87.0,observed,180,established,False,False,False,False,False
2026-06-09,SKU-1005,Pasta,100.0,0,1852.0,10,1952.0,1852.0,True,0.0,False,100.0,observed,180,established,False,False,False,False,False
2026-06-10,SKU-1005,Pasta,89.0,0,1763.0,10,1852.0,1763.0,True,0.0,False,89.0,observed,180,established,False,False,False,False,False
2026-06-11,SKU-1005,Pasta,95.0,0,1668.0,10,1763.0,1668.0,True,0.0,False,95.0,observed,180,established,False,False,False,False,False
2026-06-12,SKU-1005,Pasta,93.0,0,1575.0,10,1668.0,1575.0,True,0.0,False,93.0,observed,180,established,False,False,False,False,False
2026-06-13,SKU-1005,Pasta,90.0,0,1485.0,10,1575.0,1485.0,True,0.0,False,90.0,observed,180,established,False,False,False,False,False
2026-06-14,SKU-1005,Pasta,96.0,0,1389.0,10,1485.0,1389.0,True,0.0,False,96.0,observed,180,established,False,False,False,False,False
2026-06-15,SKU-1005,Pasta,184.0,0,1205.0,10,1389.0,1205.0,True,0.0,False,184.0,observed,180,established,False,False,False,False,False
2026-06-16,SKU-1005,Pasta,107.0,1401,2499.0,10,1205.0,2499.0,True,0.0,False,107.0,observed,180,established,False,False,False,False,False
2026-06-17,SKU-1005,Pasta,122.0,0,2377.0,10,2499.0,2377.0,True,0.0,False,122.0,observed,180,established,False,False,False,False,False
2026-06-18,SKU-1005,Pasta,95.0,0,2282.0,10,2377.0,2282.0,True,0.0,False,95.0,observed,180,established,False,False,False,False,False
2026-06-19,SKU-1005,Pasta,34.0,0,2248.0,10,2282.0,2248.0,True,0.0,False,34.0,observed,180,established,False,False,False,False,False
2026-06-20,SKU-1005,Pasta,155.0,0,2093.0,10,2248.0,2093.0,True,0.0,False,155.0,observed,180,established,False,False,False,False,False
2026-06-21,SKU-1005,Pasta,82.0,0,2011.0,10,2093.0,2011.0,True,0.0,False,82.0,observed,180,established,False,False,False,False,False
2026-06-22,SKU-1005,Pasta,86.0,0,1925.0,10,2011.0,1925.0,True,0.0,False,86.0,observed,180,established,False,False,False,False,False
2026-06-23,SKU-1005,Pasta,100.0,0,1825.0,10,1925.0,1825.0,True,0.0,False,100.0,observed,180,established,False,False,False,False,False
2026-06-24,SKU-1005,Pasta,97.0,0,1728.0,10,1825.0,1728.0,True,0.0,False,97.0,observed,180,established,False,False,False,False,False
2026-06-25,SKU-1005,Pasta,95.0,0,1633.0,10,1728.0,1633.0,True,0.0,False,95.0,observed,180,established,False,False,False,False,False
2026-06-26,SKU-1005,Pasta,106.0,0,1527.0,10,1633.0,1527.0,True,0.0,False,106.0,observed,180,established,False,False,False,False,False
2026-06-27,SKU-1005,Pasta,64.0,0,1463.0,10,1527.0,1463.0,True,0.0,False,64.0,observed,180,established,False,False,False,False,False
2026-06-28,SKU-1005,Pasta,77.0,0,1386.0,10,1463.0,1386.0,True,0.0,False,77.0,observed,180,established,False,False,False,False,False
2026-06-29,SKU-1005,Pasta,83.0,0,1303.0,10,1386.0,1303.0,True,0.0,False,83.0,observed,180,established,False,False,False,False,False
2026-01-01,SKU-1006,Sugar,579.0,0,4148.0,10,,,False,,False,579.0,observed,180,established,False,False,False,False,False
2026-01-02,SKU-1006,Sugar,473.0,5912,9587.0,10,4148.0,9587.0,True,0.0,False,473.0,observed,180,established,False,False,False,False,False
2026-01-03,SKU-1006,Sugar,469.0,0,9118.0,10,9587.0,9118.0,True,0.0,False,469.0,observed,180,established,False,False,False,False,False
2026-01-04,SKU-1006,Sugar,436.0,0,8682.0,10,9118.0,8682.0,True,0.0,False,436.0,observed,180,established,False,False,False,False,False
2026-01-05,SKU-1006,Sugar,722.0,0,7960.0,10,8682.0,7960.0,True,0.0,False,722.0,observed,180,established,False,False,False,False,False
2026-01-06,SKU-1006,Sugar,489.0,0,7471.0,10,7960.0,7471.0,True,0.0,False,489.0,observed,180,established,False,False,False,False,False
2026-01-07,SKU-1006,Sugar,708.0,0,6763.0,10,7471.0,6763.0,True,0.0,False,708.0,observed,180,established,False,False,False,False,False
2026-01-08,SKU-1006,Sugar,756.0,0,6007.0,10,6763.0,6007.0,True,0.0,False,756.0,observed,180,established,False,False,False,False,False
2026-01-09,SKU-1006,Sugar,610.0,0,5397.0,10,6007.0,5397.0,True,0.0,False,610.0,observed,180,established,False,False,False,False,False
2026-01-10,SKU-1006,Sugar,389.0,0,5008.0,10,5397.0,5008.0,True,0.0,False,389.0,observed,180,established,False,False,False,False,False
2026-01-11,SKU-1006,Sugar,534.0,0,4474.0,10,5008.0,4474.0,True,0.0,False,534.0,observed,180,established,False,False,False,False,False
2026-01-12,SKU-1006,Sugar,537.0,0,3937.0,10,4474.0,3937.0,True,0.0,False,537.0,observed,180,established,False,False,False,False,False
2026-01-13,SKU-1006,Sugar,634.0,6694,9997.0,10,3937.0,9997.0,True,0.0,False,634.0,observed,180,established,False,False,False,False,False
2026-01-14,SKU-1006,Sugar,550.0,0,9447.0,10,9997.0,9447.0,True,0.0,False,550.0,observed,180,established,False,False,False,False,False
2026-01-15,SKU-1006,Sugar,427.0,0,9020.0,10,9447.0,9020.0,True,0.0,False,427.0,observed,180,established,False,False,False,False,False
2026-01-16,SKU-1006,Sugar,581.0,0,8439.0,10,9020.0,8439.0,True,0.0,False,581.0,observed,180,established,False,False,False,False,False
2026-01-17,SKU-1006,Sugar,351.0,0,8088.0,10,8439.0,8088.0,True,0.0,False,351.0,observed,180,established,False,False,False,False,False
2026-01-18,SKU-1006,Sugar,382.0,0,7706.0,10,8088.0,7706.0,True,0.0,False,382.0,observed,180,established,False,False,False,False,False
2026-01-19,SKU-1006,Sugar,491.0,0,7215.0,10,7706.0,7215.0,True,0.0,False,491.0,observed,180,established,False,False,False,False,False
2026-01-20,SKU-1006,Sugar,328.0,0,6887.0,10,7215.0,6887.0,True,0.0,False,328.0,observed,180,established,False,False,False,False,False
2026-01-21,SKU-1006,Sugar,448.0,0,6439.0,10,6887.0,6439.0,True,0.0,False,448.0,observed,180,established,False,False,False,False,False
2026-01-22,SKU-1006,Sugar,353.0,0,6086.0,10,6439.0,6086.0,True,0.0,False,353.0,observed,180,established,False,False,False,False,False
2026-01-23,SKU-1006,Sugar,381.0,0,5705.0,10,6086.0,5705.0,True,0.0,False,381.0,observed,180,established,False,False,False,False,False
2026-01-24,SKU-1006,Sugar,537.0,0,5168.0,10,5705.0,5168.0,True,0.0,False,537.0,observed,180,established,False,False,False,False,False
2026-01-25,SKU-1006,Sugar,440.0,0,4728.0,10,5168.0,,False,,False,,stock_balance_reconstructed,180,established,False,False,False,False,False
2026-01-26,SKU-1006,Sugar,495.0,0,4233.0,10,4728.0,4233.0,True,0.0,False,495.0,observed,180,established,False,False,False,False,False
2026-01-27,SKU-1006,Sugar,528.0,4981,8686.0,10,4233.0,8686.0,True,0.0,False,528.0,observed,180,established,False,False,False,False,False
2026-01-28,SKU-1006,Sugar,469.0,0,8217.0,10,8686.0,8217.0,True,0.0,False,469.0,observed,180,established,False,False,False,False,False
2026-01-29,SKU-1006,Sugar,546.0,0,7671.0,10,8217.0,7671.0,True,0.0,False,546.0,observed,180,established,False,False,False,False,False
2026-01-30,SKU-1006,Sugar,529.0,0,7142.0,10,7671.0,7142.0,True,0.0,False,529.0,observed,180,established,False,False,False,False,False
2026-01-31,SKU-1006,Sugar,455.0,0,6687.0,10,7142.0,,False,,False,,stock_balance_reconstructed,180,established,False,False,False,False,False
2026-02-01,SKU-1006,Sugar,419.0,0,6268.0,10,6687.0,6268.0,True,0.0,False,419.0,observed,180,established,False,False,False,False,False
2026-02-02,SKU-1006,Sugar,668.0,0,5600.0,10,6268.0,5600.0,True,0.0,False,668.0,observed,180,established,False,False,False,False,False
2026-02-03,SKU-1006,Sugar,408.0,0,5192.0,10,5600.0,5192.0,True,0.0,False,408.0,observed,180,established,False,False,False,False,False
2026-02-04,SKU-1006,Sugar,830.0,7116,11478.0,10,5192.0,11478.0,True,0.0,False,830.0,observed,180,established,False,False,False,False,False
2026-02-05,SKU-1006,Sugar,484.0,0,10994.0,10,11478.0,10994.0,True,0.0,False,484.0,observed,180,established,False,False,False,False,False
2026-02-06,SKU-1006,Sugar,479.0,0,10515.0,10,10994.0,10515.0,True,0.0,False,479.0,observed,180,established,False,False,False,False,False
2026-02-07,SKU-1006,Sugar,199.0,0,10316.0,10,10515.0,10316.0,True,0.0,False,199.0,observed,180,established,False,False,False,False,False
2026-02-08,SKU-1006,Sugar,355.0,0,9961.0,10,10316.0,9961.0,True,0.0,False,355.0,observed,180,established,False,False,False,False,False
2026-02-09,SKU-1006,Sugar,445.0,0,9516.0,10,9961.0,9516.0,True,0.0,False,445.0,observed,180,established,False,False,False,False,False
2026-02-10,SKU-1006,Sugar,649.0,0,8867.0,10,9516.0,8867.0,True,0.0,False,649.0,observed,180,established,False,False,False,False,False
2026-02-11,SKU-1006,Sugar,599.0,0,8268.0,10,8867.0,8268.0,True,0.0,False,599.0,observed,180,established,False,False,False,False,False
2026-02-12,SKU-1006,Sugar,568.0,0,7700.0,10,8268.0,7700.0,True,0.0,False,568.0,observed,180,established,False,False,False,False,False
2026-02-13,SKU-1006,Sugar,477.0,0,7223.0,10,7700.0,7223.0,True,0.0,False,477.0,observed,180,established,False,False,False,False,False
2026-02-14,SKU-1006,Sugar,423.0,0,6800.0,10,7223.0,6800.0,True,0.0,False,423.0,observed,180,established,False,False,False,False,False
2026-02-15,SKU-1006,Sugar,495.0,0,6305.0,10,6800.0,6305.0,True,0.0,False,495.0,observed,180,established,False,False,False,False,False
2026-02-16,SKU-1006,Sugar,695.0,0,5610.0,10,6305.0,5610.0,True,0.0,False,695.0,observed,180,established,False,False,False,False,False
2026-02-17,SKU-1006,Sugar,654.0,0,4956.0,10,5610.0,4956.0,True,0.0,False,654.0,observed,180,established,False,False,False,False,False
2026-02-18,SKU-1006,Sugar,592.0,6452,10816.0,10,4956.0,10816.0,True,0.0,False,592.0,observed,180,established,False,False,False,False,False
2026-02-19,SKU-1006,Sugar,462.0,0,10354.0,10,10816.0,10354.0,True,0.0,False,462.0,observed,180,established,False,False,False,False,False
2026-02-20,SKU-1006,Sugar,408.0,0,9946.0,10,10354.0,9946.0,True,0.0,False,408.0,observed,180,established,False,False,False,False,False
2026-02-21,SKU-1006,Sugar,359.0,0,9587.0,10,9946.0,9587.0,True,0.0,False,359.0,observed,180,established,False,False,False,False,False
2026-02-22,SKU-1006,Sugar,177.0,0,9410.0,10,9587.0,9410.0,True,0.0,False,177.0,observed,180,established,False,False,False,False,False
2026-02-23,SKU-1006,Sugar,675.0,0,8735.0,10,9410.0,8735.0,True,0.0,False,675.0,observed,180,established,False,False,False,False,False
2026-02-24,SKU-1006,Sugar,741.0,0,7994.0,10,8735.0,7994.0,True,0.0,False,741.0,observed,180,established,False,False,False,False,False
2026-02-25,SKU-1006,Sugar,788.0,0,7206.0,10,7994.0,7206.0,True,0.0,False,788.0,observed,180,established,False,False,False,False,False
2026-02-26,SKU-1006,Sugar,542.0,0,6664.0,10,7206.0,6664.0,True,0.0,False,542.0,observed,180,established,False,False,False,False,False
2026-02-27,SKU-1006,Sugar,327.0,0,6337.0,10,6664.0,6337.0,True,0.0,False,327.0,observed,180,established,False,False,False,False,False
2026-02-28,SKU-1006,Sugar,355.0,0,5982.0,10,6337.0,5982.0,True,0.0,False,355.0,observed,180,established,False,False,False,False,False
2026-03-01,SKU-1006,Sugar,391.0,0,5591.0,10,5982.0,5591.0,True,0.0,False,391.0,observed,180,established,False,False,False,False,False
2026-03-02,SKU-1006,Sugar,416.0,0,5175.0,10,5591.0,5175.0,True,0.0,False,416.0,observed,180,established,False,False,False,False,False
2026-03-03,SKU-1006,Sugar,419.0,0,4756.0,10,5175.0,4756.0,True,0.0,False,419.0,observed,180,established,False,False,False,False,False
2026-03-04,SKU-1006,Sugar,1059.0,0,3697.0,10,4756.0,3697.0,True,0.0,False,1059.0,observed,180,established,False,False,False,False,False
2026-03-05,SKU-1006,Sugar,535.0,5651,8813.0,10,3697.0,8813.0,True,0.0,False,535.0,observed,180,established,False,False,False,False,False
2026-03-06,SKU-1006,Sugar,451.0,0,8362.0,10,8813.0,8362.0,True,0.0,False,451.0,observed,180,established,False,False,False,False,False
2026-03-07,SKU-1006,Sugar,428.0,0,7934.0,10,8362.0,7934.0,True,0.0,False,428.0,observed,180,established,False,False,False,False,False
2026-03-08,SKU-1006,Sugar,457.0,0,7477.0,10,7934.0,7477.0,True,0.0,False,457.0,observed,180,established,False,False,False,False,False
2026-03-09,SKU-1006,Sugar,580.0,0,6897.0,10,7477.0,6897.0,True,0.0,False,580.0,observed,180,established,False,False,False,False,False
2026-03-10,SKU-1006,Sugar,461.0,0,6436.0,10,6897.0,6436.0,True,0.0,False,461.0,observed,180,established,False,False,False,False,False
2026-03-11,SKU-1006,Sugar,430.0,0,6006.0,10,6436.0,6006.0,True,0.0,False,430.0,observed,180,established,False,False,False,False,False
2026-03-12,SKU-1006,Sugar,474.0,0,5532.0,10,6006.0,5532.0,True,0.0,False,474.0,observed,180,established,False,False,False,False,False
2026-03-13,SKU-1006,Sugar,492.0,0,5040.0,10,5532.0,5040.0,True,0.0,False,492.0,observed,180,established,False,False,False,False,False
2026-03-14,SKU-1006,Sugar,482.0,0,4558.0,10,5040.0,4558.0,True,0.0,False,482.0,observed,180,established,False,False,False,False,False
2026-03-15,SKU-1006,Sugar,339.0,6514,10733.0,10,4558.0,10733.0,True,0.0,False,339.0,observed,180,established,False,False,False,False,False
2026-03-16,SKU-1006,Sugar,459.0,0,10274.0,10,10733.0,10274.0,True,0.0,False,459.0,observed,180,established,False,False,False,False,False
2026-03-17,SKU-1006,Sugar,442.0,0,9832.0,10,10274.0,9832.0,True,0.0,False,442.0,observed,180,established,False,False,False,False,False
2026-03-18,SKU-1006,Sugar,620.0,0,9212.0,10,9832.0,9212.0,True,0.0,False,620.0,observed,180,established,False,False,False,False,False
2026-03-19,SKU-1006,Sugar,440.0,0,8772.0,10,9212.0,8772.0,True,0.0,False,440.0,observed,180,established,False,False,False,False,False
2026-03-20,SKU-1006,Sugar,558.0,0,8214.0,10,8772.0,8214.0,True,0.0,False,558.0,observed,180,established,False,False,False,False,False
2026-03-21,SKU-1006,Sugar,301.0,0,7913.0,10,8214.0,7913.0,True,0.0,False,301.0,observed,180,established,False,False,False,False,False
2026-03-22,SKU-1006,Sugar,315.0,0,7598.0,10,7913.0,7598.0,True,0.0,False,315.0,observed,180,established,False,False,False,False,False
2026-03-23,SKU-1006,Sugar,507.0,0,7091.0,10,7598.0,7091.0,True,0.0,False,507.0,observed,180,established,False,False,False,False,False
2026-03-24,SKU-1006,Sugar,687.0,0,6404.0,10,7091.0,6404.0,True,0.0,False,687.0,observed,180,established,False,False,False,False,False
2026-03-25,SKU-1006,Sugar,506.0,0,5898.0,10,6404.0,5898.0,True,0.0,False,506.0,observed,180,established,False,False,False,False,False
2026-03-26,SKU-1006,Sugar,591.0,0,5307.0,10,5898.0,5307.0,True,0.0,False,591.0,observed,180,established,False,False,False,False,False
2026-03-27,SKU-1006,Sugar,512.0,0,4795.0,10,5307.0,4795.0,True,0.0,False,512.0,observed,180,established,False,False,False,False,False
2026-03-28,SKU-1006,Sugar,145.0,6617,11267.0,10,4795.0,11267.0,True,0.0,False,145.0,observed,180,established,False,False,False,False,False
2026-03-29,SKU-1006,Sugar,606.0,0,10661.0,10,11267.0,10661.0,True,0.0,False,606.0,observed,180,established,False,False,False,False,False
2026-03-30,SKU-1006,Sugar,399.0,0,10262.0,10,10661.0,10262.0,True,0.0,False,399.0,observed,180,established,False,False,False,False,False
2026-03-31,SKU-1006,Sugar,551.0,0,9711.0,10,10262.0,9711.0,True,0.0,False,551.0,observed,180,established,False,False,False,False,False
2026-04-01,SKU-1006,Sugar,571.0,0,9140.0,10,9711.0,9140.0,True,0.0,False,571.0,observed,180,established,False,False,False,False,False
2026-04-02,SKU-1006,Sugar,529.0,0,8611.0,10,9140.0,8611.0,True,0.0,False,529.0,observed,180,established,False,False,False,False,False
2026-04-03,SKU-1006,Sugar,548.0,0,8063.0,10,8611.0,8063.0,True,0.0,False,548.0,observed,180,established,False,False,False,False,False
2026-04-04,SKU-1006,Sugar,419.0,0,7644.0,10,8063.0,7644.0,True,0.0,False,419.0,observed,180,established,False,False,False,False,False
2026-04-05,SKU-1006,Sugar,363.0,0,7281.0,10,7644.0,7281.0,True,0.0,False,363.0,observed,180,established,False,False,False,False,False
2026-04-06,SKU-1006,Sugar,409.0,0,6872.0,10,7281.0,6872.0,True,0.0,False,409.0,observed,180,established,False,False,False,False,False
2026-04-07,SKU-1006,Sugar,389.0,0,6483.0,10,6872.0,6483.0,True,0.0,False,389.0,observed,180,established,False,False,False,False,False
2026-04-08,SKU-1006,Sugar,783.0,0,5700.0,10,6483.0,5700.0,True,0.0,False,783.0,observed,180,established,False,False,False,False,False
2026-04-09,SKU-1006,Sugar,373.0,0,5327.0,10,5700.0,5327.0,True,0.0,False,373.0,observed,180,established,False,False,False,False,False
2026-04-10,SKU-1006,Sugar,177.0,0,5150.0,10,5327.0,5150.0,True,0.0,False,177.0,observed,180,established,False,False,False,False,False
2026-04-11,SKU-1006,Sugar,381.0,0,4769.0,10,5150.0,4769.0,True,0.0,False,381.0,observed,180,established,False,False,False,False,False
2026-04-12,SKU-1006,Sugar,487.0,0,4282.0,10,4769.0,4282.0,True,0.0,False,487.0,observed,180,established,False,False,False,False,False
2026-04-13,SKU-1006,Sugar,543.0,0,3739.0,10,4282.0,3739.0,True,0.0,False,543.0,observed,180,established,False,False,False,False,False
2026-04-14,SKU-1006,Sugar,518.0,6919,,10,3739.0,10140.0,False,,False,518.0,observed,180,established,False,True,False,False,False
2026-04-15,SKU-1006,Sugar,804.0,0,9336.0,10,,,False,,False,804.0,observed,180,established,False,False,False,False,False
2026-04-16,SKU-1006,Sugar,524.0,0,8812.0,10,9336.0,8812.0,True,0.0,False,524.0,observed,180,established,False,False,False,False,False
2026-04-17,SKU-1006,Sugar,326.0,0,8486.0,10,8812.0,8486.0,True,0.0,False,326.0,observed,180,established,False,False,False,False,False
2026-04-18,SKU-1006,Sugar,358.0,0,8128.0,10,8486.0,8128.0,True,0.0,False,358.0,observed,180,established,False,False,False,False,False
2026-04-19,SKU-1006,Sugar,462.0,0,7666.0,10,8128.0,7666.0,True,0.0,False,462.0,observed,180,established,False,False,False,False,False
2026-04-20,SKU-1006,Sugar,551.0,0,7115.0,10,7666.0,7115.0,True,0.0,False,551.0,observed,180,established,False,False,False,False,False
2026-04-21,SKU-1006,Sugar,686.0,0,6429.0,10,7115.0,6429.0,True,0.0,False,686.0,observed,180,established,False,False,False,False,False
2026-04-22,SKU-1006,Sugar,675.0,0,5754.0,10,6429.0,5754.0,True,0.0,False,675.0,observed,180,established,False,False,False,False,False
2026-04-23,SKU-1006,Sugar,716.0,0,5038.0,10,5754.0,5038.0,True,0.0,False,716.0,observed,180,established,False,False,False,False,False
2026-04-24,SKU-1006,Sugar,360.0,6735,11413.0,10,5038.0,11413.0,True,0.0,False,360.0,observed,180,established,False,False,False,False,False
2026-04-25,SKU-1006,Sugar,371.0,0,11042.0,10,11413.0,11042.0,True,0.0,False,371.0,observed,180,established,False,False,False,False,False
2026-04-26,SKU-1006,Sugar,466.0,0,10576.0,10,11042.0,10576.0,True,0.0,False,466.0,observed,180,established,False,False,False,False,False
2026-04-27,SKU-1006,Sugar,471.0,0,10105.0,10,10576.0,10105.0,True,0.0,False,471.0,observed,180,established,False,False,False,False,False
2026-04-28,SKU-1006,Sugar,606.0,0,9499.0,10,10105.0,9499.0,True,0.0,False,606.0,observed,180,established,False,False,False,False,False
2026-04-29,SKU-1006,Sugar,485.0,0,9014.0,10,9499.0,9014.0,True,0.0,False,485.0,observed,180,established,False,False,False,False,False
2026-04-30,SKU-1006,Sugar,411.0,0,8603.0,10,9014.0,8603.0,True,0.0,False,411.0,observed,180,established,False,False,False,False,False
2026-05-01,SKU-1006,Sugar,476.0,0,8127.0,10,8603.0,,False,,False,,stock_balance_reconstructed,180,established,False,False,False,False,False
2026-05-02,SKU-1006,Sugar,431.0,0,7696.0,10,8127.0,7696.0,True,0.0,False,431.0,observed,180,established,False,False,False,False,False
2026-05-03,SKU-1006,Sugar,408.0,0,7288.0,10,7696.0,7288.0,True,0.0,False,408.0,observed,180,established,False,False,False,False,False
2026-05-04,SKU-1006,Sugar,287.0,0,7001.0,10,7288.0,7001.0,True,0.0,False,287.0,observed,180,established,False,False,False,False,False
2026-05-05,SKU-1006,Sugar,597.0,0,6404.0,10,7001.0,6404.0,True,0.0,False,597.0,observed,180,established,False,False,False,False,False
2026-05-06,SKU-1006,Sugar,610.0,0,5794.0,10,6404.0,5794.0,True,0.0,False,610.0,observed,180,established,False,False,False,False,False
2026-05-07,SKU-1006,Sugar,598.0,0,5196.0,10,5794.0,5196.0,True,0.0,False,598.0,observed,180,established,False,False,False,False,False
2026-05-08,SKU-1006,Sugar,491.0,0,4705.0,10,5196.0,4705.0,True,0.0,False,491.0,observed,180,established,False,False,False,False,False
2026-05-09,SKU-1006,Sugar,453.0,4969,9221.0,10,4705.0,9221.0,True,0.0,False,453.0,observed,180,established,False,False,False,False,False
2026-05-10,SKU-1006,Sugar,498.0,0,8723.0,10,9221.0,8723.0,True,0.0,False,498.0,observed,180,established,False,False,False,False,False
2026-05-11,SKU-1006,Sugar,449.0,0,8274.0,10,8723.0,8274.0,True,0.0,False,449.0,observed,180,established,False,False,False,False,False
2026-05-12,SKU-1006,Sugar,670.0,0,7604.0,10,8274.0,7604.0,True,0.0,False,670.0,observed,180,established,False,False,False,False,False
2026-05-13,SKU-1006,Sugar,585.0,0,7019.0,10,7604.0,7019.0,True,0.0,False,585.0,observed,180,established,False,False,False,False,False
2026-05-14,SKU-1006,Sugar,706.0,0,6313.0,10,7019.0,6313.0,True,0.0,False,706.0,observed,180,established,False,False,False,False,False
2026-05-15,SKU-1006,Sugar,390.0,0,5923.0,10,6313.0,5923.0,True,0.0,False,390.0,observed,180,established,False,False,False,False,False
2026-05-16,SKU-1006,Sugar,413.0,0,5510.0,10,5923.0,5510.0,True,0.0,False,413.0,observed,180,established,False,False,False,False,False
2026-05-17,SKU-1006,Sugar,436.0,0,5074.0,10,5510.0,5074.0,True,0.0,False,436.0,observed,180,established,False,False,False,False,False
2026-05-18,SKU-1006,Sugar,539.0,0,4535.0,10,5074.0,4535.0,True,0.0,False,539.0,observed,180,established,False,False,False,False,False
2026-05-19,SKU-1006,Sugar,407.0,6716,10844.0,10,4535.0,10844.0,True,0.0,False,407.0,observed,180,established,False,False,False,False,False
2026-05-20,SKU-1006,Sugar,663.0,0,10181.0,10,10844.0,10181.0,True,0.0,False,663.0,observed,180,established,False,False,False,False,False
2026-05-21,SKU-1006,Sugar,526.0,0,9655.0,10,10181.0,9655.0,True,0.0,False,526.0,observed,180,established,False,False,False,False,False
2026-05-22,SKU-1006,Sugar,418.0,0,9237.0,10,9655.0,9237.0,True,0.0,False,418.0,observed,180,established,False,False,False,False,False
2026-05-23,SKU-1006,Sugar,184.0,0,9053.0,10,9237.0,9053.0,True,0.0,False,184.0,observed,180,established,False,False,False,False,False
2026-05-24,SKU-1006,Sugar,482.0,0,8571.0,10,9053.0,8571.0,True,0.0,False,482.0,observed,180,established,False,False,False,False,False
2026-05-25,SKU-1006,Sugar,502.0,0,,10,8571.0,8069.0,False,,False,502.0,observed,180,established,False,True,False,False,False
2026-05-26,SKU-1006,Sugar,496.0,0,7573.0,10,,,False,,False,496.0,observed,180,established,False,False,False,False,False
2026-05-27,SKU-1006,Sugar,632.0,0,6941.0,10,7573.0,6941.0,True,0.0,False,632.0,observed,180,established,False,False,False,False,False
2026-05-28,SKU-1006,Sugar,474.0,0,6467.0,10,6941.0,6467.0,True,0.0,False,474.0,observed,180,established,False,False,False,False,False
2026-05-29,SKU-1006,Sugar,448.0,0,6019.0,10,6467.0,6019.0,True,0.0,False,448.0,observed,180,established,False,False,False,False,False
2026-05-30,SKU-1006,Sugar,513.0,0,5506.0,10,6019.0,5506.0,True,0.0,False,513.0,observed,180,established,False,False,False,False,False
2026-05-31,SKU-1006,Sugar,389.0,0,5117.0,10,5506.0,5117.0,True,0.0,False,389.0,observed,180,established,False,False,False,False,False
2026-06-01,SKU-1006,Sugar,256.0,0,4861.0,10,5117.0,4861.0,True,0.0,False,256.0,observed,180,established,False,False,False,False,False
2026-06-02,SKU-1006,Sugar,479.0,0,4382.0,10,4861.0,4382.0,True,0.0,False,479.0,observed,180,established,False,False,False,False,False
2026-06-03,SKU-1006,Sugar,633.0,6079,9828.0,10,4382.0,9828.0,True,0.0,False,633.0,observed,180,established,False,False,False,False,False
2026-06-04,SKU-1006,Sugar,398.0,0,9430.0,10,9828.0,9430.0,True,0.0,False,398.0,observed,180,established,False,False,False,False,False
2026-06-05,SKU-1006,Sugar,313.0,0,9117.0,10,9430.0,9117.0,True,0.0,False,313.0,observed,180,established,False,False,False,False,False
2026-06-06,SKU-1006,Sugar,381.0,0,8736.0,10,9117.0,8736.0,True,0.0,False,381.0,observed,180,established,False,False,False,False,False
2026-06-07,SKU-1006,Sugar,371.0,0,8365.0,10,8736.0,8365.0,True,0.0,False,371.0,observed,180,established,False,False,False,False,False
2026-06-08,SKU-1006,Sugar,254.0,0,8111.0,10,8365.0,8111.0,True,0.0,False,254.0,observed,180,established,False,False,False,False,False
2026-06-09,SKU-1006,Sugar,559.0,0,7552.0,10,8111.0,7552.0,True,0.0,False,559.0,observed,180,established,False,False,False,False,False
2026-06-10,SKU-1006,Sugar,610.0,0,6942.0,10,7552.0,6942.0,True,0.0,False,610.0,observed,180,established,False,False,False,False,False
2026-06-11,SKU-1006,Sugar,522.0,0,6420.0,10,6942.0,6420.0,True,0.0,False,522.0,observed,180,established,False,False,False,False,False
2026-06-12,SKU-1006,Sugar,679.0,0,5741.0,10,6420.0,5741.0,True,0.0,False,679.0,observed,180,established,False,False,False,False,False
2026-06-13,SKU-1006,Sugar,487.0,0,5254.0,10,5741.0,5254.0,True,0.0,False,487.0,observed,180,established,False,False,False,False,False
2026-06-14,SKU-1006,Sugar,323.0,6184,11115.0,10,5254.0,11115.0,True,0.0,False,323.0,observed,180,established,False,False,False,False,False
2026-06-15,SKU-1006,Sugar,408.0,0,10707.0,10,11115.0,10707.0,True,0.0,False,408.0,observed,180,established,False,False,False,False,False
2026-06-16,SKU-1006,Sugar,655.0,0,10052.0,10,10707.0,10052.0,True,0.0,False,655.0,observed,180,established,False,False,False,False,False
2026-06-17,SKU-1006,Sugar,541.0,0,9511.0,10,10052.0,9511.0,True,0.0,False,541.0,observed,180,established,False,False,False,False,False
2026-06-18,SKU-1006,Sugar,416.0,0,9095.0,10,9511.0,9095.0,True,0.0,False,416.0,observed,180,established,False,False,False,False,False
2026-06-19,SKU-1006,Sugar,350.0,0,8745.0,10,9095.0,8745.0,True,0.0,False,350.0,observed,180,established,False,False,False,False,False
2026-06-20,SKU-1006,Sugar,322.0,0,8423.0,10,8745.0,8423.0,True,0.0,False,322.0,observed,180,established,False,False,False,False,False
2026-06-21,SKU-1006,Sugar,432.0,0,,10,8423.0,7991.0,False,,False,432.0,observed,180,established,False,True,False,False,False
2026-06-22,SKU-1006,Sugar,407.0,0,7584.0,10,,,False,,False,407.0,observed,180,established,False,False,False,False,False
2026-06-23,SKU-1006,Sugar,565.0,0,7019.0,10,7584.0,7019.0,True,0.0,False,565.0,observed,180,established,False,False,False,False,False
2026-06-24,SKU-1006,Sugar,749.0,0,6270.0,10,7019.0,6270.0,True,0.0,False,749.0,observed,180,established,False,False,False,False,False
2026-06-25,SKU-1006,Sugar,530.0,0,5740.0,10,6270.0,5740.0,True,0.0,False,530.0,observed,180,established,False,False,False,False,False
2026-06-26,SKU-1006,Sugar,386.0,0,5354.0,10,5740.0,,False,,False,,stock_balance_reconstructed,180,established,False,False,False,False,False
2026-06-27,SKU-1006,Sugar,322.0,6512,11544.0,10,5354.0,11544.0,True,0.0,False,322.0,observed,180,established,False,False,False,False,False
2026-06-28,SKU-1006,Sugar,367.0,0,11177.0,10,11544.0,11177.0,True,0.0,False,367.0,observed,180,established,False,False,False,False,False
2026-06-29,SKU-1006,Sugar,398.0,0,10779.0,10,11177.0,10779.0,True,0.0,False,398.0,observed,180,established,False,False,False,False,False
2026-01-01,SKU-1007,Sugar,614.0,0,1748.0,14,,,False,,False,614.0,observed,180,established,False,False,False,False,False
2026-01-02,SKU-1007,Sugar,563.0,0,1185.0,14,1748.0,1185.0,True,0.0,False,563.0,observed,180,established,False,False,False,False,False
2026-01-03,SKU-1007,Sugar,385.0,0,800.0,14,1185.0,800.0,True,0.0,False,385.0,observed,180,established,False,False,False,False,False
2026-01-04,SKU-1007,Sugar,655.0,0,145.0,14,800.0,145.0,True,0.0,False,655.0,observed,180,established,False,False,False,False,False
2026-01-05,SKU-1007,Sugar,560.0,0,0.0,14,145.0,-415.0,False,-415.0,True,560.0,observed,180,established,False,False,False,True,False
2026-01-06,SKU-1007,Sugar,597.0,0,0.0,14,0.0,-597.0,False,-597.0,True,597.0,observed,180,established,False,False,False,True,False
2026-01-07,SKU-1007,Sugar,680.0,8270,7590.0,14,0.0,7590.0,True,0.0,False,680.0,observed,180,established,False,False,False,False,False
2026-01-08,SKU-1007,Sugar,558.0,0,7032.0,14,7590.0,7032.0,True,0.0,False,558.0,observed,180,established,False,False,False,False,False
2026-01-09,SKU-1007,Sugar,528.0,0,6504.0,14,7032.0,6504.0,True,0.0,False,528.0,observed,180,established,False,False,False,False,False
2026-01-10,SKU-1007,Sugar,432.0,0,6072.0,14,6504.0,6072.0,True,0.0,False,432.0,observed,180,established,False,False,False,False,False
2026-01-11,SKU-1007,Sugar,422.0,0,5650.0,14,6072.0,5650.0,True,0.0,False,422.0,observed,180,established,False,False,False,False,False
2026-01-12,SKU-1007,Sugar,339.0,0,5311.0,14,5650.0,5311.0,True,0.0,False,339.0,observed,180,established,False,False,False,False,False
2026-01-13,SKU-1007,Sugar,547.0,0,4764.0,14,5311.0,4764.0,True,0.0,False,547.0,observed,180,established,False,False,False,False,False
2026-01-14,SKU-1007,Sugar,458.0,0,4306.0,14,4764.0,4306.0,True,0.0,False,458.0,observed,180,established,False,False,False,False,False
2026-01-15,SKU-1007,Sugar,533.0,0,3773.0,14,4306.0,3773.0,True,0.0,False,533.0,observed,180,established,False,False,False,False,False
2026-01-16,SKU-1007,Sugar,315.0,0,3458.0,14,3773.0,3458.0,True,0.0,False,315.0,observed,180,established,False,False,False,False,False
2026-01-17,SKU-1007,Sugar,436.0,8330,11352.0,14,3458.0,11352.0,True,0.0,False,436.0,observed,180,established,False,False,False,False,False
2026-01-18,SKU-1007,Sugar,344.0,0,11008.0,14,11352.0,11008.0,True,0.0,False,344.0,observed,180,established,False,False,False,False,False
2026-01-19,SKU-1007,Sugar,520.0,0,10488.0,14,11008.0,10488.0,True,0.0,False,520.0,observed,180,established,False,False,False,False,False
2026-01-20,SKU-1007,Sugar,600.0,0,9888.0,14,10488.0,9888.0,True,0.0,False,600.0,observed,180,established,False,False,False,False,False
2026-01-21,SKU-1007,Sugar,854.0,0,9034.0,14,9888.0,9034.0,True,0.0,False,854.0,observed,180,established,False,False,False,False,False
2026-01-22,SKU-1007,Sugar,515.0,0,8519.0,14,9034.0,8519.0,True,0.0,False,515.0,observed,180,established,False,False,False,False,False
2026-01-23,SKU-1007,Sugar,493.0,0,8026.0,14,8519.0,8026.0,True,0.0,False,493.0,observed,180,established,False,False,False,False,False
2026-01-24,SKU-1007,Sugar,391.0,0,7635.0,14,8026.0,7635.0,True,0.0,False,391.0,observed,180,established,False,False,False,False,False
2026-01-25,SKU-1007,Sugar,534.0,0,7101.0,14,7635.0,7101.0,True,0.0,False,534.0,observed,180,established,False,False,False,False,False
2026-01-26,SKU-1007,Sugar,523.0,0,6578.0,14,7101.0,6578.0,True,0.0,False,523.0,observed,180,established,False,False,False,False,False
2026-01-27,SKU-1007,Sugar,324.0,0,6254.0,14,6578.0,6254.0,True,0.0,False,324.0,observed,180,established,False,False,False,False,False
2026-01-28,SKU-1007,Sugar,463.0,0,5791.0,14,6254.0,5791.0,True,0.0,False,463.0,observed,180,established,False,False,False,False,False
2026-01-29,SKU-1007,Sugar,556.0,9357,14592.0,14,5791.0,14592.0,True,0.0,False,556.0,observed,180,established,False,False,False,False,False
2026-01-30,SKU-1007,Sugar,579.0,0,14013.0,14,14592.0,14013.0,True,0.0,False,579.0,observed,180,established,False,False,False,False,False
2026-01-31,SKU-1007,Sugar,403.0,0,13610.0,14,14013.0,13610.0,True,0.0,False,403.0,observed,180,established,False,False,False,False,False
2026-02-01,SKU-1007,Sugar,372.0,0,13238.0,14,13610.0,13238.0,True,0.0,False,372.0,observed,180,established,False,False,False,False,False
2026-02-02,SKU-1007,Sugar,360.0,0,12878.0,14,13238.0,12878.0,True,0.0,False,360.0,observed,180,established,False,False,False,False,False
2026-02-03,SKU-1007,Sugar,600.0,0,12278.0,14,12878.0,,False,,False,,stock_balance_reconstructed,180,established,False,False,False,False,False
2026-02-04,SKU-1007,Sugar,440.0,0,11838.0,14,12278.0,11838.0,True,0.0,False,440.0,observed,180,established,False,False,False,False,False
2026-02-05,SKU-1007,Sugar,476.0,0,11362.0,14,11838.0,11362.0,True,0.0,False,476.0,observed,180,established,False,False,False,False,False
2026-02-06,SKU-1007,Sugar,668.0,0,10694.0,14,11362.0,10694.0,True,0.0,False,668.0,observed,180,established,False,False,False,False,False
2026-02-07,SKU-1007,Sugar,477.0,0,10217.0,14,10694.0,10217.0,True,0.0,False,477.0,observed,180,established,False,False,False,False,False
2026-02-08,SKU-1007,Sugar,300.0,0,9917.0,14,10217.0,,False,,False,,stock_balance_reconstructed,180,established,False,False,False,False,False
2026-02-09,SKU-1007,Sugar,355.0,0,9562.0,14,9917.0,9562.0,True,0.0,False,355.0,observed,180,established,False,False,False,False,False
2026-02-10,SKU-1007,Sugar,522.0,0,9040.0,14,9562.0,9040.0,True,0.0,False,522.0,observed,180,established,False,False,False,False,False
2026-02-11,SKU-1007,Sugar,619.0,0,8421.0,14,9040.0,8421.0,True,0.0,False,619.0,observed,180,established,False,False,False,False,False
2026-02-12,SKU-1007,Sugar,505.0,0,7916.0,14,8421.0,7916.0,True,0.0,False,505.0,observed,180,established,False,False,False,False,False
2026-02-13,SKU-1007,Sugar,518.0,0,7398.0,14,7916.0,7398.0,True,0.0,False,518.0,observed,180,established,False,False,False,False,False
2026-02-14,SKU-1007,Sugar,275.0,0,7123.0,14,7398.0,7123.0,True,0.0,False,275.0,observed,180,established,False,False,False,False,False
2026-02-15,SKU-1007,Sugar,520.0,0,6603.0,14,7123.0,6603.0,True,0.0,False,520.0,observed,180,established,False,False,False,False,False
2026-02-16,SKU-1007,Sugar,614.0,0,5989.0,14,6603.0,5989.0,True,0.0,False,614.0,observed,180,established,False,False,False,False,False
2026-02-17,SKU-1007,Sugar,399.0,7297,12887.0,14,5989.0,12887.0,True,0.0,False,399.0,observed,180,established,False,False,False,False,False
2026-02-18,SKU-1007,Sugar,551.0,0,12336.0,14,12887.0,12336.0,True,0.0,False,551.0,observed,180,established,False,False,False,False,False
2026-02-19,SKU-1007,Sugar,303.0,0,12033.0,14,12336.0,12033.0,True,0.0,False,303.0,observed,180,established,False,False,False,False,False
2026-02-20,SKU-1007,Sugar,362.0,0,11671.0,14,12033.0,11671.0,True,0.0,False,362.0,observed,180,established,False,False,False,False,False
2026-02-21,SKU-1007,Sugar,508.0,0,11163.0,14,11671.0,11163.0,True,0.0,False,508.0,observed,180,established,False,False,False,False,False
2026-02-22,SKU-1007,Sugar,544.0,0,10619.0,14,11163.0,10619.0,True,0.0,False,544.0,observed,180,established,False,False,False,False,False
2026-02-23,SKU-1007,Sugar,485.0,0,10134.0,14,10619.0,10134.0,True,0.0,False,485.0,observed,180,established,False,False,False,False,False
2026-02-24,SKU-1007,Sugar,635.0,0,9499.0,14,10134.0,9499.0,True,0.0,False,635.0,observed,180,established,False,False,False,False,False
2026-02-25,SKU-1007,Sugar,647.0,0,8852.0,14,9499.0,8852.0,True,0.0,False,647.0,observed,180,established,False,False,False,False,False
2026-02-26,SKU-1007,Sugar,408.0,0,8444.0,14,8852.0,8444.0,True,0.0,False,408.0,observed,180,established,False,False,False,False,False
2026-02-27,SKU-1007,Sugar,500.0,0,7944.0,14,8444.0,7944.0,True,0.0,False,500.0,observed,180,established,False,False,False,False,False
2026-02-28,SKU-1007,Sugar,270.0,0,7674.0,14,7944.0,7674.0,True,0.0,False,270.0,observed,180,established,False,False,False,False,False
2026-03-01,SKU-1007,Sugar,362.0,0,7312.0,14,7674.0,7312.0,True,0.0,False,362.0,observed,180,established,False,False,False,False,False
2026-03-02,SKU-1007,Sugar,414.0,0,6898.0,14,7312.0,6898.0,True,0.0,False,414.0,observed,180,established,False,False,False,False,False
2026-03-03,SKU-1007,Sugar,666.0,0,6232.0,14,6898.0,6232.0,True,0.0,False,666.0,observed,180,established,False,False,False,False,False
2026-03-04,SKU-1007,Sugar,501.0,0,5731.0,14,6232.0,5731.0,True,0.0,False,501.0,observed,180,established,False,False,False,False,False
2026-03-05,SKU-1007,Sugar,587.0,0,5144.0,14,5731.0,5144.0,True,0.0,False,587.0,observed,180,established,False,False,False,False,False
2026-03-06,SKU-1007,Sugar,455.0,0,4689.0,14,5144.0,4689.0,True,0.0,False,455.0,observed,180,established,False,False,False,False,False
2026-03-07,SKU-1007,Sugar,365.0,8377,12701.0,14,4689.0,12701.0,True,0.0,False,365.0,observed,180,established,False,False,False,False,False
2026-03-08,SKU-1007,Sugar,556.0,0,12145.0,14,12701.0,12145.0,True,0.0,False,556.0,observed,180,established,False,False,False,False,False
2026-03-09,SKU-1007,Sugar,455.0,0,11690.0,14,12145.0,11690.0,True,0.0,False,455.0,observed,180,established,False,False,False,False,False
2026-03-10,SKU-1007,Sugar,595.0,0,11095.0,14,11690.0,11095.0,True,0.0,False,595.0,observed,180,established,False,False,False,False,False
2026-03-11,SKU-1007,Sugar,466.0,0,10629.0,14,11095.0,10629.0,True,0.0,False,466.0,observed,180,established,False,False,False,False,False
2026-03-12,SKU-1007,Sugar,340.0,0,10289.0,14,10629.0,10289.0,True,0.0,False,340.0,observed,180,established,False,False,False,False,False
2026-03-13,SKU-1007,Sugar,263.0,0,10026.0,14,10289.0,10026.0,True,0.0,False,263.0,observed,180,established,False,False,False,False,False
2026-03-14,SKU-1007,Sugar,371.0,0,9655.0,14,10026.0,9655.0,True,0.0,False,371.0,observed,180,established,False,False,False,False,False
2026-03-15,SKU-1007,Sugar,395.0,0,9260.0,14,9655.0,9260.0,True,0.0,False,395.0,observed,180,established,False,False,False,False,False
2026-03-16,SKU-1007,Sugar,337.0,0,8923.0,14,9260.0,8923.0,True,0.0,False,337.0,observed,180,established,False,False,False,False,False
2026-03-17,SKU-1007,Sugar,659.0,0,8264.0,14,8923.0,8264.0,True,0.0,False,659.0,observed,180,established,False,False,False,False,False
2026-03-18,SKU-1007,Sugar,604.0,0,7660.0,14,8264.0,7660.0,True,0.0,False,604.0,observed,180,established,False,False,False,False,False
2026-03-19,SKU-1007,Sugar,782.0,0,6878.0,14,7660.0,6878.0,True,0.0,False,782.0,observed,180,established,False,False,False,False,False
2026-03-20,SKU-1007,Sugar,352.0,0,6526.0,14,6878.0,6526.0,True,0.0,False,352.0,observed,180,established,False,False,False,False,False
2026-03-21,SKU-1007,Sugar,349.0,0,6177.0,14,6526.0,6177.0,True,0.0,False,349.0,observed,180,established,False,False,False,False,False
2026-03-22,SKU-1007,Sugar,306.0,0,5871.0,14,6177.0,5871.0,True,0.0,False,306.0,observed,180,established,False,False,False,False,False
2026-03-23,SKU-1007,Sugar,481.0,9380,14770.0,14,5871.0,14770.0,True,0.0,False,481.0,observed,180,established,False,False,False,False,False
2026-03-24,SKU-1007,Sugar,537.0,0,14233.0,14,14770.0,14233.0,True,0.0,False,537.0,observed,180,established,False,False,False,False,False
2026-03-25,SKU-1007,Sugar,180.0,0,14053.0,14,14233.0,14053.0,True,0.0,False,180.0,observed,180,established,False,False,False,False,False
2026-03-26,SKU-1007,Sugar,446.0,0,13607.0,14,14053.0,13607.0,True,0.0,False,446.0,observed,180,established,False,False,False,False,False
2026-03-27,SKU-1007,Sugar,525.0,0,13082.0,14,13607.0,13082.0,True,0.0,False,525.0,observed,180,established,False,False,False,False,False
2026-03-28,SKU-1007,Sugar,285.0,0,12797.0,14,13082.0,12797.0,True,0.0,False,285.0,observed,180,established,False,False,False,False,False
2026-03-29,SKU-1007,Sugar,430.0,0,12367.0,14,12797.0,12367.0,True,0.0,False,430.0,observed,180,established,False,False,False,False,False
2026-03-30,SKU-1007,Sugar,666.0,0,11701.0,14,12367.0,11701.0,True,0.0,False,666.0,observed,180,established,False,False,False,False,False
2026-03-31,SKU-1007,Sugar,478.0,0,11223.0,14,11701.0,11223.0,True,0.0,False,478.0,observed,180,established,False,False,False,False,False
2026-04-01,SKU-1007,Sugar,382.0,0,10841.0,14,11223.0,10841.0,True,0.0,False,382.0,observed,180,established,False,False,False,False,False
2026-04-02,SKU-1007,Sugar,431.0,0,10410.0,14,10841.0,10410.0,True,0.0,False,431.0,observed,180,established,False,False,False,False,False
2026-04-03,SKU-1007,Sugar,400.0,0,10010.0,14,10410.0,10010.0,True,0.0,False,400.0,observed,180,established,False,False,False,False,False
2026-04-04,SKU-1007,Sugar,263.0,0,9747.0,14,10010.0,9747.0,True,0.0,False,263.0,observed,180,established,False,False,False,False,False
2026-04-05,SKU-1007,Sugar,679.0,0,9068.0,14,9747.0,9068.0,True,0.0,False,679.0,observed,180,established,False,False,False,False,False
2026-04-06,SKU-1007,Sugar,558.0,0,8510.0,14,9068.0,8510.0,True,0.0,False,558.0,observed,180,established,False,False,False,False,False
2026-04-07,SKU-1007,Sugar,692.0,0,7818.0,14,8510.0,7818.0,True,0.0,False,692.0,observed,180,established,False,False,False,False,False
2026-04-08,SKU-1007,Sugar,381.0,0,7437.0,14,7818.0,7437.0,True,0.0,False,381.0,observed,180,established,False,False,False,False,False
2026-04-09,SKU-1007,Sugar,420.0,0,7017.0,14,7437.0,7017.0,True,0.0,False,420.0,observed,180,established,False,False,False,False,False
2026-04-10,SKU-1007,Sugar,164.0,0,6853.0,14,7017.0,6853.0,True,0.0,False,164.0,observed,180,established,False,False,False,False,False
2026-04-11,SKU-1007,Sugar,449.0,0,6404.0,14,6853.0,6404.0,True,0.0,False,449.0,observed,180,established,False,False,False,False,False
2026-04-12,SKU-1007,Sugar,301.0,0,6103.0,14,6404.0,6103.0,True,0.0,False,301.0,observed,180,established,False,False,False,False,False
2026-04-13,SKU-1007,Sugar,373.0,0,5730.0,14,6103.0,5730.0,True,0.0,False,373.0,observed,180,established,False,False,False,False,False
2026-04-14,SKU-1007,Sugar,328.0,7973,13375.0,14,5730.0,13375.0,True,0.0,False,328.0,observed,180,established,False,False,False,False,False
2026-04-15,SKU-1007,Sugar,356.0,0,13019.0,14,13375.0,13019.0,True,0.0,False,356.0,observed,180,established,False,False,False,False,False
2026-04-16,SKU-1007,Sugar,429.0,0,12590.0,14,13019.0,12590.0,True,0.0,False,429.0,observed,180,established,False,False,False,False,False
2026-04-17,SKU-1007,Sugar,622.0,0,11968.0,14,12590.0,11968.0,True,0.0,False,622.0,observed,180,established,False,False,False,False,False
2026-04-18,SKU-1007,Sugar,448.0,0,11520.0,14,11968.0,11520.0,True,0.0,False,448.0,observed,180,established,False,False,False,False,False
2026-04-19,SKU-1007,Sugar,339.0,0,11181.0,14,11520.0,11181.0,True,0.0,False,339.0,observed,180,established,False,False,False,False,False
2026-04-20,SKU-1007,Sugar,358.0,0,10823.0,14,11181.0,10823.0,True,0.0,False,358.0,observed,180,established,False,False,False,False,False
2026-04-21,SKU-1007,Sugar,417.0,0,10406.0,14,10823.0,10406.0,True,0.0,False,417.0,observed,180,established,False,False,False,False,False
2026-04-22,SKU-1007,Sugar,551.0,0,9855.0,14,10406.0,9855.0,True,0.0,False,551.0,observed,180,established,False,False,False,False,False
2026-04-23,SKU-1007,Sugar,547.0,0,9308.0,14,9855.0,9308.0,True,0.0,False,547.0,observed,180,established,False,False,False,False,False
2026-04-24,SKU-1007,Sugar,279.0,0,9029.0,14,9308.0,9029.0,True,0.0,False,279.0,observed,180,established,False,False,False,False,False
2026-04-25,SKU-1007,Sugar,539.0,0,8490.0,14,9029.0,8490.0,True,0.0,False,539.0,observed,180,established,False,False,False,False,False
2026-04-26,SKU-1007,Sugar,413.0,0,8077.0,14,8490.0,8077.0,True,0.0,False,413.0,observed,180,established,False,False,False,False,False
2026-04-27,SKU-1007,Sugar,509.0,0,7568.0,14,8077.0,7568.0,True,0.0,False,509.0,observed,180,established,False,False,False,False,False
2026-04-28,SKU-1007,Sugar,268.0,0,7300.0,14,7568.0,7300.0,True,0.0,False,268.0,observed,180,established,False,False,False,False,False
2026-04-29,SKU-1007,Sugar,689.0,0,6611.0,14,7300.0,6611.0,True,0.0,False,689.0,observed,180,established,False,False,False,False,False
2026-04-30,SKU-1007,Sugar,463.0,0,6148.0,14,6611.0,6148.0,True,0.0,False,463.0,observed,180,established,False,False,False,False,False
2026-05-01,SKU-1007,Sugar,485.0,0,5663.0,14,6148.0,5663.0,True,0.0,False,485.0,observed,180,established,False,False,False,False,False
2026-05-02,SKU-1007,Sugar,428.0,0,5235.0,14,5663.0,5235.0,True,0.0,False,428.0,observed,180,established,False,False,False,False,False
2026-05-03,SKU-1007,Sugar,413.0,0,4822.0,14,5235.0,4822.0,True,0.0,False,413.0,observed,180,established,False,False,False,False,False
2026-05-04,SKU-1007,Sugar,204.0,0,4618.0,14,4822.0,4618.0,True,0.0,False,204.0,observed,180,established,False,False,False,False,False
2026-05-05,SKU-1007,Sugar,1213.0,8352,11757.0,14,4618.0,11757.0,True,0.0,False,1213.0,observed,180,established,False,False,False,False,False
2026-05-06,SKU-1007,Sugar,461.0,0,11296.0,14,11757.0,11296.0,True,0.0,False,461.0,observed,180,established,False,False,False,False,False
2026-05-07,SKU-1007,Sugar,497.0,0,10799.0,14,11296.0,10799.0,True,0.0,False,497.0,observed,180,established,False,False,False,False,False
2026-05-08,SKU-1007,Sugar,597.0,0,10202.0,14,10799.0,10202.0,True,0.0,False,597.0,observed,180,established,False,False,False,False,False
2026-05-09,SKU-1007,Sugar,451.0,0,9751.0,14,10202.0,9751.0,True,0.0,False,451.0,observed,180,established,False,False,False,False,False
2026-05-10,SKU-1007,Sugar,393.0,0,9358.0,14,9751.0,9358.0,True,0.0,False,393.0,observed,180,established,False,False,False,False,False
2026-05-11,SKU-1007,Sugar,570.0,0,8788.0,14,9358.0,8788.0,True,0.0,False,570.0,observed,180,established,False,False,False,False,False
2026-05-12,SKU-1007,Sugar,706.0,0,8082.0,14,8788.0,8082.0,True,0.0,False,706.0,observed,180,established,False,False,False,False,False
2026-05-13,SKU-1007,Sugar,514.0,0,7568.0,14,8082.0,7568.0,True,0.0,False,514.0,observed,180,established,False,False,False,False,False
2026-05-14,SKU-1007,Sugar,484.0,0,7084.0,14,7568.0,7084.0,True,0.0,False,484.0,observed,180,established,False,False,False,False,False
2026-05-15,SKU-1007,Sugar,430.0,0,6654.0,14,7084.0,6654.0,True,0.0,False,430.0,observed,180,established,False,False,False,False,False
2026-05-16,SKU-1007,Sugar,339.0,0,6315.0,14,6654.0,6315.0,True,0.0,False,339.0,observed,180,established,False,False,False,False,False
2026-05-17,SKU-1007,Sugar,463.0,0,5852.0,14,6315.0,5852.0,True,0.0,False,463.0,observed,180,established,False,False,False,False,False
2026-05-18,SKU-1007,Sugar,607.0,0,5245.0,14,5852.0,5245.0,True,0.0,False,607.0,observed,180,established,False,False,False,False,False
2026-05-19,SKU-1007,Sugar,688.0,0,4557.0,14,5245.0,4557.0,True,0.0,False,688.0,observed,180,established,False,False,False,False,False
2026-05-20,SKU-1007,Sugar,479.0,0,4078.0,14,4557.0,4078.0,True,0.0,False,479.0,observed,180,established,False,False,False,False,False
2026-05-21,SKU-1007,Sugar,545.0,0,3533.0,14,4078.0,3533.0,True,0.0,False,545.0,observed,180,established,False,False,False,False,False
2026-05-22,SKU-1007,Sugar,587.0,0,2946.0,14,3533.0,2946.0,True,0.0,False,587.0,observed,180,established,False,False,False,False,False
2026-05-23,SKU-1007,Sugar,324.0,9826,12448.0,14,2946.0,12448.0,True,0.0,False,324.0,observed,180,established,False,False,False,False,False
2026-05-24,SKU-1007,Sugar,461.0,0,11987.0,14,12448.0,11987.0,True,0.0,False,461.0,observed,180,established,False,False,False,False,False
2026-05-25,SKU-1007,Sugar,397.0,0,11590.0,14,11987.0,11590.0,True,0.0,False,397.0,observed,180,established,False,False,False,False,False
2026-05-26,SKU-1007,Sugar,460.0,0,11130.0,14,11590.0,11130.0,True,0.0,False,460.0,observed,180,established,False,False,False,False,False
2026-05-27,SKU-1007,Sugar,1284.0,0,9846.0,14,11130.0,9846.0,True,0.0,False,1284.0,observed,180,established,False,False,False,False,False
2026-05-28,SKU-1007,Sugar,506.0,0,9340.0,14,9846.0,9340.0,True,0.0,False,506.0,observed,180,established,False,False,False,False,False
2026-05-29,SKU-1007,Sugar,436.0,0,8904.0,14,9340.0,8904.0,True,0.0,False,436.0,observed,180,established,False,False,False,False,False
2026-05-30,SKU-1007,Sugar,213.0,0,8691.0,14,8904.0,8691.0,True,0.0,False,213.0,observed,180,established,False,False,False,False,False
2026-05-31,SKU-1007,Sugar,329.0,0,8362.0,14,8691.0,8362.0,True,0.0,False,329.0,observed,180,established,False,False,False,False,False
2026-06-01,SKU-1007,Sugar,519.0,0,7843.0,14,8362.0,7843.0,True,0.0,False,519.0,observed,180,established,False,False,False,False,False
2026-06-02,SKU-1007,Sugar,592.0,0,7251.0,14,7843.0,7251.0,True,0.0,False,592.0,observed,180,established,False,False,False,False,False
2026-06-03,SKU-1007,Sugar,641.0,0,6610.0,14,7251.0,6610.0,True,0.0,False,641.0,observed,180,established,False,False,False,False,False
2026-06-04,SKU-1007,Sugar,357.0,0,6253.0,14,6610.0,6253.0,True,0.0,False,357.0,observed,180,established,False,False,False,False,False
2026-06-05,SKU-1007,Sugar,562.0,0,5691.0,14,6253.0,5691.0,True,0.0,False,562.0,observed,180,established,False,False,False,False,False
2026-06-06,SKU-1007,Sugar,408.0,0,5283.0,14,5691.0,5283.0,True,0.0,False,408.0,observed,180,established,False,False,False,False,False
2026-06-07,SKU-1007,Sugar,315.0,0,4968.0,14,5283.0,4968.0,True,0.0,False,315.0,observed,180,established,False,False,False,False,False
2026-06-08,SKU-1007,Sugar,410.0,7180,11738.0,14,4968.0,11738.0,True,0.0,False,410.0,observed,180,established,False,False,False,False,False
2026-06-09,SKU-1007,Sugar,451.0,0,11287.0,14,11738.0,11287.0,True,0.0,False,451.0,observed,180,established,False,False,False,False,False
2026-06-10,SKU-1007,Sugar,1147.0,0,10140.0,14,11287.0,10140.0,True,0.0,False,1147.0,observed,180,established,False,False,False,False,False
2026-06-11,SKU-1007,Sugar,484.0,0,9656.0,14,10140.0,9656.0,True,0.0,False,484.0,observed,180,established,False,False,False,False,False
2026-06-12,SKU-1007,Sugar,238.0,0,9418.0,14,9656.0,9418.0,True,0.0,False,238.0,observed,180,established,False,False,False,False,False
2026-06-13,SKU-1007,Sugar,434.0,0,8984.0,14,9418.0,8984.0,True,0.0,False,434.0,observed,180,established,False,False,False,False,False
2026-06-14,SKU-1007,Sugar,396.0,0,8588.0,14,8984.0,8588.0,True,0.0,False,396.0,observed,180,established,False,False,False,False,False
2026-06-15,SKU-1007,Sugar,417.0,0,8171.0,14,8588.0,8171.0,True,0.0,False,417.0,observed,180,established,False,False,False,False,False
2026-06-16,SKU-1007,Sugar,451.0,0,7720.0,14,8171.0,7720.0,True,0.0,False,451.0,observed,180,established,False,False,False,False,False
2026-06-17,SKU-1007,Sugar,631.0,0,7089.0,14,7720.0,7089.0,True,0.0,False,631.0,observed,180,established,False,False,False,False,False
2026-06-18,SKU-1007,Sugar,462.0,0,6627.0,14,7089.0,6627.0,True,0.0,False,462.0,observed,180,established,False,False,False,False,False
2026-06-19,SKU-1007,Sugar,346.0,0,6281.0,14,6627.0,6281.0,True,0.0,False,346.0,observed,180,established,False,False,False,False,False
2026-06-20,SKU-1007,Sugar,302.0,0,5979.0,14,6281.0,5979.0,True,0.0,False,302.0,observed,180,established,False,False,False,False,False
2026-06-21,SKU-1007,Sugar,950.0,0,5029.0,14,5979.0,5029.0,True,0.0,False,950.0,observed,180,established,False,False,False,False,False
2026-06-22,SKU-1007,Sugar,418.0,0,4611.0,14,5029.0,4611.0,True,0.0,False,418.0,observed,180,established,False,False,False,False,False
2026-06-23,SKU-1007,Sugar,589.0,0,4022.0,14,4611.0,4022.0,True,0.0,False,589.0,observed,180,established,False,False,False,False,False
2026-06-24,SKU-1007,Sugar,1110.0,8984,11896.0,14,4022.0,11896.0,True,0.0,False,1110.0,observed,180,established,False,False,False,False,False
2026-06-25,SKU-1007,Sugar,426.0,0,11470.0,14,11896.0,11470.0,True,0.0,False,426.0,observed,180,established,False,False,False,False,False
2026-06-26,SKU-1007,Sugar,358.0,0,11112.0,14,11470.0,11112.0,True,0.0,False,358.0,observed,180,established,False,False,False,False,False
2026-06-27,SKU-1007,Sugar,339.0,0,10773.0,14,11112.0,10773.0,True,0.0,False,339.0,observed,180,established,False,False,False,False,False
2026-06-28,SKU-1007,Sugar,489.0,0,10284.0,14,10773.0,10284.0,True,0.0,False,489.0,observed,180,established,False,False,False,False,False
2026-06-29,SKU-1007,Sugar,671.0,0,9613.0,14,10284.0,9613.0,True,0.0,False,671.0,observed,180,established,False,False,False,False,False
2026-01-01,SKU-1008,Sugar,77.0,0,291.0,5,,,False,,False,77.0,observed,180,established,False,False,False,False,False
2026-01-02,SKU-1008,Sugar,80.0,0,211.0,5,291.0,211.0,True,0.0,False,80.0,observed,180,established,False,False,False,False,False
2026-01-03,SKU-1008,Sugar,71.0,0,140.0,5,211.0,140.0,True,0.0,False,71.0,observed,180,established,False,False,False,False,False
2026-01-04,SKU-1008,Sugar,53.0,0,87.0,5,140.0,87.0,True,0.0,False,53.0,observed,180,established,False,False,False,False,False
2026-01-05,SKU-1008,Sugar,92.0,0,0.0,5,87.0,-5.0,False,-5.0,True,92.0,observed,180,established,False,False,False,True,False
2026-01-06,SKU-1008,Sugar,102.0,0,0.0,5,0.0,-102.0,False,-102.0,True,102.0,observed,180,established,False,False,False,True,False
2026-01-07,SKU-1008,Sugar,84.0,0,0.0,5,0.0,-84.0,False,-84.0,True,84.0,observed,180,established,False,False,False,True,False
2026-01-08,SKU-1008,Sugar,88.0,565,477.0,5,0.0,477.0,True,0.0,False,88.0,observed,180,established,False,False,False,False,False
2026-01-09,SKU-1008,Sugar,72.0,0,,5,477.0,405.0,False,,False,72.0,observed,180,established,False,True,False,False,False
2026-01-10,SKU-1008,Sugar,80.0,0,325.0,5,,,False,,False,80.0,observed,180,established,False,False,False,False,False
2026-01-11,SKU-1008,Sugar,80.0,0,245.0,5,325.0,245.0,True,0.0,False,80.0,observed,180,established,False,False,False,False,False
2026-01-12,SKU-1008,Sugar,72.0,474,647.0,5,245.0,647.0,True,0.0,False,72.0,observed,180,established,False,False,False,False,False
2026-01-13,SKU-1008,Sugar,85.0,0,562.0,5,647.0,562.0,True,0.0,False,85.0,observed,180,established,False,False,False,False,False
2026-01-14,SKU-1008,Sugar,83.0,0,479.0,5,562.0,479.0,True,0.0,False,83.0,observed,180,established,False,False,False,False,False
2026-01-15,SKU-1008,Sugar,78.0,0,401.0,5,479.0,401.0,True,0.0,False,78.0,observed,180,established,False,False,False,False,False
2026-01-16,SKU-1008,Sugar,84.0,0,317.0,5,401.0,317.0,True,0.0,False,84.0,observed,180,established,False,False,False,False,False
2026-01-17,SKU-1008,Sugar,62.0,0,255.0,5,317.0,255.0,True,0.0,False,62.0,observed,180,established,False,False,False,False,False
2026-01-18,SKU-1008,Sugar,63.0,0,192.0,5,255.0,192.0,True,0.0,False,63.0,observed,180,established,False,False,False,False,False
2026-01-19,SKU-1008,Sugar,91.0,0,101.0,5,192.0,101.0,True,0.0,False,91.0,observed,180,established,False,False,False,False,False
2026-01-20,SKU-1008,Sugar,109.0,0,0.0,5,101.0,-8.0,False,-8.0,True,109.0,observed,180,established,False,False,False,True,False
2026-01-21,SKU-1008,Sugar,92.0,0,0.0,5,0.0,-92.0,False,-92.0,True,92.0,observed,180,established,False,False,False,True,False
2026-01-22,SKU-1008,Sugar,82.0,0,0.0,5,0.0,-82.0,False,-82.0,True,82.0,observed,180,established,False,False,False,True,False
2026-01-23,SKU-1008,Sugar,82.0,624,542.0,5,0.0,542.0,True,0.0,False,82.0,observed,180,established,False,False,False,False,False
2026-01-24,SKU-1008,Sugar,82.0,0,460.0,5,542.0,460.0,True,0.0,False,82.0,observed,180,established,False,False,False,False,False
2026-01-25,SKU-1008,Sugar,95.0,486,,5,460.0,851.0,False,,False,95.0,observed,180,established,False,True,False,False,False
2026-01-26,SKU-1008,Sugar,68.0,0,783.0,5,,,False,,False,68.0,observed,180,established,False,False,False,False,False
2026-01-27,SKU-1008,Sugar,93.0,0,690.0,5,783.0,690.0,True,0.0,False,93.0,observed,180,established,False,False,False,False,False
2026-01-28,SKU-1008,Sugar,86.0,0,604.0,5,690.0,604.0,True,0.0,False,86.0,observed,180,established,False,False,False,False,False
2026-01-29,SKU-1008,Sugar,92.0,0,512.0,5,604.0,512.0,True,0.0,False,92.0,observed,180,established,False,False,False,False,False
2026-01-30,SKU-1008,Sugar,72.0,0,440.0,5,512.0,440.0,True,0.0,False,72.0,observed,180,established,False,False,False,False,False
2026-01-31,SKU-1008,Sugar,70.0,611,981.0,5,440.0,981.0,True,0.0,False,70.0,observed,180,established,False,False,False,False,False
2026-02-01,SKU-1008,Sugar,83.0,0,898.0,5,981.0,898.0,True,0.0,False,83.0,observed,180,established,False,False,False,False,False
2026-02-02,SKU-1008,Sugar,55.0,0,843.0,5,898.0,843.0,True,0.0,False,55.0,observed,180,established,False,False,False,False,False
2026-02-03,SKU-1008,Sugar,79.0,0,764.0,5,843.0,764.0,True,0.0,False,79.0,observed,180,established,False,False,False,False,False
2026-02-04,SKU-1008,Sugar,85.0,0,679.0,5,764.0,679.0,True,0.0,False,85.0,observed,180,established,False,False,False,False,False
2026-02-05,SKU-1008,Sugar,81.0,0,598.0,5,679.0,598.0,True,0.0,False,81.0,observed,180,established,False,False,False,False,False
2026-02-06,SKU-1008,Sugar,98.0,0,500.0,5,598.0,500.0,True,0.0,False,98.0,observed,180,established,False,False,False,False,False
2026-02-07,SKU-1008,Sugar,78.0,0,422.0,5,500.0,422.0,True,0.0,False,78.0,observed,180,established,False,False,False,False,False
2026-02-08,SKU-1008,Sugar,93.0,494,823.0,5,422.0,823.0,True,0.0,False,93.0,observed,180,established,False,False,False,False,False
2026-02-09,SKU-1008,Sugar,112.0,0,711.0,5,823.0,711.0,True,0.0,False,112.0,observed,180,established,False,False,False,False,False
2026-02-10,SKU-1008,Sugar,106.0,0,605.0,5,711.0,605.0,True,0.0,False,106.0,observed,180,established,False,False,False,False,False
2026-02-11,SKU-1008,Sugar,101.0,0,504.0,5,605.0,504.0,True,0.0,False,101.0,observed,180,established,False,False,False,False,False
2026-02-12,SKU-1008,Sugar,94.0,0,410.0,5,504.0,410.0,True,0.0,False,94.0,observed,180,established,False,False,False,False,False
2026-02-13,SKU-1008,Sugar,98.0,576,888.0,5,410.0,888.0,True,0.0,False,98.0,observed,180,established,False,False,False,False,False
2026-02-14,SKU-1008,Sugar,68.0,0,820.0,5,888.0,820.0,True,0.0,False,68.0,observed,180,established,False,False,False,False,False
2026-02-15,SKU-1008,Sugar,87.0,0,733.0,5,820.0,733.0,True,0.0,False,87.0,observed,180,established,False,False,False,False,False
2026-02-16,SKU-1008,Sugar,66.0,0,667.0,5,733.0,667.0,True,0.0,False,66.0,observed,180,established,False,False,False,False,False
2026-02-17,SKU-1008,Sugar,97.0,0,570.0,5,667.0,570.0,True,0.0,False,97.0,observed,180,established,False,False,False,False,False
2026-02-18,SKU-1008,Sugar,101.0,0,469.0,5,570.0,469.0,True,0.0,False,101.0,observed,180,established,False,False,False,False,False
2026-02-19,SKU-1008,Sugar,80.0,0,389.0,5,469.0,389.0,True,0.0,False,80.0,observed,180,established,False,False,False,False,False
2026-02-20,SKU-1008,Sugar,72.0,0,317.0,5,389.0,317.0,True,0.0,False,72.0,observed,180,established,False,False,False,False,False
2026-02-21,SKU-1008,Sugar,69.0,0,248.0,5,317.0,248.0,True,0.0,False,69.0,observed,180,established,False,False,False,False,False
2026-02-22,SKU-1008,Sugar,63.0,0,185.0,5,248.0,185.0,True,0.0,False,63.0,observed,180,established,False,False,False,False,False
2026-02-23,SKU-1008,Sugar,64.0,557,678.0,5,185.0,678.0,True,0.0,False,64.0,observed,180,established,False,False,False,False,False
2026-02-24,SKU-1008,Sugar,91.0,0,587.0,5,678.0,587.0,True,0.0,False,91.0,observed,180,established,False,False,False,False,False
2026-02-25,SKU-1008,Sugar,102.0,0,485.0,5,587.0,485.0,True,0.0,False,102.0,observed,180,established,False,False,False,False,False
2026-02-26,SKU-1008,Sugar,80.0,0,405.0,5,485.0,405.0,True,0.0,False,80.0,observed,180,established,False,False,False,False,False
2026-02-27,SKU-1008,Sugar,76.0,447,776.0,5,405.0,776.0,True,0.0,False,76.0,observed,180,established,False,False,False,False,False
2026-02-28,SKU-1008,Sugar,60.0,0,716.0,5,776.0,716.0,True,0.0,False,60.0,observed,180,established,False,False,False,False,False
2026-03-01,SKU-1008,Sugar,84.0,0,632.0,5,716.0,632.0,True,0.0,False,84.0,observed,180,established,False,False,False,False,False
2026-03-02,SKU-1008,Sugar,105.0,0,527.0,5,632.0,527.0,True,0.0,False,105.0,observed,180,established,False,False,False,False,False
2026-03-03,SKU-1008,Sugar,71.0,0,456.0,5,527.0,456.0,True,0.0,False,71.0,observed,180,established,False,False,False,False,False
2026-03-04,SKU-1008,Sugar,111.0,0,345.0,5,456.0,345.0,True,0.0,False,111.0,observed,180,established,False,False,False,False,False
2026-03-05,SKU-1008,Sugar,87.0,0,258.0,5,345.0,258.0,True,0.0,False,87.0,observed,180,established,False,False,False,False,False
2026-03-06,SKU-1008,Sugar,65.0,0,193.0,5,258.0,193.0,True,0.0,False,65.0,observed,180,established,False,False,False,False,False
2026-03-07,SKU-1008,Sugar,86.0,0,107.0,5,193.0,,False,,False,,stock_balance_reconstructed,180,established,False,False,False,False,False
2026-03-08,SKU-1008,Sugar,53.0,0,54.0,5,107.0,54.0,True,0.0,False,53.0,observed,180,established,False,False,False,False,False
2026-03-09,SKU-1008,Sugar,55.0,0,0.0,5,54.0,-1.0,False,-1.0,True,55.0,observed,180,established,False,False,False,True,False
2026-03-10,SKU-1008,Sugar,78.0,0,0.0,5,0.0,-78.0,False,-78.0,True,78.0,observed,180,established,False,False,False,True,False
2026-03-11,SKU-1008,Sugar,109.0,571,462.0,5,0.0,462.0,True,0.0,False,109.0,observed,180,established,False,False,False,False,False
2026-03-12,SKU-1008,Sugar,88.0,0,374.0,5,462.0,374.0,True,0.0,False,88.0,observed,180,established,False,False,False,False,False
2026-03-13,SKU-1008,Sugar,76.0,0,298.0,5,374.0,298.0,True,0.0,False,76.0,observed,180,established,False,False,False,False,False
2026-03-14,SKU-1008,Sugar,151.0,0,147.0,5,298.0,147.0,True,0.0,False,151.0,observed,180,established,False,False,False,False,False
2026-03-15,SKU-1008,Sugar,80.0,559,626.0,5,147.0,626.0,True,0.0,False,80.0,observed,180,established,False,False,False,False,False
2026-03-16,SKU-1008,Sugar,107.0,0,519.0,5,626.0,519.0,True,0.0,False,107.0,observed,180,established,False,False,False,False,False
2026-03-17,SKU-1008,Sugar,93.0,0,426.0,5,519.0,426.0,True,0.0,False,93.0,observed,180,established,False,False,False,False,False
2026-03-18,SKU-1008,Sugar,85.0,0,341.0,5,426.0,341.0,True,0.0,False,85.0,observed,180,established,False,False,False,False,False
2026-03-19,SKU-1008,Sugar,84.0,0,257.0,5,341.0,257.0,True,0.0,False,84.0,observed,180,established,False,False,False,False,False
2026-03-20,SKU-1008,Sugar,64.0,0,193.0,5,257.0,193.0,True,0.0,False,64.0,observed,180,established,False,False,False,False,False
2026-03-21,SKU-1008,Sugar,100.0,445,538.0,5,193.0,538.0,True,0.0,False,100.0,observed,180,established,False,False,False,False,False
2026-03-22,SKU-1008,Sugar,87.0,0,,5,538.0,451.0,False,,False,87.0,observed,180,established,False,True,False,False,False
2026-03-23,SKU-1008,Sugar,87.0,0,364.0,5,,,False,,False,87.0,observed,180,established,False,False,False,False,False
2026-03-24,SKU-1008,Sugar,85.0,0,279.0,5,364.0,279.0,True,0.0,False,85.0,observed,180,established,False,False,False,False,False
2026-03-25,SKU-1008,Sugar,76.0,0,203.0,5,279.0,203.0,True,0.0,False,76.0,observed,180,established,False,False,False,False,False
2026-03-26,SKU-1008,Sugar,85.0,0,118.0,5,203.0,118.0,True,0.0,False,85.0,observed,180,established,False,False,False,False,False
2026-03-27,SKU-1008,Sugar,99.0,0,19.0,5,118.0,19.0,True,0.0,False,99.0,observed,180,established,False,False,False,False,False
2026-03-28,SKU-1008,Sugar,61.0,0,0.0,5,19.0,-42.0,False,-42.0,True,61.0,observed,180,established,False,False,False,True,False
2026-03-29,SKU-1008,Sugar,74.0,0,0.0,5,0.0,-74.0,False,-74.0,True,74.0,observed,180,established,False,False,False,True,False
2026-03-30,SKU-1008,Sugar,86.0,0,,5,0.0,-86.0,False,,False,86.0,observed,180,established,False,True,False,False,False
2026-03-31,SKU-1008,Sugar,59.0,0,0.0,5,,,False,,False,59.0,observed,180,established,False,False,False,True,False
2026-04-01,SKU-1008,Sugar,96.0,508,412.0,5,0.0,412.0,True,0.0,False,96.0,observed,180,established,False,False,False,False,False
2026-04-02,SKU-1008,Sugar,85.0,0,327.0,5,412.0,327.0,True,0.0,False,85.0,observed,180,established,False,False,False,False,False
2026-04-03,SKU-1008,Sugar,91.0,551,787.0,5,327.0,787.0,True,0.0,False,91.0,observed,180,established,False,False,False,False,False
2026-04-04,SKU-1008,Sugar,68.0,0,719.0,5,787.0,719.0,True,0.0,False,68.0,observed,180,established,False,False,False,False,False
2026-04-05,SKU-1008,Sugar,86.0,0,633.0,5,719.0,633.0,True,0.0,False,86.0,observed,180,established,False,False,False,False,False
2026-04-06,SKU-1008,Sugar,79.0,0,554.0,5,633.0,554.0,True,0.0,False,79.0,observed,180,established,False,False,False,False,False
2026-04-07,SKU-1008,Sugar,69.0,0,485.0,5,554.0,485.0,True,0.0,False,69.0,observed,180,established,False,False,False,False,False
2026-04-08,SKU-1008,Sugar,117.0,0,368.0,5,485.0,368.0,True,0.0,False,117.0,observed,180,established,False,False,False,False,False
2026-04-09,SKU-1008,Sugar,118.0,517,767.0,5,368.0,767.0,True,0.0,False,118.0,observed,180,established,False,False,False,False,False
2026-04-10,SKU-1008,Sugar,75.0,0,692.0,5,767.0,692.0,True,0.0,False,75.0,observed,180,established,False,False,False,False,False
2026-04-11,SKU-1008,Sugar,81.0,0,611.0,5,692.0,611.0,True,0.0,False,81.0,observed,180,established,False,False,False,False,False
2026-04-12,SKU-1008,Sugar,76.0,0,535.0,5,611.0,535.0,True,0.0,False,76.0,observed,180,established,False,False,False,False,False
2026-04-13,SKU-1008,Sugar,73.0,0,462.0,5,535.0,462.0,True,0.0,False,73.0,observed,180,established,False,False,False,False,False
2026-04-14,SKU-1008,Sugar,89.0,505,878.0,5,462.0,878.0,True,0.0,False,89.0,observed,180,established,False,False,False,False,False
2026-04-15,SKU-1008,Sugar,99.0,0,779.0,5,878.0,779.0,True,0.0,False,99.0,observed,180,established,False,False,False,False,False
2026-04-16,SKU-1008,Sugar,96.0,0,683.0,5,779.0,,False,,False,,stock_balance_reconstructed,180,established,False,False,False,False,False
2026-04-17,SKU-1008,Sugar,63.0,0,620.0,5,683.0,620.0,True,0.0,False,63.0,observed,180,established,False,False,False,False,False
2026-04-18,SKU-1008,Sugar,89.0,0,531.0,5,620.0,531.0,True,0.0,False,89.0,observed,180,established,False,False,False,False,False
2026-04-19,SKU-1008,Sugar,60.0,0,471.0,5,531.0,471.0,True,0.0,False,60.0,observed,180,established,False,False,False,False,False
2026-04-20,SKU-1008,Sugar,97.0,0,374.0,5,471.0,374.0,True,0.0,False,97.0,observed,180,established,False,False,False,False,False
2026-04-21,SKU-1008,Sugar,74.0,0,300.0,5,374.0,300.0,True,0.0,False,74.0,observed,180,established,False,False,False,False,False
2026-04-22,SKU-1008,Sugar,82.0,479,697.0,5,300.0,697.0,True,0.0,False,82.0,observed,180,established,False,False,False,False,False
2026-04-23,SKU-1008,Sugar,159.0,0,538.0,5,697.0,538.0,True,0.0,False,159.0,observed,180,established,False,False,False,False,False
2026-04-24,SKU-1008,Sugar,74.0,0,464.0,5,538.0,464.0,True,0.0,False,74.0,observed,180,established,False,False,False,False,False
2026-04-25,SKU-1008,Sugar,72.0,0,392.0,5,464.0,392.0,True,0.0,False,72.0,observed,180,established,False,False,False,False,False
2026-04-26,SKU-1008,Sugar,82.0,0,310.0,5,392.0,310.0,True,0.0,False,82.0,observed,180,established,False,False,False,False,False
2026-04-27,SKU-1008,Sugar,105.0,0,205.0,5,310.0,205.0,True,0.0,False,105.0,observed,180,established,False,False,False,False,False
2026-04-28,SKU-1008,Sugar,83.0,0,122.0,5,205.0,122.0,True,0.0,False,83.0,observed,180,established,False,False,False,False,False
2026-04-29,SKU-1008,Sugar,104.0,0,18.0,5,122.0,18.0,True,0.0,False,104.0,observed,180,established,False,False,False,False,False
2026-04-30,SKU-1008,Sugar,99.0,451,370.0,5,18.0,370.0,True,0.0,False,99.0,observed,180,established,False,False,False,False,False
2026-05-01,SKU-1008,Sugar,116.0,0,254.0,5,370.0,254.0,True,0.0,False,116.0,observed,180,established,False,False,False,False,False
2026-05-02,SKU-1008,Sugar,92.0,539,701.0,5,254.0,701.0,True,0.0,False,92.0,observed,180,established,False,False,False,False,False
2026-05-03,SKU-1008,Sugar,29.0,0,672.0,5,701.0,672.0,True,0.0,False,29.0,observed,180,established,False,False,False,False,False
2026-05-04,SKU-1008,Sugar,94.0,0,578.0,5,672.0,578.0,True,0.0,False,94.0,observed,180,established,False,False,False,False,False
2026-05-05,SKU-1008,Sugar,97.0,0,481.0,5,578.0,481.0,True,0.0,False,97.0,observed,180,established,False,False,False,False,False
2026-05-06,SKU-1008,Sugar,87.0,0,394.0,5,481.0,394.0,True,0.0,False,87.0,observed,180,established,False,False,False,False,False
2026-05-07,SKU-1008,Sugar,73.0,622,943.0,5,394.0,943.0,True,0.0,False,73.0,observed,180,established,False,False,False,False,False
2026-05-08,SKU-1008,Sugar,88.0,0,855.0,5,943.0,855.0,True,0.0,False,88.0,observed,180,established,False,False,False,False,False
2026-05-09,SKU-1008,Sugar,57.0,0,798.0,5,855.0,798.0,True,0.0,False,57.0,observed,180,established,False,False,False,False,False
2026-05-10,SKU-1008,Sugar,88.0,0,710.0,5,798.0,710.0,True,0.0,False,88.0,observed,180,established,False,False,False,False,False
2026-05-11,SKU-1008,Sugar,111.0,0,599.0,5,710.0,599.0,True,0.0,False,111.0,observed,180,established,False,False,False,False,False
2026-05-12,SKU-1008,Sugar,89.0,0,510.0,5,599.0,510.0,True,0.0,False,89.0,observed,180,established,False,False,False,False,False
2026-05-13,SKU-1008,Sugar,115.0,0,395.0,5,510.0,395.0,True,0.0,False,115.0,observed,180,established,False,False,False,False,False
2026-05-14,SKU-1008,Sugar,86.0,0,309.0,5,395.0,309.0,True,0.0,False,86.0,observed,180,established,False,False,False,False,False
2026-05-15,SKU-1008,Sugar,87.0,0,222.0,5,309.0,222.0,True,0.0,False,87.0,observed,180,established,False,False,False,False,False
2026-05-16,SKU-1008,Sugar,67.0,0,155.0,5,222.0,155.0,True,0.0,False,67.0,observed,180,established,False,False,False,False,False
2026-05-17,SKU-1008,Sugar,89.0,0,66.0,5,155.0,66.0,True,0.0,False,89.0,observed,180,established,False,False,False,False,False
2026-05-18,SKU-1008,Sugar,71.0,0,0.0,5,66.0,-5.0,False,-5.0,True,71.0,observed,180,established,False,False,False,True,False
2026-05-19,SKU-1008,Sugar,102.0,0,0.0,5,0.0,-102.0,False,-102.0,True,102.0,observed,180,established,False,False,False,True,False
2026-05-20,SKU-1008,Sugar,81.0,0,0.0,5,0.0,-81.0,False,-81.0,True,81.0,observed,180,established,False,False,False,True,False
2026-05-21,SKU-1008,Sugar,91.0,0,0.0,5,0.0,-91.0,False,-91.0,True,91.0,observed,180,established,False,False,False,True,False
2026-05-22,SKU-1008,Sugar,91.0,0,0.0,5,0.0,-91.0,False,-91.0,True,91.0,observed,180,established,False,False,False,True,False
2026-05-23,SKU-1008,Sugar,72.0,0,0.0,5,0.0,-72.0,False,-72.0,True,72.0,observed,180,established,False,False,False,True,False
2026-05-24,SKU-1008,Sugar,95.0,0,0.0,5,0.0,-95.0,False,-95.0,True,95.0,observed,180,established,False,False,False,True,False
2026-05-25,SKU-1008,Sugar,75.0,0,0.0,5,0.0,-75.0,False,-75.0,True,75.0,observed,180,established,False,False,False,True,False
2026-05-26,SKU-1008,Sugar,89.0,0,0.0,5,0.0,-89.0,False,-89.0,True,89.0,observed,180,established,False,False,False,True,False
2026-05-27,SKU-1008,Sugar,95.0,0,0.0,5,0.0,-95.0,False,-95.0,True,95.0,observed,180,established,False,False,False,True,False
2026-05-28,SKU-1008,Sugar,88.0,0,0.0,5,0.0,-88.0,False,-88.0,True,88.0,observed,180,established,False,False,False,True,False
2026-05-29,SKU-1008,Sugar,69.0,568,499.0,5,0.0,499.0,True,0.0,False,69.0,observed,180,established,False,False,False,False,False
2026-05-30,SKU-1008,Sugar,65.0,0,434.0,5,499.0,434.0,True,0.0,False,65.0,observed,180,established,False,False,False,False,False
2026-05-31,SKU-1008,Sugar,69.0,0,365.0,5,434.0,365.0,True,0.0,False,69.0,observed,180,established,False,False,False,False,False
2026-06-01,SKU-1008,Sugar,104.0,603,864.0,5,365.0,864.0,True,0.0,False,104.0,observed,180,established,False,False,False,False,False
2026-06-02,SKU-1008,Sugar,117.0,0,747.0,5,864.0,747.0,True,0.0,False,117.0,observed,180,established,False,False,False,False,False
2026-06-03,SKU-1008,Sugar,81.0,0,666.0,5,747.0,666.0,True,0.0,False,81.0,observed,180,established,False,False,False,False,False
2026-06-04,SKU-1008,Sugar,77.0,0,589.0,5,666.0,589.0,True,0.0,False,77.0,observed,180,established,False,False,False,False,False
2026-06-05,SKU-1008,Sugar,82.0,0,507.0,5,589.0,507.0,True,0.0,False,82.0,observed,180,established,False,False,False,False,False
2026-06-06,SKU-1008,Sugar,78.0,0,429.0,5,507.0,429.0,True,0.0,False,78.0,observed,180,established,False,False,False,False,False
2026-06-07,SKU-1008,Sugar,90.0,561,900.0,5,429.0,900.0,True,0.0,False,90.0,observed,180,established,False,False,False,False,False
2026-06-08,SKU-1008,Sugar,96.0,0,804.0,5,900.0,804.0,True,0.0,False,96.0,observed,180,established,False,False,False,False,False
2026-06-09,SKU-1008,Sugar,105.0,0,699.0,5,804.0,699.0,True,0.0,False,105.0,observed,180,established,False,False,False,False,False
2026-06-10,SKU-1008,Sugar,120.0,0,579.0,5,699.0,579.0,True,0.0,False,120.0,observed,180,established,False,False,False,False,False
2026-06-11,SKU-1008,Sugar,128.0,0,451.0,5,579.0,451.0,True,0.0,False,128.0,observed,180,established,False,False,False,False,False
2026-06-12,SKU-1008,Sugar,85.0,0,366.0,5,451.0,366.0,True,0.0,False,85.0,observed,180,established,False,False,False,False,False
2026-06-13,SKU-1008,Sugar,85.0,0,281.0,5,366.0,281.0,True,0.0,False,85.0,observed,180,established,False,False,False,False,False
2026-06-14,SKU-1008,Sugar,79.0,0,202.0,5,281.0,202.0,True,0.0,False,79.0,observed,180,established,False,False,False,False,False
2026-06-15,SKU-1008,Sugar,67.0,433,568.0,5,202.0,568.0,True,0.0,False,67.0,observed,180,established,False,False,False,False,False
2026-06-16,SKU-1008,Sugar,109.0,0,459.0,5,568.0,459.0,True,0.0,False,109.0,observed,180,established,False,False,False,False,False
2026-06-17,SKU-1008,Sugar,113.0,498,844.0,5,459.0,844.0,True,0.0,False,113.0,observed,180,established,False,False,False,False,False
2026-06-18,SKU-1008,Sugar,90.0,0,754.0,5,844.0,754.0,True,0.0,False,90.0,observed,180,established,False,False,False,False,False
2026-06-19,SKU-1008,Sugar,57.0,0,697.0,5,754.0,697.0,True,0.0,False,57.0,observed,180,established,False,False,False,False,False
2026-06-20,SKU-1008,Sugar,79.0,0,618.0,5,697.0,618.0,True,0.0,False,79.0,observed,180,established,False,False,False,False,False
2026-06-21,SKU-1008,Sugar,71.0,0,547.0,5,618.0,547.0,True,0.0,False,71.0,observed,180,established,False,False,False,False,False
2026-06-22,SKU-1008,Sugar,67.0,0,480.0,5,547.0,480.0,True,0.0,False,67.0,observed,180,established,False,False,False,False,False
2026-06-23,SKU-1008,Sugar,99.0,0,381.0,5,480.0,381.0,True,0.0,False,99.0,observed,180,established,False,False,False,False,False
2026-06-24,SKU-1008,Sugar,85.0,0,296.0,5,381.0,296.0,True,0.0,False,85.0,observed,180,established,False,False,False,False,False
2026-06-25,SKU-1008,Sugar,107.0,0,189.0,5,296.0,189.0,True,0.0,False,107.0,observed,180,established,False,False,False,False,False
2026-06-26,SKU-1008,Sugar,70.0,435,554.0,5,189.0,554.0,True,0.0,False,70.0,observed,180,established,False,False,False,False,False
2026-06-27,SKU-1008,Sugar,83.0,0,471.0,5,554.0,471.0,True,0.0,False,83.0,observed,180,established,False,False,False,False,False
2026-06-28,SKU-1008,Sugar,82.0,0,389.0,5,471.0,389.0,True,0.0,False,82.0,observed,180,established,False,False,False,False,False
2026-06-29,SKU-1008,Sugar,97.0,0,292.0,5,389.0,292.0,True,0.0,False,97.0,observed,180,established,False,False,False,False,False
2026-01-01,SKU-1009,Beverages,372.0,0,2762.0,14,,,False,,False,372.0,observed,180,established,False,False,False,False,False
2026-01-02,SKU-1009,Beverages,194.0,0,2568.0,14,2762.0,2568.0,True,0.0,False,194.0,observed,180,established,False,False,False,False,False
2026-01-03,SKU-1009,Beverages,231.0,5423,7760.0,14,2568.0,7760.0,True,0.0,False,231.0,observed,180,established,False,False,False,False,False
2026-01-04,SKU-1009,Beverages,263.0,0,7497.0,14,7760.0,7497.0,True,0.0,False,263.0,observed,180,established,False,False,False,False,False
2026-01-05,SKU-1009,Beverages,329.0,0,7168.0,14,7497.0,7168.0,True,0.0,False,329.0,observed,180,established,False,False,False,False,False
2026-01-06,SKU-1009,Beverages,375.0,0,6793.0,14,7168.0,6793.0,True,0.0,False,375.0,observed,180,established,False,False,False,False,False
2026-01-07,SKU-1009,Beverages,256.0,0,6537.0,14,6793.0,6537.0,True,0.0,False,256.0,observed,180,established,False,False,False,False,False
2026-01-08,SKU-1009,Beverages,265.0,0,6272.0,14,6537.0,6272.0,True,0.0,False,265.0,observed,180,established,False,False,False,False,False
2026-01-09,SKU-1009,Beverages,141.0,0,6131.0,14,6272.0,6131.0,True,0.0,False,141.0,observed,180,established,False,False,False,False,False
2026-01-10,SKU-1009,Beverages,408.0,0,5723.0,14,6131.0,5723.0,True,0.0,False,408.0,observed,180,established,False,False,False,False,False
2026-01-11,SKU-1009,Beverages,254.0,0,5469.0,14,5723.0,5469.0,True,0.0,False,254.0,observed,180,established,False,False,False,False,False
2026-01-12,SKU-1009,Beverages,370.0,0,5099.0,14,5469.0,5099.0,True,0.0,False,370.0,observed,180,established,False,False,False,False,False
2026-01-13,SKU-1009,Beverages,409.0,0,4690.0,14,5099.0,4690.0,True,0.0,False,409.0,observed,180,established,False,False,False,False,False
2026-01-14,SKU-1009,Beverages,452.0,0,4238.0,14,4690.0,4238.0,True,0.0,False,452.0,observed,180,established,False,False,False,False,False
2026-01-15,SKU-1009,Beverages,352.0,0,3886.0,14,4238.0,3886.0,True,0.0,False,352.0,observed,180,established,False,False,False,False,False
2026-01-16,SKU-1009,Beverages,218.0,0,3668.0,14,3886.0,3668.0,True,0.0,False,218.0,observed,180,established,False,False,False,False,False
2026-01-17,SKU-1009,Beverages,267.0,0,3401.0,14,3668.0,,False,,False,,stock_balance_reconstructed,180,established,False,False,False,False,False
2026-01-18,SKU-1009,Beverages,297.0,0,3104.0,14,3401.0,3104.0,True,0.0,False,297.0,observed,180,established,False,False,False,False,False
2026-01-19,SKU-1009,Beverages,403.0,0,2701.0,14,3104.0,2701.0,True,0.0,False,403.0,observed,180,established,False,False,False,False,False
2026-01-20,SKU-1009,Beverages,418.0,0,2283.0,14,2701.0,2283.0,True,0.0,False,418.0,observed,180,established,False,False,False,False,False
2026-01-21,SKU-1009,Beverages,338.0,0,1945.0,14,2283.0,1945.0,True,0.0,False,338.0,observed,180,established,False,False,False,False,False
2026-01-22,SKU-1009,Beverages,371.0,0,1574.0,14,1945.0,1574.0,True,0.0,False,371.0,observed,180,established,False,False,False,False,False
2026-01-23,SKU-1009,Beverages,361.0,6225,7438.0,14,1574.0,7438.0,True,0.0,False,361.0,observed,180,established,False,False,False,False,False
2026-01-24,SKU-1009,Beverages,197.0,0,7241.0,14,7438.0,7241.0,True,0.0,False,197.0,observed,180,established,False,False,False,False,False
2026-01-25,SKU-1009,Beverages,88.0,0,7153.0,14,7241.0,7153.0,True,0.0,False,88.0,observed,180,established,False,False,False,False,False
2026-01-26,SKU-1009,Beverages,254.0,0,6899.0,14,7153.0,6899.0,True,0.0,False,254.0,observed,180,established,False,False,False,False,False
2026-01-27,SKU-1009,Beverages,391.0,0,6508.0,14,6899.0,6508.0,True,0.0,False,391.0,observed,180,established,False,False,False,False,False
2026-01-28,SKU-1009,Beverages,490.0,0,6018.0,14,6508.0,6018.0,True,0.0,False,490.0,observed,180,established,False,False,False,False,False
2026-01-29,SKU-1009,Beverages,234.0,0,5784.0,14,6018.0,5784.0,True,0.0,False,234.0,observed,180,established,False,False,False,False,False
2026-01-30,SKU-1009,Beverages,339.0,0,5445.0,14,5784.0,5445.0,True,0.0,False,339.0,observed,180,established,False,False,False,False,False
2026-01-31,SKU-1009,Beverages,254.0,0,5191.0,14,5445.0,5191.0,True,0.0,False,254.0,observed,180,established,False,False,False,False,False
2026-02-01,SKU-1009,Beverages,234.0,0,4957.0,14,5191.0,4957.0,True,0.0,False,234.0,observed,180,established,False,False,False,False,False
2026-02-02,SKU-1009,Beverages,312.0,0,4645.0,14,4957.0,4645.0,True,0.0,False,312.0,observed,180,established,False,False,False,False,False
2026-02-03,SKU-1009,Beverages,435.0,0,4210.0,14,4645.0,4210.0,True,0.0,False,435.0,observed,180,established,False,False,False,False,False
2026-02-04,SKU-1009,Beverages,530.0,0,3680.0,14,4210.0,3680.0,True,0.0,False,530.0,observed,180,established,False,False,False,False,False
2026-02-05,SKU-1009,Beverages,335.0,0,3345.0,14,3680.0,3345.0,True,0.0,False,335.0,observed,180,established,False,False,False,False,False
2026-02-06,SKU-1009,Beverages,333.0,0,3012.0,14,3345.0,3012.0,True,0.0,False,333.0,observed,180,established,False,False,False,False,False
2026-02-07,SKU-1009,Beverages,286.0,4629,7355.0,14,3012.0,7355.0,True,0.0,False,286.0,observed,180,established,False,False,False,False,False
2026-02-08,SKU-1009,Beverages,300.0,0,7055.0,14,7355.0,7055.0,True,0.0,False,300.0,observed,180,established,False,False,False,False,False
2026-02-09,SKU-1009,Beverages,302.0,0,6753.0,14,7055.0,6753.0,True,0.0,False,302.0,observed,180,established,False,False,False,False,False
2026-02-10,SKU-1009,Beverages,318.0,0,6435.0,14,6753.0,6435.0,True,0.0,False,318.0,observed,180,established,False,False,False,False,False
2026-02-11,SKU-1009,Beverages,359.0,0,6076.0,14,6435.0,,False,,False,,stock_balance_reconstructed,180,established,False,False,False,False,False
2026-02-12,SKU-1009,Beverages,429.0,0,5647.0,14,6076.0,5647.0,True,0.0,False,429.0,observed,180,established,False,False,False,False,False
2026-02-13,SKU-1009,Beverages,266.0,0,5381.0,14,5647.0,5381.0,True,0.0,False,266.0,observed,180,established,False,False,False,False,False
2026-02-14,SKU-1009,Beverages,200.0,0,5181.0,14,5381.0,5181.0,True,0.0,False,200.0,observed,180,established,False,False,False,False,False
2026-02-15,SKU-1009,Beverages,303.0,0,4878.0,14,5181.0,4878.0,True,0.0,False,303.0,observed,180,established,False,False,False,False,False
2026-02-16,SKU-1009,Beverages,379.0,0,4499.0,14,4878.0,4499.0,True,0.0,False,379.0,observed,180,established,False,False,False,False,False
2026-02-17,SKU-1009,Beverages,408.0,0,4091.0,14,4499.0,4091.0,True,0.0,False,408.0,observed,180,established,False,False,False,False,False
2026-02-18,SKU-1009,Beverages,480.0,0,3611.0,14,4091.0,3611.0,True,0.0,False,480.0,observed,180,established,False,False,False,False,False
2026-02-19,SKU-1009,Beverages,395.0,0,3216.0,14,3611.0,,False,,False,,stock_balance_reconstructed,180,established,False,False,False,False,False
2026-02-20,SKU-1009,Beverages,420.0,5626,8422.0,14,3216.0,8422.0,True,0.0,False,420.0,observed,180,established,False,False,False,False,False
2026-02-21,SKU-1009,Beverages,216.0,0,8206.0,14,8422.0,8206.0,True,0.0,False,216.0,observed,180,established,False,False,False,False,False
2026-02-22,SKU-1009,Beverages,325.0,0,7881.0,14,8206.0,7881.0,True,0.0,False,325.0,observed,180,established,False,False,False,False,False
2026-02-23,SKU-1009,Beverages,333.0,0,7548.0,14,7881.0,7548.0,True,0.0,False,333.0,observed,180,established,False,False,False,False,False
2026-02-24,SKU-1009,Beverages,410.0,0,7138.0,14,7548.0,7138.0,True,0.0,False,410.0,observed,180,established,False,False,False,False,False
2026-02-25,SKU-1009,Beverages,442.0,0,6696.0,14,7138.0,6696.0,True,0.0,False,442.0,observed,180,established,False,False,False,False,False
2026-02-26,SKU-1009,Beverages,316.0,0,6380.0,14,6696.0,6380.0,True,0.0,False,316.0,observed,180,established,False,False,False,False,False
2026-02-27,SKU-1009,Beverages,348.0,0,6032.0,14,6380.0,6032.0,True,0.0,False,348.0,observed,180,established,False,False,False,False,False
2026-02-28,SKU-1009,Beverages,280.0,0,5752.0,14,6032.0,5752.0,True,0.0,False,280.0,observed,180,established,False,False,False,False,False
2026-03-01,SKU-1009,Beverages,302.0,0,5450.0,14,5752.0,5450.0,True,0.0,False,302.0,observed,180,established,False,False,False,False,False
2026-03-02,SKU-1009,Beverages,315.0,0,5135.0,14,5450.0,5135.0,True,0.0,False,315.0,observed,180,established,False,False,False,False,False
2026-03-03,SKU-1009,Beverages,334.0,0,4801.0,14,5135.0,4801.0,True,0.0,False,334.0,observed,180,established,False,False,False,False,False
2026-03-04,SKU-1009,Beverages,415.0,0,4386.0,14,4801.0,4386.0,True,0.0,False,415.0,observed,180,established,False,False,False,False,False
2026-03-05,SKU-1009,Beverages,488.0,0,3898.0,14,4386.0,3898.0,True,0.0,False,488.0,observed,180,established,False,False,False,False,False
2026-03-06,SKU-1009,Beverages,321.0,0,3577.0,14,3898.0,3577.0,True,0.0,False,321.0,observed,180,established,False,False,False,False,False
2026-03-07,SKU-1009,Beverages,231.0,0,3346.0,14,3577.0,3346.0,True,0.0,False,231.0,observed,180,established,False,False,False,False,False
2026-03-08,SKU-1009,Beverages,326.0,0,3020.0,14,3346.0,3020.0,True,0.0,False,326.0,observed,180,established,False,False,False,False,False
2026-03-09,SKU-1009,Beverages,260.0,5996,8756.0,14,3020.0,8756.0,True,0.0,False,260.0,observed,180,established,False,False,False,False,False
2026-03-10,SKU-1009,Beverages,405.0,0,8351.0,14,8756.0,8351.0,True,0.0,False,405.0,observed,180,established,False,False,False,False,False
2026-03-11,SKU-1009,Beverages,377.0,0,7974.0,14,8351.0,7974.0,True,0.0,False,377.0,observed,180,established,False,False,False,False,False
2026-03-12,SKU-1009,Beverages,431.0,0,7543.0,14,7974.0,7543.0,True,0.0,False,431.0,observed,180,established,False,False,False,False,False
2026-03-13,SKU-1009,Beverages,332.0,0,7211.0,14,7543.0,7211.0,True,0.0,False,332.0,observed,180,established,False,False,False,False,False
2026-03-14,SKU-1009,Beverages,198.0,0,7013.0,14,7211.0,7013.0,True,0.0,False,198.0,observed,180,established,False,False,False,False,False
2026-03-15,SKU-1009,Beverages,239.0,0,6774.0,14,7013.0,6774.0,True,0.0,False,239.0,observed,180,established,False,False,False,False,False
2026-03-16,SKU-1009,Beverages,360.0,0,6414.0,14,6774.0,6414.0,True,0.0,False,360.0,observed,180,established,False,False,False,False,False
2026-03-17,SKU-1009,Beverages,521.0,0,5893.0,14,6414.0,5893.0,True,0.0,False,521.0,observed,180,established,False,False,False,False,False
2026-03-18,SKU-1009,Beverages,493.0,0,5400.0,14,5893.0,5400.0,True,0.0,False,493.0,observed,180,established,False,False,False,False,False
2026-03-19,SKU-1009,Beverages,450.0,0,4950.0,14,5400.0,4950.0,True,0.0,False,450.0,observed,180,established,False,False,False,False,False
2026-03-20,SKU-1009,Beverages,292.0,0,4658.0,14,4950.0,4658.0,True,0.0,False,292.0,observed,180,established,False,False,False,False,False
2026-03-21,SKU-1009,Beverages,240.0,0,4418.0,14,4658.0,4418.0,True,0.0,False,240.0,observed,180,established,False,False,False,False,False
2026-03-22,SKU-1009,Beverages,294.0,0,4124.0,14,4418.0,4124.0,True,0.0,False,294.0,observed,180,established,False,False,False,False,False
2026-03-23,SKU-1009,Beverages,322.0,0,3802.0,14,4124.0,3802.0,True,0.0,False,322.0,observed,180,established,False,False,False,False,False
2026-03-24,SKU-1009,Beverages,321.0,0,3481.0,14,3802.0,3481.0,True,0.0,False,321.0,observed,180,established,False,False,False,False,False
2026-03-25,SKU-1009,Beverages,402.0,6122,9201.0,14,3481.0,9201.0,True,0.0,False,402.0,observed,180,established,False,False,False,False,False
2026-03-26,SKU-1009,Beverages,418.0,0,8783.0,14,9201.0,8783.0,True,0.0,False,418.0,observed,180,established,False,False,False,False,False
2026-03-27,SKU-1009,Beverages,205.0,0,8578.0,14,8783.0,8578.0,True,0.0,False,205.0,observed,180,established,False,False,False,False,False
2026-03-28,SKU-1009,Beverages,343.0,0,8235.0,14,8578.0,8235.0,True,0.0,False,343.0,observed,180,established,False,False,False,False,False
2026-03-29,SKU-1009,Beverages,326.0,0,7909.0,14,8235.0,,False,,False,,stock_balance_reconstructed,180,established,False,False,False,False,False
2026-03-30,SKU-1009,Beverages,388.0,0,7521.0,14,7909.0,7521.0,True,0.0,False,388.0,observed,180,established,False,False,False,False,False
2026-03-31,SKU-1009,Beverages,408.0,0,7113.0,14,7521.0,7113.0,True,0.0,False,408.0,observed,180,established,False,False,False,False,False
2026-04-01,SKU-1009,Beverages,408.0,0,6705.0,14,7113.0,6705.0,True,0.0,False,408.0,observed,180,established,False,False,False,False,False
2026-04-02,SKU-1009,Beverages,333.0,0,6372.0,14,6705.0,6372.0,True,0.0,False,333.0,observed,180,established,False,False,False,False,False
2026-04-03,SKU-1009,Beverages,315.0,0,6057.0,14,6372.0,6057.0,True,0.0,False,315.0,observed,180,established,False,False,False,False,False
2026-04-04,SKU-1009,Beverages,331.0,0,5726.0,14,6057.0,5726.0,True,0.0,False,331.0,observed,180,established,False,False,False,False,False
2026-04-05,SKU-1009,Beverages,177.0,0,5549.0,14,5726.0,5549.0,True,0.0,False,177.0,observed,180,established,False,False,False,False,False
2026-04-06,SKU-1009,Beverages,398.0,0,5151.0,14,5549.0,5151.0,True,0.0,False,398.0,observed,180,established,False,False,False,False,False
2026-04-07,SKU-1009,Beverages,478.0,0,4673.0,14,5151.0,4673.0,True,0.0,False,478.0,observed,180,established,False,False,False,False,False
2026-04-08,SKU-1009,Beverages,356.0,0,4317.0,14,4673.0,,False,,False,,stock_balance_reconstructed,180,established,False,False,False,False,False
2026-04-09,SKU-1009,Beverages,747.0,0,3570.0,14,4317.0,3570.0,True,0.0,False,747.0,observed,180,established,False,False,False,False,False
2026-04-10,SKU-1009,Beverages,206.0,0,3364.0,14,3570.0,3364.0,True,0.0,False,206.0,observed,180,established,False,False,False,False,False
2026-04-11,SKU-1009,Beverages,218.0,0,3146.0,14,3364.0,3146.0,True,0.0,False,218.0,observed,180,established,False,False,False,False,False
2026-04-12,SKU-1009,Beverages,321.0,0,2825.0,14,3146.0,2825.0,True,0.0,False,321.0,observed,180,established,False,False,False,False,False
2026-04-13,SKU-1009,Beverages,264.0,0,2561.0,14,2825.0,2561.0,True,0.0,False,264.0,observed,180,established,False,False,False,False,False
2026-04-14,SKU-1009,Beverages,399.0,0,2162.0,14,2561.0,2162.0,True,0.0,False,399.0,observed,180,established,False,False,False,False,False
2026-04-15,SKU-1009,Beverages,611.0,0,1551.0,14,2162.0,1551.0,True,0.0,False,611.0,observed,180,established,False,False,False,False,False
2026-04-16,SKU-1009,Beverages,390.0,0,1161.0,14,1551.0,1161.0,True,0.0,False,390.0,observed,180,established,False,False,False,False,False
2026-04-17,SKU-1009,Beverages,255.0,0,906.0,14,1161.0,906.0,True,0.0,False,255.0,observed,180,established,False,False,False,False,False
2026-04-18,SKU-1009,Beverages,228.0,0,678.0,14,906.0,678.0,True,0.0,False,228.0,observed,180,established,False,False,False,False,False
2026-04-19,SKU-1009,Beverages,307.0,0,371.0,14,678.0,371.0,True,0.0,False,307.0,observed,180,established,False,False,False,False,False
2026-04-20,SKU-1009,Beverages,367.0,0,4.0,14,371.0,4.0,True,0.0,False,367.0,observed,180,established,False,False,False,False,False
2026-04-21,SKU-1009,Beverages,478.0,4805,4331.0,14,4.0,4331.0,True,0.0,False,478.0,observed,180,established,False,False,False,False,False
2026-04-22,SKU-1009,Beverages,383.0,0,3948.0,14,4331.0,3948.0,True,0.0,False,383.0,observed,180,established,False,False,False,False,False
2026-04-23,SKU-1009,Beverages,416.0,0,3532.0,14,3948.0,3532.0,True,0.0,False,416.0,observed,180,established,False,False,False,False,False
2026-04-24,SKU-1009,Beverages,446.0,0,3086.0,14,3532.0,3086.0,True,0.0,False,446.0,observed,180,established,False,False,False,False,False
2026-04-25,SKU-1009,Beverages,392.0,0,2694.0,14,3086.0,2694.0,True,0.0,False,392.0,observed,180,established,False,False,False,False,False
2026-04-26,SKU-1009,Beverages,311.0,0,2383.0,14,2694.0,2383.0,True,0.0,False,311.0,observed,180,established,False,False,False,False,False
2026-04-27,SKU-1009,Beverages,326.0,0,2057.0,14,2383.0,2057.0,True,0.0,False,326.0,observed,180,established,False,False,False,False,False
2026-04-28,SKU-1009,Beverages,551.0,0,1506.0,14,2057.0,1506.0,True,0.0,False,551.0,observed,180,established,False,False,False,False,False
2026-04-29,SKU-1009,Beverages,310.0,5992,7188.0,14,1506.0,7188.0,True,0.0,False,310.0,observed,180,established,False,False,False,False,False
2026-04-30,SKU-1009,Beverages,440.0,0,6748.0,14,7188.0,6748.0,True,0.0,False,440.0,observed,180,established,False,False,False,False,False
2026-05-01,SKU-1009,Beverages,211.0,0,6537.0,14,6748.0,6537.0,True,0.0,False,211.0,observed,180,established,False,False,False,False,False
2026-05-02,SKU-1009,Beverages,276.0,0,6261.0,14,6537.0,6261.0,True,0.0,False,276.0,observed,180,established,False,False,False,False,False
2026-05-03,SKU-1009,Beverages,276.0,0,5985.0,14,6261.0,,False,,False,,stock_balance_reconstructed,180,established,False,False,False,False,False
2026-05-04,SKU-1009,Beverages,260.0,0,5725.0,14,5985.0,5725.0,True,0.0,False,260.0,observed,180,established,False,False,False,False,False
2026-05-05,SKU-1009,Beverages,456.0,0,5269.0,14,5725.0,5269.0,True,0.0,False,456.0,observed,180,established,False,False,False,False,False
2026-05-06,SKU-1009,Beverages,580.0,0,4689.0,14,5269.0,4689.0,True,0.0,False,580.0,observed,180,established,False,False,False,False,False
2026-05-07,SKU-1009,Beverages,356.0,0,4333.0,14,4689.0,4333.0,True,0.0,False,356.0,observed,180,established,False,False,False,False,False
2026-05-08,SKU-1009,Beverages,308.0,0,4025.0,14,4333.0,4025.0,True,0.0,False,308.0,observed,180,established,False,False,False,False,False
2026-05-09,SKU-1009,Beverages,326.0,0,3699.0,14,4025.0,3699.0,True,0.0,False,326.0,observed,180,established,False,False,False,False,False
2026-05-10,SKU-1009,Beverages,314.0,0,3385.0,14,3699.0,3385.0,True,0.0,False,314.0,observed,180,established,False,False,False,False,False
2026-05-11,SKU-1009,Beverages,398.0,0,2987.0,14,3385.0,2987.0,True,0.0,False,398.0,observed,180,established,False,False,False,False,False
2026-05-12,SKU-1009,Beverages,391.0,6176,8772.0,14,2987.0,8772.0,True,0.0,False,391.0,observed,180,established,False,False,False,False,False
2026-05-13,SKU-1009,Beverages,490.0,0,8282.0,14,8772.0,8282.0,True,0.0,False,490.0,observed,180,established,False,False,False,False,False
2026-05-14,SKU-1009,Beverages,348.0,0,7934.0,14,8282.0,7934.0,True,0.0,False,348.0,observed,180,established,False,False,False,False,False
2026-05-15,SKU-1009,Beverages,439.0,0,7495.0,14,7934.0,7495.0,True,0.0,False,439.0,observed,180,established,False,False,False,False,False
2026-05-16,SKU-1009,Beverages,271.0,0,7224.0,14,7495.0,7224.0,True,0.0,False,271.0,observed,180,established,False,False,False,False,False
2026-05-17,SKU-1009,Beverages,267.0,0,6957.0,14,7224.0,6957.0,True,0.0,False,267.0,observed,180,established,False,False,False,False,False
2026-05-18,SKU-1009,Beverages,259.0,0,6698.0,14,6957.0,6698.0,True,0.0,False,259.0,observed,180,established,False,False,False,False,False
2026-05-19,SKU-1009,Beverages,366.0,0,6332.0,14,6698.0,6332.0,True,0.0,False,366.0,observed,180,established,False,False,False,False,False
2026-05-20,SKU-1009,Beverages,338.0,0,5994.0,14,6332.0,5994.0,True,0.0,False,338.0,observed,180,established,False,False,False,False,False
2026-05-21,SKU-1009,Beverages,316.0,0,5678.0,14,5994.0,5678.0,True,0.0,False,316.0,observed,180,established,False,False,False,False,False
2026-05-22,SKU-1009,Beverages,377.0,0,5301.0,14,5678.0,5301.0,True,0.0,False,377.0,observed,180,established,False,False,False,False,False
2026-05-23,SKU-1009,Beverages,733.0,0,4568.0,14,5301.0,4568.0,True,0.0,False,733.0,observed,180,established,False,False,False,False,False
2026-05-24,SKU-1009,Beverages,64.0,0,4504.0,14,4568.0,,False,,False,,stock_balance_reconstructed,180,established,False,False,False,False,False
2026-05-25,SKU-1009,Beverages,279.0,0,4225.0,14,4504.0,4225.0,True,0.0,False,279.0,observed,180,established,False,False,False,False,False
2026-05-26,SKU-1009,Beverages,402.0,0,3823.0,14,4225.0,3823.0,True,0.0,False,402.0,observed,180,established,False,False,False,False,False
2026-05-27,SKU-1009,Beverages,343.0,0,3480.0,14,3823.0,3480.0,True,0.0,False,343.0,observed,180,established,False,False,False,False,False
2026-05-28,SKU-1009,Beverages,383.0,0,,14,3480.0,3097.0,False,,False,383.0,observed,180,established,False,True,False,False,False
2026-05-29,SKU-1009,Beverages,,5799,8468.0,14,,,False,,False,,observed,180,established,False,False,False,False,False
2026-05-30,SKU-1009,Beverages,258.0,0,8210.0,14,8468.0,8210.0,True,0.0,False,258.0,observed,180,established,False,False,False,False,False
2026-05-31,SKU-1009,Beverages,255.0,0,7955.0,14,8210.0,7955.0,True,0.0,False,255.0,observed,180,established,False,False,False,False,False
2026-06-01,SKU-1009,Beverages,358.0,0,7597.0,14,7955.0,7597.0,True,0.0,False,358.0,observed,180,established,False,False,False,False,False
2026-06-02,SKU-1009,Beverages,615.0,0,6982.0,14,7597.0,6982.0,True,0.0,False,615.0,observed,180,established,False,False,False,False,False
2026-06-03,SKU-1009,Beverages,587.0,0,6395.0,14,6982.0,6395.0,True,0.0,False,587.0,observed,180,established,False,False,False,False,False
2026-06-04,SKU-1009,Beverages,509.0,0,5886.0,14,6395.0,5886.0,True,0.0,False,509.0,observed,180,established,False,False,False,False,False
2026-06-05,SKU-1009,Beverages,331.0,0,5555.0,14,5886.0,5555.0,True,0.0,False,331.0,observed,180,established,False,False,False,False,False
2026-06-06,SKU-1009,Beverages,224.0,0,5331.0,14,5555.0,5331.0,True,0.0,False,224.0,observed,180,established,False,False,False,False,False
2026-06-07,SKU-1009,Beverages,314.0,0,5017.0,14,5331.0,5017.0,True,0.0,False,314.0,observed,180,established,False,False,False,False,False
2026-06-08,SKU-1009,Beverages,462.0,0,4555.0,14,5017.0,4555.0,True,0.0,False,462.0,observed,180,established,False,False,False,False,False
2026-06-09,SKU-1009,Beverages,387.0,0,4168.0,14,4555.0,4168.0,True,0.0,False,387.0,observed,180,established,False,False,False,False,False
2026-06-10,SKU-1009,Beverages,374.0,0,3794.0,14,4168.0,3794.0,True,0.0,False,374.0,observed,180,established,False,False,False,False,False
2026-06-11,SKU-1009,Beverages,372.0,0,3422.0,14,3794.0,3422.0,True,0.0,False,372.0,observed,180,established,False,False,False,False,False
2026-06-12,SKU-1009,Beverages,305.0,0,3117.0,14,3422.0,3117.0,True,0.0,False,305.0,observed,180,established,False,False,False,False,False
2026-06-13,SKU-1009,Beverages,265.0,0,2852.0,14,3117.0,2852.0,True,0.0,False,265.0,observed,180,established,False,False,False,False,False
2026-06-14,SKU-1009,Beverages,315.0,6141,8678.0,14,2852.0,8678.0,True,0.0,False,315.0,observed,180,established,False,False,False,False,False
2026-06-15,SKU-1009,Beverages,457.0,0,8221.0,14,8678.0,8221.0,True,0.0,False,457.0,observed,180,established,False,False,False,False,False
2026-06-16,SKU-1009,Beverages,435.0,0,7786.0,14,8221.0,7786.0,True,0.0,False,435.0,observed,180,established,False,False,False,False,False
2026-06-17,SKU-1009,Beverages,388.0,0,7398.0,14,7786.0,7398.0,True,0.0,False,388.0,observed,180,established,False,False,False,False,False
2026-06-18,SKU-1009,Beverages,337.0,0,7061.0,14,7398.0,7061.0,True,0.0,False,337.0,observed,180,established,False,False,False,False,False
2026-06-19,SKU-1009,Beverages,380.0,0,6681.0,14,7061.0,6681.0,True,0.0,False,380.0,observed,180,established,False,False,False,False,False
2026-06-20,SKU-1009,Beverages,328.0,0,6353.0,14,6681.0,6353.0,True,0.0,False,328.0,observed,180,established,False,False,False,False,False
2026-06-21,SKU-1009,Beverages,274.0,0,6079.0,14,6353.0,6079.0,True,0.0,False,274.0,observed,180,established,False,False,False,False,False
2026-06-22,SKU-1009,Beverages,304.0,0,5775.0,14,6079.0,5775.0,True,0.0,False,304.0,observed,180,established,False,False,False,False,False
2026-06-23,SKU-1009,Beverages,412.0,0,5363.0,14,5775.0,5363.0,True,0.0,False,412.0,observed,180,established,False,False,False,False,False
2026-06-24,SKU-1009,Beverages,535.0,0,4828.0,14,5363.0,4828.0,True,0.0,False,535.0,observed,180,established,False,False,False,False,False
2026-06-25,SKU-1009,Beverages,473.0,0,4355.0,14,4828.0,4355.0,True,0.0,False,473.0,observed,180,established,False,False,False,False,False
2026-06-26,SKU-1009,Beverages,165.0,0,4190.0,14,4355.0,4190.0,True,0.0,False,165.0,observed,180,established,False,False,False,False,False
2026-06-27,SKU-1009,Beverages,297.0,0,3893.0,14,4190.0,3893.0,True,0.0,False,297.0,observed,180,established,False,False,False,False,False
2026-06-28,SKU-1009,Beverages,250.0,0,3643.0,14,3893.0,3643.0,True,0.0,False,250.0,observed,180,established,False,False,False,False,False
2026-06-29,SKU-1009,Beverages,385.0,6616,9874.0,14,3643.0,9874.0,True,0.0,False,385.0,observed,180,established,False,False,False,False,False
2026-01-01,SKU-1010,Snacks,237.0,0,911.0,3,,,False,,False,237.0,observed,180,established,False,False,False,False,False
2026-01-02,SKU-1010,Snacks,196.0,0,715.0,3,911.0,715.0,True,0.0,False,196.0,observed,180,established,False,False,False,False,False
2026-01-03,SKU-1010,Snacks,171.0,0,544.0,3,715.0,544.0,True,0.0,False,171.0,observed,180,established,False,False,False,False,False
2026-01-04,SKU-1010,Snacks,209.0,0,335.0,3,544.0,335.0,True,0.0,False,209.0,observed,180,established,False,False,False,False,False
2026-01-05,SKU-1010,Snacks,190.0,0,145.0,3,335.0,145.0,True,0.0,False,190.0,observed,180,established,False,False,False,False,False
2026-01-06,SKU-1010,Snacks,200.0,783,728.0,3,145.0,728.0,True,0.0,False,200.0,observed,180,established,False,False,False,False,False
2026-01-07,SKU-1010,Snacks,267.0,0,461.0,3,728.0,,False,,False,,stock_balance_reconstructed,180,established,False,False,False,False,False
2026-01-08,SKU-1010,Snacks,218.0,0,243.0,3,461.0,243.0,True,0.0,False,218.0,observed,180,established,False,False,False,False,False
2026-01-09,SKU-1010,Snacks,155.0,0,88.0,3,243.0,88.0,True,0.0,False,155.0,observed,180,established,False,False,False,False,False
2026-01-10,SKU-1010,Snacks,165.0,874,797.0,3,88.0,797.0,True,0.0,False,165.0,observed,180,established,False,False,False,False,False
2026-01-11,SKU-1010,Snacks,179.0,0,618.0,3,797.0,618.0,True,0.0,False,179.0,observed,180,established,False,False,False,False,False
2026-01-12,SKU-1010,Snacks,238.0,0,380.0,3,618.0,380.0,True,0.0,False,238.0,observed,180,established,False,False,False,False,False
2026-01-13,SKU-1010,Snacks,205.0,0,175.0,3,380.0,175.0,True,0.0,False,205.0,observed,180,established,False,False,False,False,False
2026-01-14,SKU-1010,Snacks,220.0,689,644.0,3,175.0,644.0,True,0.0,False,220.0,observed,180,established,False,False,False,False,False
2026-01-15,SKU-1010,Snacks,277.0,0,367.0,3,644.0,367.0,True,0.0,False,277.0,observed,180,established,False,False,False,False,False
2026-01-16,SKU-1010,Snacks,220.0,0,147.0,3,367.0,147.0,True,0.0,False,220.0,observed,180,established,False,False,False,False,False
2026-01-17,SKU-1010,Snacks,159.0,0,,3,147.0,-12.0,False,,False,159.0,observed,180,established,False,True,False,False,False
2026-01-18,SKU-1010,Snacks,173.0,0,0.0,3,,,False,,False,173.0,observed,180,established,False,False,False,True,False
2026-01-19,SKU-1010,Snacks,152.0,0,0.0,3,0.0,-152.0,False,-152.0,True,152.0,observed,180,established,False,False,False,True,False
2026-01-20,SKU-1010,Snacks,229.0,0,0.0,3,0.0,-229.0,False,-229.0,True,229.0,observed,180,established,False,False,False,True,False
2026-01-21,SKU-1010,Snacks,224.0,0,0.0,3,0.0,-224.0,False,-224.0,True,224.0,observed,180,established,False,False,False,True,False
2026-01-22,SKU-1010,Snacks,204.0,879,675.0,3,0.0,675.0,True,0.0,False,204.0,observed,180,established,False,False,False,False,False
2026-01-23,SKU-1010,Snacks,206.0,0,469.0,3,675.0,469.0,True,0.0,False,206.0,observed,180,established,False,False,False,False,False
2026-01-24,SKU-1010,Snacks,124.0,0,345.0,3,469.0,345.0,True,0.0,False,124.0,observed,180,established,False,False,False,False,False
2026-01-25,SKU-1010,Snacks,182.0,0,163.0,3,345.0,163.0,True,0.0,False,182.0,observed,180,established,False,False,False,False,False
2026-01-26,SKU-1010,Snacks,216.0,0,0.0,3,163.0,-53.0,False,-53.0,True,216.0,observed,180,established,False,False,False,True,False
2026-01-27,SKU-1010,Snacks,242.0,0,0.0,3,0.0,-242.0,False,-242.0,True,242.0,observed,180,established,False,False,False,True,False
2026-01-28,SKU-1010,Snacks,195.0,0,0.0,3,0.0,-195.0,False,-195.0,True,195.0,observed,180,established,False,False,False,True,False
2026-01-29,SKU-1010,Snacks,222.0,0,0.0,3,0.0,-222.0,False,-222.0,True,222.0,observed,180,established,False,False,False,True,False
2026-01-30,SKU-1010,Snacks,155.0,0,0.0,3,0.0,-155.0,False,-155.0,True,155.0,observed,180,established,False,False,False,True,False
2026-01-31,SKU-1010,Snacks,167.0,0,0.0,3,0.0,-167.0,False,-167.0,True,167.0,observed,180,established,False,False,False,True,False
2026-02-01,SKU-1010,Snacks,175.0,0,0.0,3,0.0,-175.0,False,-175.0,True,175.0,observed,180,established,False,False,False,True,False
2026-02-02,SKU-1010,Snacks,217.0,0,0.0,3,0.0,-217.0,False,-217.0,True,217.0,observed,180,established,False,False,False,True,False
2026-02-03,SKU-1010,Snacks,430.0,875,445.0,3,0.0,445.0,True,0.0,False,430.0,observed,180,established,False,False,False,False,False
2026-02-04,SKU-1010,Snacks,207.0,648,886.0,3,445.0,886.0,True,0.0,False,207.0,observed,180,established,False,False,False,False,False
2026-02-05,SKU-1010,Snacks,199.0,0,687.0,3,886.0,687.0,True,0.0,False,199.0,observed,180,established,False,False,False,False,False
2026-02-06,SKU-1010,Snacks,222.0,0,465.0,3,687.0,465.0,True,0.0,False,222.0,observed,180,established,False,False,False,False,False
2026-02-07,SKU-1010,Snacks,176.0,931,1220.0,3,465.0,1220.0,True,0.0,False,176.0,observed,180,established,False,False,False,False,False
2026-02-08,SKU-1010,Snacks,153.0,0,1067.0,3,1220.0,1067.0,True,0.0,False,153.0,observed,180,established,False,False,False,False,False
2026-02-09,SKU-1010,Snacks,193.0,0,874.0,3,1067.0,874.0,True,0.0,False,193.0,observed,180,established,False,False,False,False,False
2026-02-10,SKU-1010,Snacks,263.0,0,611.0,3,874.0,611.0,True,0.0,False,263.0,observed,180,established,False,False,False,False,False
2026-02-11,SKU-1010,Snacks,227.0,0,384.0,3,611.0,384.0,True,0.0,False,227.0,observed,180,established,False,False,False,False,False
2026-02-12,SKU-1010,Snacks,201.0,0,183.0,3,384.0,183.0,True,0.0,False,201.0,observed,180,established,False,False,False,False,False
2026-02-13,SKU-1010,Snacks,221.0,688,650.0,3,183.0,650.0,True,0.0,False,221.0,observed,180,established,False,False,False,False,False
2026-02-14,SKU-1010,Snacks,194.0,0,456.0,3,650.0,456.0,True,0.0,False,194.0,observed,180,established,False,False,False,False,False
2026-02-15,SKU-1010,Snacks,176.0,874,1154.0,3,456.0,1154.0,True,0.0,False,176.0,observed,180,established,False,False,False,False,False
2026-02-16,SKU-1010,Snacks,212.0,0,942.0,3,1154.0,942.0,True,0.0,False,212.0,observed,180,established,False,False,False,False,False
2026-02-17,SKU-1010,Snacks,218.0,0,724.0,3,942.0,724.0,True,0.0,False,218.0,observed,180,established,False,False,False,False,False
2026-02-18,SKU-1010,Snacks,218.0,0,506.0,3,724.0,506.0,True,0.0,False,218.0,observed,180,established,False,False,False,False,False
2026-02-19,SKU-1010,Snacks,224.0,737,1019.0,3,506.0,1019.0,True,0.0,False,224.0,observed,180,established,False,False,False,False,False
2026-02-20,SKU-1010,Snacks,236.0,0,783.0,3,1019.0,783.0,True,0.0,False,236.0,observed,180,established,False,False,False,False,False
2026-02-21,SKU-1010,Snacks,146.0,0,637.0,3,783.0,637.0,True,0.0,False,146.0,observed,180,established,False,False,False,False,False
2026-02-22,SKU-1010,Snacks,195.0,0,442.0,3,637.0,442.0,True,0.0,False,195.0,observed,180,established,False,False,False,False,False
2026-02-23,SKU-1010,Snacks,254.0,0,188.0,3,442.0,188.0,True,0.0,False,254.0,observed,180,established,False,False,False,False,False
2026-02-24,SKU-1010,Snacks,260.0,912,840.0,3,188.0,840.0,True,0.0,False,260.0,observed,180,established,False,False,False,False,False
2026-02-25,SKU-1010,Snacks,277.0,0,563.0,3,840.0,563.0,True,0.0,False,277.0,observed,180,established,False,False,False,False,False
2026-02-26,SKU-1010,Snacks,245.0,0,318.0,3,563.0,318.0,True,0.0,False,245.0,observed,180,established,False,False,False,False,False
2026-02-27,SKU-1010,Snacks,143.0,686,861.0,3,318.0,861.0,True,0.0,False,143.0,observed,180,established,False,False,False,False,False
2026-02-28,SKU-1010,Snacks,172.0,0,689.0,3,861.0,689.0,True,0.0,False,172.0,observed,180,established,False,False,False,False,False
2026-03-01,SKU-1010,Snacks,186.0,0,503.0,3,689.0,503.0,True,0.0,False,186.0,observed,180,established,False,False,False,False,False
2026-03-02,SKU-1010,Snacks,194.0,0,309.0,3,503.0,309.0,True,0.0,False,194.0,observed,180,established,False,False,False,False,False
2026-03-03,SKU-1010,Snacks,252.0,0,57.0,3,309.0,57.0,True,0.0,False,252.0,observed,180,established,False,False,False,False,False
2026-03-04,SKU-1010,Snacks,249.0,0,0.0,3,57.0,-192.0,False,-192.0,True,249.0,observed,180,established,False,False,False,True,False
2026-03-05,SKU-1010,Snacks,262.0,0,0.0,3,0.0,-262.0,False,-262.0,True,262.0,observed,180,established,False,False,False,True,False
2026-03-06,SKU-1010,Snacks,181.0,767,586.0,3,0.0,586.0,True,0.0,False,181.0,observed,180,established,False,False,False,False,False
2026-03-07,SKU-1010,Snacks,161.0,0,425.0,3,586.0,425.0,True,0.0,False,161.0,observed,180,established,False,False,False,False,False
2026-03-08,SKU-1010,Snacks,214.0,0,211.0,3,425.0,211.0,True,0.0,False,214.0,observed,180,established,False,False,False,False,False
2026-03-09,SKU-1010,Snacks,196.0,865,880.0,3,211.0,880.0,True,0.0,False,196.0,observed,180,established,False,False,False,False,False
2026-03-10,SKU-1010,Snacks,228.0,0,652.0,3,880.0,652.0,True,0.0,False,228.0,observed,180,established,False,False,False,False,False
2026-03-11,SKU-1010,Snacks,225.0,0,427.0,3,652.0,427.0,True,0.0,False,225.0,observed,180,established,False,False,False,False,False
2026-03-12,SKU-1010,Snacks,249.0,0,178.0,3,427.0,178.0,True,0.0,False,249.0,observed,180,established,False,False,False,False,False
2026-03-13,SKU-1010,Snacks,198.0,0,0.0,3,178.0,-20.0,False,-20.0,True,198.0,observed,180,established,False,False,False,True,False
2026-03-14,SKU-1010,Snacks,125.0,0,0.0,3,0.0,-125.0,False,-125.0,True,125.0,observed,180,established,False,False,False,True,False
2026-03-15,SKU-1010,Snacks,164.0,0,0.0,3,0.0,-164.0,False,-164.0,True,164.0,observed,180,established,False,False,False,True,False
2026-03-16,SKU-1010,Snacks,154.0,0,0.0,3,0.0,-154.0,False,-154.0,True,154.0,observed,180,established,False,False,False,True,False
2026-03-17,SKU-1010,Snacks,213.0,772,559.0,3,0.0,559.0,True,0.0,False,213.0,observed,180,established,False,False,False,False,False
2026-03-18,SKU-1010,Snacks,227.0,0,332.0,3,559.0,332.0,True,0.0,False,227.0,observed,180,established,False,False,False,False,False
2026-03-19,SKU-1010,Snacks,169.0,911,1074.0,3,332.0,1074.0,True,0.0,False,169.0,observed,180,established,False,False,False,False,False
2026-03-20,SKU-1010,Snacks,142.0,0,932.0,3,1074.0,932.0,True,0.0,False,142.0,observed,180,established,False,False,False,False,False
2026-03-21,SKU-1010,Snacks,196.0,0,736.0,3,932.0,736.0,True,0.0,False,196.0,observed,180,established,False,False,False,False,False
2026-03-22,SKU-1010,Snacks,142.0,0,594.0,3,736.0,594.0,True,0.0,False,142.0,observed,180,established,False,False,False,False,False
2026-03-23,SKU-1010,Snacks,197.0,0,397.0,3,594.0,397.0,True,0.0,False,197.0,observed,180,established,False,False,False,False,False
2026-03-24,SKU-1010,Snacks,193.0,0,204.0,3,397.0,204.0,True,0.0,False,193.0,observed,180,established,False,False,False,False,False
2026-03-25,SKU-1010,Snacks,216.0,0,0.0,3,204.0,-12.0,False,-12.0,True,216.0,observed,180,established,False,False,False,True,False
2026-03-26,SKU-1010,Snacks,244.0,782,538.0,3,0.0,538.0,True,0.0,False,244.0,observed,180,established,False,False,False,False,False
2026-03-27,SKU-1010,Snacks,171.0,0,367.0,3,538.0,367.0,True,0.0,False,171.0,observed,180,established,False,False,False,False,False
2026-03-28,SKU-1010,Snacks,172.0,665,860.0,3,367.0,860.0,True,0.0,False,172.0,observed,180,established,False,False,False,False,False
2026-03-29,SKU-1010,Snacks,175.0,0,685.0,3,860.0,685.0,True,0.0,False,175.0,observed,180,established,False,False,False,False,False
2026-03-30,SKU-1010,Snacks,191.0,0,494.0,3,685.0,494.0,True,0.0,False,191.0,observed,180,established,False,False,False,False,False
2026-03-31,SKU-1010,Snacks,218.0,0,276.0,3,494.0,276.0,True,0.0,False,218.0,observed,180,established,False,False,False,False,False
2026-04-01,SKU-1010,Snacks,254.0,0,22.0,3,276.0,22.0,True,0.0,False,254.0,observed,180,established,False,False,False,False,False
2026-04-02,SKU-1010,Snacks,216.0,0,0.0,3,22.0,-194.0,False,-194.0,True,216.0,observed,180,established,False,False,False,True,False
2026-04-03,SKU-1010,Snacks,202.0,0,0.0,3,0.0,-202.0,False,-202.0,True,202.0,observed,180,established,False,False,False,True,False
2026-04-04,SKU-1010,Snacks,174.0,0,0.0,3,0.0,-174.0,False,-174.0,True,174.0,observed,180,established,False,False,False,True,False
2026-04-05,SKU-1010,Snacks,183.0,0,0.0,3,0.0,-183.0,False,-183.0,True,183.0,observed,180,established,False,False,False,True,False
2026-04-06,SKU-1010,Snacks,146.0,833,687.0,3,0.0,687.0,True,0.0,False,146.0,observed,180,established,False,False,False,False,False
2026-04-07,SKU-1010,Snacks,209.0,0,478.0,3,687.0,478.0,True,0.0,False,209.0,observed,180,established,False,False,False,False,False
2026-04-08,SKU-1010,Snacks,153.0,758,1083.0,3,478.0,1083.0,True,0.0,False,153.0,observed,180,established,False,False,False,False,False
2026-04-09,SKU-1010,Snacks,197.0,0,886.0,3,1083.0,886.0,True,0.0,False,197.0,observed,180,established,False,False,False,False,False
2026-04-10,SKU-1010,Snacks,198.0,0,688.0,3,886.0,688.0,True,0.0,False,198.0,observed,180,established,False,False,False,False,False
2026-04-11,SKU-1010,Snacks,137.0,0,551.0,3,688.0,551.0,True,0.0,False,137.0,observed,180,established,False,False,False,False,False
2026-04-12,SKU-1010,Snacks,182.0,0,369.0,3,551.0,369.0,True,0.0,False,182.0,observed,180,established,False,False,False,False,False
2026-04-13,SKU-1010,Snacks,184.0,929,1114.0,3,369.0,1114.0,True,0.0,False,184.0,observed,180,established,False,False,False,False,False
2026-04-14,SKU-1010,Snacks,223.0,0,891.0,3,1114.0,891.0,True,0.0,False,223.0,observed,180,established,False,False,False,False,False
2026-04-15,SKU-1010,Snacks,264.0,0,627.0,3,891.0,627.0,True,0.0,False,264.0,observed,180,established,False,False,False,False,False
2026-04-16,SKU-1010,Snacks,169.0,0,458.0,3,627.0,458.0,True,0.0,False,169.0,observed,180,established,False,False,False,False,False
2026-04-17,SKU-1010,Snacks,167.0,0,291.0,3,458.0,291.0,True,0.0,False,167.0,observed,180,established,False,False,False,False,False
2026-04-18,SKU-1010,Snacks,182.0,0,109.0,3,291.0,109.0,True,0.0,False,182.0,observed,180,established,False,False,False,False,False
2026-04-19,SKU-1010,Snacks,171.0,790,728.0,3,109.0,728.0,True,0.0,False,171.0,observed,180,established,False,False,False,False,False
2026-04-20,SKU-1010,Snacks,184.0,0,544.0,3,728.0,544.0,True,0.0,False,184.0,observed,180,established,False,False,False,False,False
2026-04-21,SKU-1010,Snacks,236.0,892,1200.0,3,544.0,1200.0,True,0.0,False,236.0,observed,180,established,False,False,False,False,False
2026-04-22,SKU-1010,Snacks,197.0,0,1003.0,3,1200.0,1003.0,True,0.0,False,197.0,observed,180,established,False,False,False,False,False
2026-04-23,SKU-1010,Snacks,172.0,0,831.0,3,1003.0,831.0,True,0.0,False,172.0,observed,180,established,False,False,False,False,False
2026-04-24,SKU-1010,Snacks,163.0,0,668.0,3,831.0,668.0,True,0.0,False,163.0,observed,180,established,False,False,False,False,False
2026-04-25,SKU-1010,Snacks,160.0,0,508.0,3,668.0,508.0,True,0.0,False,160.0,observed,180,established,False,False,False,False,False
2026-04-26,SKU-1010,Snacks,181.0,0,327.0,3,508.0,327.0,True,0.0,False,181.0,observed,180,established,False,False,False,False,False
2026-04-27,SKU-1010,Snacks,238.0,778,867.0,3,327.0,867.0,True,0.0,False,238.0,observed,180,established,False,False,False,False,False
2026-04-28,SKU-1010,Snacks,207.0,0,660.0,3,867.0,660.0,True,0.0,False,207.0,observed,180,established,False,False,False,False,False
2026-04-29,SKU-1010,Snacks,232.0,0,428.0,3,660.0,428.0,True,0.0,False,232.0,observed,180,established,False,False,False,False,False
2026-04-30,SKU-1010,Snacks,223.0,0,205.0,3,428.0,205.0,True,0.0,False,223.0,observed,180,established,False,False,False,False,False
2026-05-01,SKU-1010,Snacks,241.0,0,0.0,3,205.0,-36.0,False,-36.0,True,241.0,observed,180,established,False,False,False,True,False
2026-05-02,SKU-1010,Snacks,157.0,0,0.0,3,0.0,-157.0,False,-157.0,True,157.0,observed,180,established,False,False,False,True,False
2026-05-03,SKU-1010,Snacks,114.0,0,0.0,3,0.0,-114.0,False,-114.0,True,114.0,observed,180,established,False,False,False,True,False
2026-05-04,SKU-1010,Snacks,208.0,0,0.0,3,0.0,-208.0,False,-208.0,True,208.0,observed,180,established,False,False,False,True,False
2026-05-05,SKU-1010,Snacks,182.0,756,574.0,3,0.0,574.0,True,0.0,False,182.0,observed,180,established,False,False,False,False,False
2026-05-06,SKU-1010,Snacks,254.0,0,320.0,3,574.0,320.0,True,0.0,False,254.0,observed,180,established,False,False,False,False,False
2026-05-07,SKU-1010,Snacks,207.0,903,1016.0,3,320.0,1016.0,True,0.0,False,207.0,observed,180,established,False,False,False,False,False
2026-05-08,SKU-1010,Snacks,209.0,0,807.0,3,1016.0,807.0,True,0.0,False,209.0,observed,180,established,False,False,False,False,False
2026-05-09,SKU-1010,Snacks,165.0,0,642.0,3,807.0,642.0,True,0.0,False,165.0,observed,180,established,False,False,False,False,False
2026-05-10,SKU-1010,Snacks,157.0,0,485.0,3,642.0,485.0,True,0.0,False,157.0,observed,180,established,False,False,False,False,False
2026-05-11,SKU-1010,Snacks,199.0,881,1167.0,3,485.0,1167.0,True,0.0,False,199.0,observed,180,established,False,False,False,False,False
2026-05-12,SKU-1010,Snacks,179.0,0,988.0,3,1167.0,988.0,True,0.0,False,179.0,observed,180,established,False,False,False,False,False
2026-05-13,SKU-1010,Snacks,192.0,0,796.0,3,988.0,796.0,True,0.0,False,192.0,observed,180,established,False,False,False,False,False
2026-05-14,SKU-1010,Snacks,187.0,0,609.0,3,796.0,609.0,True,0.0,False,187.0,observed,180,established,False,False,False,False,False
2026-05-15,SKU-1010,Snacks,144.0,0,465.0,3,609.0,465.0,True,0.0,False,144.0,observed,180,established,False,False,False,False,False
2026-05-16,SKU-1010,Snacks,122.0,0,343.0,3,465.0,343.0,True,0.0,False,122.0,observed,180,established,False,False,False,False,False
2026-05-17,SKU-1010,Snacks,139.0,631,835.0,3,343.0,835.0,True,0.0,False,139.0,observed,180,established,False,False,False,False,False
2026-05-18,SKU-1010,Snacks,213.0,0,622.0,3,835.0,622.0,True,0.0,False,213.0,observed,180,established,False,False,False,False,False
2026-05-19,SKU-1010,Snacks,191.0,0,431.0,3,622.0,431.0,True,0.0,False,191.0,observed,180,established,False,False,False,False,False
2026-05-20,SKU-1010,Snacks,191.0,0,240.0,3,431.0,240.0,True,0.0,False,191.0,observed,180,established,False,False,False,False,False
2026-05-21,SKU-1010,Snacks,235.0,0,5.0,3,240.0,5.0,True,0.0,False,235.0,observed,180,established,False,False,False,False,False
2026-05-22,SKU-1010,Snacks,153.0,0,0.0,3,5.0,-148.0,False,-148.0,True,153.0,observed,180,established,False,False,False,True,False
2026-05-23,SKU-1010,Snacks,173.0,0,0.0,3,0.0,-173.0,False,-173.0,True,173.0,observed,180,established,False,False,False,True,False
2026-05-24,SKU-1010,Snacks,132.0,773,641.0,3,0.0,641.0,True,0.0,False,132.0,observed,180,established,False,False,False,False,False
2026-05-25,SKU-1010,Snacks,205.0,0,436.0,3,641.0,436.0,True,0.0,False,205.0,observed,180,established,False,False,False,False,False
2026-05-26,SKU-1010,Snacks,204.0,0,232.0,3,436.0,232.0,True,0.0,False,204.0,observed,180,established,False,False,False,False,False
2026-05-27,SKU-1010,Snacks,171.0,0,61.0,3,232.0,61.0,True,0.0,False,171.0,observed,180,established,False,False,False,False,False
2026-05-28,SKU-1010,Snacks,229.0,0,0.0,3,61.0,-168.0,False,-168.0,True,229.0,observed,180,established,False,False,False,True,False
2026-05-29,SKU-1010,Snacks,171.0,0,0.0,3,0.0,-171.0,False,-171.0,True,171.0,observed,180,established,False,False,False,True,False
2026-05-30,SKU-1010,Snacks,181.0,0,0.0,3,0.0,-181.0,False,-181.0,True,181.0,observed,180,established,False,False,False,True,False
2026-05-31,SKU-1010,Snacks,175.0,747,572.0,3,0.0,572.0,True,0.0,False,175.0,observed,180,established,False,False,False,False,False
2026-06-01,SKU-1010,Snacks,185.0,0,387.0,3,572.0,387.0,True,0.0,False,185.0,observed,180,established,False,False,False,False,False
2026-06-02,SKU-1010,Snacks,227.0,664,824.0,3,387.0,824.0,True,0.0,False,227.0,observed,180,established,False,False,False,False,False
2026-06-03,SKU-1010,Snacks,184.0,0,640.0,3,824.0,640.0,True,0.0,False,184.0,observed,180,established,False,False,False,False,False
2026-06-04,SKU-1010,Snacks,153.0,0,487.0,3,640.0,487.0,True,0.0,False,153.0,observed,180,established,False,False,False,False,False
2026-06-05,SKU-1010,Snacks,154.0,659,992.0,3,487.0,992.0,True,0.0,False,154.0,observed,180,established,False,False,False,False,False
2026-06-06,SKU-1010,Snacks,182.0,0,810.0,3,992.0,810.0,True,0.0,False,182.0,observed,180,established,False,False,False,False,False
2026-06-07,SKU-1010,Snacks,172.0,0,638.0,3,810.0,638.0,True,0.0,False,172.0,observed,180,established,False,False,False,False,False
2026-06-08,SKU-1010,Snacks,188.0,0,450.0,3,638.0,450.0,True,0.0,False,188.0,observed,180,established,False,False,False,False,False
2026-06-09,SKU-1010,Snacks,145.0,0,305.0,3,450.0,305.0,True,0.0,False,145.0,observed,180,established,False,False,False,False,False
2026-06-10,SKU-1010,Snacks,273.0,694,726.0,3,305.0,726.0,True,0.0,False,273.0,observed,180,established,False,False,False,False,False
2026-06-11,SKU-1010,Snacks,216.0,0,510.0,3,726.0,510.0,True,0.0,False,216.0,observed,180,established,False,False,False,False,False
2026-06-12,SKU-1010,Snacks,195.0,0,315.0,3,510.0,315.0,True,0.0,False,195.0,observed,180,established,False,False,False,False,False
2026-06-13,SKU-1010,Snacks,171.0,0,144.0,3,315.0,144.0,True,0.0,False,171.0,observed,180,established,False,False,False,False,False
2026-06-14,SKU-1010,Snacks,177.0,0,0.0,3,144.0,-33.0,False,-33.0,True,177.0,observed,180,established,False,False,False,True,False
2026-06-15,SKU-1010,Snacks,172.0,0,0.0,3,0.0,-172.0,False,-172.0,True,172.0,observed,180,established,False,False,False,True,False
2026-06-16,SKU-1010,Snacks,171.0,0,0.0,3,0.0,-171.0,False,-171.0,True,171.0,observed,180,established,False,False,False,True,False
2026-06-17,SKU-1010,Snacks,207.0,848,641.0,3,0.0,641.0,True,0.0,False,207.0,observed,180,established,False,False,False,False,False
2026-06-18,SKU-1010,Snacks,222.0,0,419.0,3,641.0,419.0,True,0.0,False,222.0,observed,180,established,False,False,False,False,False
2026-06-19,SKU-1010,Snacks,172.0,0,247.0,3,419.0,247.0,True,0.0,False,172.0,observed,180,established,False,False,False,False,False
2026-06-20,SKU-1010,Snacks,33.0,0,214.0,3,247.0,214.0,True,0.0,False,33.0,observed,180,established,False,False,False,False,False
2026-06-21,SKU-1010,Snacks,164.0,0,50.0,3,214.0,50.0,True,0.0,False,164.0,observed,180,established,False,False,False,False,False
2026-06-22,SKU-1010,Snacks,259.0,0,0.0,3,50.0,-209.0,False,-209.0,True,259.0,observed,180,established,False,False,False,True,False
2026-06-23,SKU-1010,Snacks,250.0,0,0.0,3,0.0,-250.0,False,-250.0,True,250.0,observed,180,established,False,False,False,True,False
2026-06-24,SKU-1010,Snacks,226.0,0,0.0,3,0.0,-226.0,False,-226.0,True,226.0,observed,180,established,False,False,False,True,False
2026-06-25,SKU-1010,Snacks,107.0,832,725.0,3,0.0,725.0,True,0.0,False,107.0,observed,180,established,False,False,False,False,False
2026-06-26,SKU-1010,Snacks,178.0,0,547.0,3,725.0,547.0,True,0.0,False,178.0,observed,180,established,False,False,False,False,False
2026-06-27,SKU-1010,Snacks,130.0,0,417.0,3,547.0,417.0,True,0.0,False,130.0,observed,180,established,False,False,False,False,False
2026-06-28,SKU-1010,Snacks,137.0,0,280.0,3,417.0,280.0,True,0.0,False,137.0,observed,180,established,False,False,False,False,False
2026-06-29,SKU-1010,Snacks,168.0,0,112.0,3,280.0,112.0,True,0.0,False,168.0,observed,180,established,False,False,False,False,False
2026-01-01,SKU-1011,Sugar,168.0,3250,4953.0,14,,,False,,False,168.0,observed,180,established,False,False,False,False,False
2026-01-02,SKU-1011,Sugar,227.0,0,4726.0,14,4953.0,4726.0,True,0.0,False,227.0,observed,180,established,False,False,False,False,False
2026-01-03,SKU-1011,Sugar,149.0,0,4577.0,14,4726.0,4577.0,True,0.0,False,149.0,observed,180,established,False,False,False,False,False
2026-01-04,SKU-1011,Sugar,135.0,0,4442.0,14,4577.0,4442.0,True,0.0,False,135.0,observed,180,established,False,False,False,False,False
2026-01-05,SKU-1011,Sugar,236.0,0,4206.0,14,4442.0,4206.0,True,0.0,False,236.0,observed,180,established,False,False,False,False,False
2026-01-06,SKU-1011,Sugar,235.0,0,3971.0,14,4206.0,3971.0,True,0.0,False,235.0,observed,180,established,False,False,False,False,False
2026-01-07,SKU-1011,Sugar,276.0,0,3695.0,14,3971.0,3695.0,True,0.0,False,276.0,observed,180,established,False,False,False,False,False
2026-01-08,SKU-1011,Sugar,277.0,0,3418.0,14,3695.0,3418.0,True,0.0,False,277.0,observed,180,established,False,False,False,False,False
2026-01-09,SKU-1011,Sugar,227.0,0,3191.0,14,3418.0,3191.0,True,0.0,False,227.0,observed,180,established,False,False,False,False,False
2026-01-10,SKU-1011,Sugar,158.0,0,3033.0,14,3191.0,3033.0,True,0.0,False,158.0,observed,180,established,False,False,False,False,False
2026-01-11,SKU-1011,Sugar,163.0,0,2870.0,14,3033.0,,False,,False,,stock_balance_reconstructed,180,established,False,False,False,False,False
2026-01-12,SKU-1011,Sugar,182.0,0,2688.0,14,2870.0,2688.0,True,0.0,False,182.0,observed,180,established,False,False,False,False,False
2026-01-13,SKU-1011,Sugar,221.0,0,2467.0,14,2688.0,2467.0,True,0.0,False,221.0,observed,180,established,False,False,False,False,False
2026-01-14,SKU-1011,Sugar,236.0,0,2231.0,14,2467.0,2231.0,True,0.0,False,236.0,observed,180,established,False,False,False,False,False
2026-01-15,SKU-1011,Sugar,183.0,0,2048.0,14,2231.0,2048.0,True,0.0,False,183.0,observed,180,established,False,False,False,False,False
2026-01-16,SKU-1011,Sugar,131.0,3062,4979.0,14,2048.0,4979.0,True,0.0,False,131.0,observed,180,established,False,False,False,False,False
2026-01-17,SKU-1011,Sugar,199.0,0,4780.0,14,4979.0,4780.0,True,0.0,False,199.0,observed,180,established,False,False,False,False,False
2026-01-18,SKU-1011,Sugar,235.0,0,4545.0,14,4780.0,4545.0,True,0.0,False,235.0,observed,180,established,False,False,False,False,False
2026-01-19,SKU-1011,Sugar,258.0,0,4287.0,14,4545.0,4287.0,True,0.0,False,258.0,observed,180,established,False,False,False,False,False
2026-01-20,SKU-1011,Sugar,269.0,0,4018.0,14,4287.0,4018.0,True,0.0,False,269.0,observed,180,established,False,False,False,False,False
2026-01-21,SKU-1011,Sugar,176.0,0,3842.0,14,4018.0,3842.0,True,0.0,False,176.0,observed,180,established,False,False,False,False,False
2026-01-22,SKU-1011,Sugar,220.0,0,3622.0,14,3842.0,3622.0,True,0.0,False,220.0,observed,180,established,False,False,False,False,False
2026-01-23,SKU-1011,Sugar,147.0,0,3475.0,14,3622.0,3475.0,True,0.0,False,147.0,observed,180,established,False,False,False,False,False
2026-01-24,SKU-1011,Sugar,156.0,0,3319.0,14,3475.0,,False,,False,,stock_balance_reconstructed,180,established,False,False,False,False,False
2026-01-25,SKU-1011,Sugar,141.0,0,3178.0,14,3319.0,3178.0,True,0.0,False,141.0,observed,180,established,False,False,False,False,False
2026-01-26,SKU-1011,Sugar,188.0,0,2990.0,14,3178.0,2990.0,True,0.0,False,188.0,observed,180,established,False,False,False,False,False
2026-01-27,SKU-1011,Sugar,190.0,0,2800.0,14,2990.0,2800.0,True,0.0,False,190.0,observed,180,established,False,False,False,False,False
2026-01-28,SKU-1011,Sugar,239.0,0,2561.0,14,2800.0,2561.0,True,0.0,False,239.0,observed,180,established,False,False,False,False,False
2026-01-29,SKU-1011,Sugar,202.0,0,2359.0,14,2561.0,2359.0,True,0.0,False,202.0,observed,180,established,False,False,False,False,False
2026-01-30,SKU-1011,Sugar,144.0,0,2215.0,14,2359.0,2215.0,True,0.0,False,144.0,observed,180,established,False,False,False,False,False
2026-01-31,SKU-1011,Sugar,141.0,0,2074.0,14,2215.0,2074.0,True,0.0,False,141.0,observed,180,established,False,False,False,False,False
2026-02-01,SKU-1011,Sugar,130.0,0,1944.0,14,2074.0,1944.0,True,0.0,False,130.0,observed,180,established,False,False,False,False,False
2026-02-02,SKU-1011,Sugar,226.0,0,1718.0,14,1944.0,1718.0,True,0.0,False,226.0,observed,180,established,False,False,False,False,False
2026-02-03,SKU-1011,Sugar,203.0,0,1515.0,14,1718.0,1515.0,True,0.0,False,203.0,observed,180,established,False,False,False,False,False
2026-02-04,SKU-1011,Sugar,246.0,0,1269.0,14,1515.0,1269.0,True,0.0,False,246.0,observed,180,established,False,False,False,False,False
2026-02-05,SKU-1011,Sugar,90.0,3304,4483.0,14,1269.0,4483.0,True,0.0,False,90.0,observed,180,established,False,False,False,False,False
2026-02-06,SKU-1011,Sugar,280.0,0,4203.0,14,4483.0,4203.0,True,0.0,False,280.0,observed,180,established,False,False,False,False,False
2026-02-07,SKU-1011,Sugar,173.0,0,4030.0,14,4203.0,4030.0,True,0.0,False,173.0,observed,180,established,False,False,False,False,False
2026-02-08,SKU-1011,Sugar,178.0,0,3852.0,14,4030.0,3852.0,True,0.0,False,178.0,observed,180,established,False,False,False,False,False
2026-02-09,SKU-1011,Sugar,193.0,0,3659.0,14,3852.0,3659.0,True,0.0,False,193.0,observed,180,established,False,False,False,False,False
2026-02-10,SKU-1011,Sugar,245.0,0,3414.0,14,3659.0,3414.0,True,0.0,False,245.0,observed,180,established,False,False,False,False,False
2026-02-11,SKU-1011,Sugar,286.0,0,3128.0,14,3414.0,3128.0,True,0.0,False,286.0,observed,180,established,False,False,False,False,False
2026-02-12,SKU-1011,Sugar,241.0,0,2887.0,14,3128.0,2887.0,True,0.0,False,241.0,observed,180,established,False,False,False,False,False
2026-02-13,SKU-1011,Sugar,222.0,0,2665.0,14,2887.0,2665.0,True,0.0,False,222.0,observed,180,established,False,False,False,False,False
2026-02-14,SKU-1011,Sugar,175.0,0,2490.0,14,2665.0,2490.0,True,0.0,False,175.0,observed,180,established,False,False,False,False,False
2026-02-15,SKU-1011,Sugar,101.0,0,,14,2490.0,2389.0,False,,False,101.0,observed,180,established,False,True,False,False,False
2026-02-16,SKU-1011,Sugar,278.0,0,2111.0,14,,,False,,False,278.0,observed,180,established,False,False,False,False,False
2026-02-17,SKU-1011,Sugar,220.0,0,1891.0,14,2111.0,1891.0,True,0.0,False,220.0,observed,180,established,False,False,False,False,False
2026-02-18,SKU-1011,Sugar,204.0,3065,4752.0,14,1891.0,4752.0,True,0.0,False,204.0,observed,180,established,False,False,False,False,False
2026-02-19,SKU-1011,Sugar,186.0,0,4566.0,14,4752.0,4566.0,True,0.0,False,186.0,observed,180,established,False,False,False,False,False
2026-02-20,SKU-1011,Sugar,117.0,0,4449.0,14,4566.0,4449.0,True,0.0,False,117.0,observed,180,established,False,False,False,False,False
2026-02-21,SKU-1011,Sugar,183.0,0,4266.0,14,4449.0,4266.0,True,0.0,False,183.0,observed,180,established,False,False,False,False,False
2026-02-22,SKU-1011,Sugar,134.0,0,4132.0,14,4266.0,4132.0,True,0.0,False,134.0,observed,180,established,False,False,False,False,False
2026-02-23,SKU-1011,Sugar,213.0,0,3919.0,14,4132.0,3919.0,True,0.0,False,213.0,observed,180,established,False,False,False,False,False
2026-02-24,SKU-1011,Sugar,280.0,0,3639.0,14,3919.0,3639.0,True,0.0,False,280.0,observed,180,established,False,False,False,False,False
2026-02-25,SKU-1011,Sugar,128.0,0,3511.0,14,3639.0,3511.0,True,0.0,False,128.0,observed,180,established,False,False,False,False,False
2026-02-26,SKU-1011,Sugar,206.0,0,3305.0,14,3511.0,3305.0,True,0.0,False,206.0,observed,180,established,False,False,False,False,False
2026-02-27,SKU-1011,Sugar,190.0,0,3115.0,14,3305.0,3115.0,True,0.0,False,190.0,observed,180,established,False,False,False,False,False
2026-02-28,SKU-1011,Sugar,133.0,0,2982.0,14,3115.0,2982.0,True,0.0,False,133.0,observed,180,established,False,False,False,False,False
2026-03-01,SKU-1011,Sugar,103.0,0,2879.0,14,2982.0,2879.0,True,0.0,False,103.0,observed,180,established,False,False,False,False,False
2026-03-02,SKU-1011,Sugar,186.0,0,2693.0,14,2879.0,2693.0,True,0.0,False,186.0,observed,180,established,False,False,False,False,False
2026-03-03,SKU-1011,Sugar,189.0,0,2504.0,14,2693.0,2504.0,True,0.0,False,189.0,observed,180,established,False,False,False,False,False
2026-03-04,SKU-1011,Sugar,90.0,0,2414.0,14,2504.0,2414.0,True,0.0,False,90.0,observed,180,established,False,False,False,False,False
2026-03-05,SKU-1011,Sugar,163.0,0,2251.0,14,2414.0,2251.0,True,0.0,False,163.0,observed,180,established,False,False,False,False,False
2026-03-06,SKU-1011,Sugar,146.0,0,2105.0,14,2251.0,2105.0,True,0.0,False,146.0,observed,180,established,False,False,False,False,False
2026-03-07,SKU-1011,Sugar,161.0,3832,5776.0,14,2105.0,5776.0,True,0.0,False,161.0,observed,180,established,False,False,False,False,False
2026-03-08,SKU-1011,Sugar,109.0,0,5667.0,14,5776.0,5667.0,True,0.0,False,109.0,observed,180,established,False,False,False,False,False
2026-03-09,SKU-1011,Sugar,185.0,0,5482.0,14,5667.0,5482.0,True,0.0,False,185.0,observed,180,established,False,False,False,False,False
2026-03-10,SKU-1011,Sugar,271.0,0,5211.0,14,5482.0,5211.0,True,0.0,False,271.0,observed,180,established,False,False,False,False,False
2026-03-11,SKU-1011,Sugar,187.0,0,5024.0,14,5211.0,5024.0,True,0.0,False,187.0,observed,180,established,False,False,False,False,False
2026-03-12,SKU-1011,Sugar,216.0,0,4808.0,14,5024.0,4808.0,True,0.0,False,216.0,observed,180,established,False,False,False,False,False
2026-03-13,SKU-1011,Sugar,162.0,0,4646.0,14,4808.0,4646.0,True,0.0,False,162.0,observed,180,established,False,False,False,False,False
2026-03-14,SKU-1011,Sugar,176.0,0,4470.0,14,4646.0,4470.0,True,0.0,False,176.0,observed,180,established,False,False,False,False,False
2026-03-15,SKU-1011,Sugar,91.0,0,4379.0,14,4470.0,4379.0,True,0.0,False,91.0,observed,180,established,False,False,False,False,False
2026-03-16,SKU-1011,Sugar,122.0,0,4257.0,14,4379.0,4257.0,True,0.0,False,122.0,observed,180,established,False,False,False,False,False
2026-03-17,SKU-1011,Sugar,121.0,0,4136.0,14,4257.0,4136.0,True,0.0,False,121.0,observed,180,established,False,False,False,False,False
2026-03-18,SKU-1011,Sugar,319.0,0,3817.0,14,4136.0,3817.0,True,0.0,False,319.0,observed,180,established,False,False,False,False,False
2026-03-19,SKU-1011,Sugar,198.0,0,3619.0,14,3817.0,3619.0,True,0.0,False,198.0,observed,180,established,False,False,False,False,False
2026-03-20,SKU-1011,Sugar,141.0,0,3478.0,14,3619.0,3478.0,True,0.0,False,141.0,observed,180,established,False,False,False,False,False
2026-03-21,SKU-1011,Sugar,167.0,0,3311.0,14,3478.0,3311.0,True,0.0,False,167.0,observed,180,established,False,False,False,False,False
2026-03-22,SKU-1011,Sugar,146.0,0,3165.0,14,3311.0,3165.0,True,0.0,False,146.0,observed,180,established,False,False,False,False,False
2026-03-23,SKU-1011,Sugar,191.0,0,2974.0,14,3165.0,2974.0,True,0.0,False,191.0,observed,180,established,False,False,False,False,False
2026-03-24,SKU-1011,Sugar,208.0,0,2766.0,14,2974.0,2766.0,True,0.0,False,208.0,observed,180,established,False,False,False,False,False
2026-03-25,SKU-1011,Sugar,310.0,0,2456.0,14,2766.0,2456.0,True,0.0,False,310.0,observed,180,established,False,False,False,False,False
2026-03-26,SKU-1011,Sugar,258.0,0,2198.0,14,2456.0,2198.0,True,0.0,False,258.0,observed,180,established,False,False,False,False,False
2026-03-27,SKU-1011,Sugar,197.0,0,2001.0,14,2198.0,2001.0,True,0.0,False,197.0,observed,180,established,False,False,False,False,False
2026-03-28,SKU-1011,Sugar,213.0,0,1788.0,14,2001.0,1788.0,True,0.0,False,213.0,observed,180,established,False,False,False,False,False
2026-03-29,SKU-1011,Sugar,132.0,0,1656.0,14,1788.0,1656.0,True,0.0,False,132.0,observed,180,established,False,False,False,False,False
2026-03-30,SKU-1011,Sugar,145.0,3685,5196.0,14,1656.0,5196.0,True,0.0,False,145.0,observed,180,established,False,False,False,False,False
2026-03-31,SKU-1011,Sugar,228.0,0,4968.0,14,5196.0,4968.0,True,0.0,False,228.0,observed,180,established,False,False,False,False,False
2026-04-01,SKU-1011,Sugar,218.0,0,4750.0,14,4968.0,4750.0,True,0.0,False,218.0,observed,180,established,False,False,False,False,False
2026-04-02,SKU-1011,Sugar,173.0,0,4577.0,14,4750.0,4577.0,True,0.0,False,173.0,observed,180,established,False,False,False,False,False
2026-04-03,SKU-1011,Sugar,165.0,0,4412.0,14,4577.0,4412.0,True,0.0,False,165.0,observed,180,established,False,False,False,False,False
2026-04-04,SKU-1011,Sugar,118.0,0,4294.0,14,4412.0,4294.0,True,0.0,False,118.0,observed,180,established,False,False,False,False,False
2026-04-05,SKU-1011,Sugar,169.0,0,4125.0,14,4294.0,4125.0,True,0.0,False,169.0,observed,180,established,False,False,False,False,False
2026-04-06,SKU-1011,Sugar,228.0,0,3897.0,14,4125.0,3897.0,True,0.0,False,228.0,observed,180,established,False,False,False,False,False
2026-04-07,SKU-1011,Sugar,242.0,0,3655.0,14,3897.0,3655.0,True,0.0,False,242.0,observed,180,established,False,False,False,False,False
2026-04-08,SKU-1011,Sugar,247.0,0,3408.0,14,3655.0,3408.0,True,0.0,False,247.0,observed,180,established,False,False,False,False,False
2026-04-09,SKU-1011,Sugar,220.0,0,3188.0,14,3408.0,3188.0,True,0.0,False,220.0,observed,180,established,False,False,False,False,False
2026-04-10,SKU-1011,Sugar,218.0,0,2970.0,14,3188.0,2970.0,True,0.0,False,218.0,observed,180,established,False,False,False,False,False
2026-04-11,SKU-1011,Sugar,159.0,0,2811.0,14,2970.0,2811.0,True,0.0,False,159.0,observed,180,established,False,False,False,False,False
2026-04-12,SKU-1011,Sugar,151.0,0,2660.0,14,2811.0,2660.0,True,0.0,False,151.0,observed,180,established,False,False,False,False,False
2026-04-13,SKU-1011,Sugar,233.0,0,2427.0,14,2660.0,2427.0,True,0.0,False,233.0,observed,180,established,False,False,False,False,False
2026-04-14,SKU-1011,Sugar,120.0,0,2307.0,14,2427.0,2307.0,True,0.0,False,120.0,observed,180,established,False,False,False,False,False
2026-04-15,SKU-1011,Sugar,120.0,0,2187.0,14,2307.0,2187.0,True,0.0,False,120.0,observed,180,established,False,False,False,False,False
2026-04-16,SKU-1011,Sugar,171.0,0,2016.0,14,2187.0,2016.0,True,0.0,False,171.0,observed,180,established,False,False,False,False,False
2026-04-17,SKU-1011,Sugar,176.0,0,1840.0,14,2016.0,1840.0,True,0.0,False,176.0,observed,180,established,False,False,False,False,False
2026-04-18,SKU-1011,Sugar,110.0,3097,4827.0,14,1840.0,4827.0,True,0.0,False,110.0,observed,180,established,False,False,False,False,False
2026-04-19,SKU-1011,Sugar,181.0,0,4646.0,14,4827.0,4646.0,True,0.0,False,181.0,observed,180,established,False,False,False,False,False
2026-04-20,SKU-1011,Sugar,216.0,0,4430.0,14,4646.0,4430.0,True,0.0,False,216.0,observed,180,established,False,False,False,False,False
2026-04-21,SKU-1011,Sugar,177.0,0,4253.0,14,4430.0,4253.0,True,0.0,False,177.0,observed,180,established,False,False,False,False,False
2026-04-22,SKU-1011,Sugar,210.0,0,4043.0,14,4253.0,4043.0,True,0.0,False,210.0,observed,180,established,False,False,False,False,False
2026-04-23,SKU-1011,Sugar,239.0,0,3804.0,14,4043.0,3804.0,True,0.0,False,239.0,observed,180,established,False,False,False,False,False
2026-04-24,SKU-1011,Sugar,177.0,0,3627.0,14,3804.0,3627.0,True,0.0,False,177.0,observed,180,established,False,False,False,False,False
2026-04-25,SKU-1011,Sugar,115.0,0,3512.0,14,3627.0,3512.0,True,0.0,False,115.0,observed,180,established,False,False,False,False,False
2026-04-26,SKU-1011,Sugar,173.0,0,3339.0,14,3512.0,3339.0,True,0.0,False,173.0,observed,180,established,False,False,False,False,False
2026-04-27,SKU-1011,Sugar,127.0,0,3212.0,14,3339.0,3212.0,True,0.0,False,127.0,observed,180,established,False,False,False,False,False
2026-04-28,SKU-1011,Sugar,737.0,0,2475.0,14,3212.0,2475.0,True,0.0,False,737.0,observed,180,established,False,False,False,False,False
2026-04-29,SKU-1011,Sugar,225.0,0,2250.0,14,2475.0,2250.0,True,0.0,False,225.0,observed,180,established,False,False,False,False,False
2026-04-30,SKU-1011,Sugar,166.0,0,2084.0,14,2250.0,2084.0,True,0.0,False,166.0,observed,180,established,False,False,False,False,False
2026-05-01,SKU-1011,Sugar,189.0,0,1895.0,14,2084.0,1895.0,True,0.0,False,189.0,observed,180,established,False,False,False,False,False
2026-05-02,SKU-1011,Sugar,115.0,3707,5487.0,14,1895.0,,False,,False,,stock_balance_reconstructed,180,established,False,False,False,False,False
2026-05-03,SKU-1011,Sugar,121.0,0,5366.0,14,5487.0,5366.0,True,0.0,False,121.0,observed,180,established,False,False,False,False,False
2026-05-04,SKU-1011,Sugar,211.0,0,5155.0,14,5366.0,5155.0,True,0.0,False,211.0,observed,180,established,False,False,False,False,False
2026-05-05,SKU-1011,Sugar,234.0,0,4921.0,14,5155.0,4921.0,True,0.0,False,234.0,observed,180,established,False,False,False,False,False
2026-05-06,SKU-1011,Sugar,229.0,0,4692.0,14,4921.0,4692.0,True,0.0,False,229.0,observed,180,established,False,False,False,False,False
2026-05-07,SKU-1011,Sugar,128.0,0,4564.0,14,4692.0,4564.0,True,0.0,False,128.0,observed,180,established,False,False,False,False,False
2026-05-08,SKU-1011,Sugar,201.0,0,4363.0,14,4564.0,4363.0,True,0.0,False,201.0,observed,180,established,False,False,False,False,False
2026-05-09,SKU-1011,Sugar,118.0,0,4245.0,14,4363.0,4245.0,True,0.0,False,118.0,observed,180,established,False,False,False,False,False
2026-05-10,SKU-1011,Sugar,162.0,0,4083.0,14,4245.0,4083.0,True,0.0,False,162.0,observed,180,established,False,False,False,False,False
2026-05-11,SKU-1011,Sugar,122.0,0,3961.0,14,4083.0,3961.0,True,0.0,False,122.0,observed,180,established,False,False,False,False,False
2026-05-12,SKU-1011,Sugar,159.0,0,3802.0,14,3961.0,3802.0,True,0.0,False,159.0,observed,180,established,False,False,False,False,False
2026-05-13,SKU-1011,Sugar,207.0,0,3595.0,14,3802.0,3595.0,True,0.0,False,207.0,observed,180,established,False,False,False,False,False
2026-05-14,SKU-1011,Sugar,213.0,0,3382.0,14,3595.0,3382.0,True,0.0,False,213.0,observed,180,established,False,False,False,False,False
2026-05-15,SKU-1011,Sugar,62.0,0,3320.0,14,3382.0,3320.0,True,0.0,False,62.0,observed,180,established,False,False,False,False,False
2026-05-16,SKU-1011,Sugar,163.0,0,3157.0,14,3320.0,3157.0,True,0.0,False,163.0,observed,180,established,False,False,False,False,False
2026-05-17,SKU-1011,Sugar,153.0,0,3004.0,14,3157.0,3004.0,True,0.0,False,153.0,observed,180,established,False,False,False,False,False
2026-05-18,SKU-1011,Sugar,110.0,0,2894.0,14,3004.0,2894.0,True,0.0,False,110.0,observed,180,established,False,False,False,False,False
2026-05-19,SKU-1011,Sugar,181.0,0,2713.0,14,2894.0,2713.0,True,0.0,False,181.0,observed,180,established,False,False,False,False,False
2026-05-20,SKU-1011,Sugar,229.0,0,2484.0,14,2713.0,2484.0,True,0.0,False,229.0,observed,180,established,False,False,False,False,False
2026-05-21,SKU-1011,Sugar,187.0,0,2297.0,14,2484.0,2297.0,True,0.0,False,187.0,observed,180,established,False,False,False,False,False
2026-05-22,SKU-1011,Sugar,174.0,0,,14,2297.0,2123.0,False,,False,174.0,observed,180,established,False,True,False,False,False
2026-05-23,SKU-1011,Sugar,66.0,0,2057.0,14,,,False,,False,66.0,observed,180,established,False,False,False,False,False
2026-05-24,SKU-1011,Sugar,133.0,0,1924.0,14,2057.0,1924.0,True,0.0,False,133.0,observed,180,established,False,False,False,False,False
2026-05-25,SKU-1011,Sugar,171.0,0,1753.0,14,1924.0,1753.0,True,0.0,False,171.0,observed,180,established,False,False,False,False,False
2026-05-26,SKU-1011,Sugar,198.0,0,1555.0,14,1753.0,1555.0,True,0.0,False,198.0,observed,180,established,False,False,False,False,False
2026-05-27,SKU-1011,Sugar,157.0,0,1398.0,14,1555.0,1398.0,True,0.0,False,157.0,observed,180,established,False,False,False,False,False
2026-05-28,SKU-1011,Sugar,312.0,0,1086.0,14,1398.0,1086.0,True,0.0,False,312.0,observed,180,established,False,False,False,False,False
2026-05-29,SKU-1011,Sugar,146.0,0,940.0,14,1086.0,940.0,True,0.0,False,146.0,observed,180,established,False,False,False,False,False
2026-05-30,SKU-1011,Sugar,165.0,0,775.0,14,940.0,775.0,True,0.0,False,165.0,observed,180,established,False,False,False,False,False
2026-05-31,SKU-1011,Sugar,120.0,3912,4567.0,14,775.0,4567.0,True,0.0,False,120.0,observed,180,established,False,False,False,False,False
2026-06-01,SKU-1011,Sugar,223.0,0,4344.0,14,4567.0,4344.0,True,0.0,False,223.0,observed,180,established,False,False,False,False,False
2026-06-02,SKU-1011,Sugar,257.0,0,4087.0,14,4344.0,4087.0,True,0.0,False,257.0,observed,180,established,False,False,False,False,False
2026-06-03,SKU-1011,Sugar,211.0,0,3876.0,14,4087.0,3876.0,True,0.0,False,211.0,observed,180,established,False,False,False,False,False
2026-06-04,SKU-1011,Sugar,271.0,0,3605.0,14,3876.0,3605.0,True,0.0,False,271.0,observed,180,established,False,False,False,False,False
2026-06-05,SKU-1011,Sugar,348.0,0,3257.0,14,3605.0,3257.0,True,0.0,False,348.0,observed,180,established,False,False,False,False,False
2026-06-06,SKU-1011,Sugar,95.0,0,3162.0,14,3257.0,3162.0,True,0.0,False,95.0,observed,180,established,False,False,False,False,False
2026-06-07,SKU-1011,Sugar,158.0,0,3004.0,14,3162.0,3004.0,True,0.0,False,158.0,observed,180,established,False,False,False,False,False
2026-06-08,SKU-1011,Sugar,156.0,0,2848.0,14,3004.0,2848.0,True,0.0,False,156.0,observed,180,established,False,False,False,False,False
2026-06-09,SKU-1011,Sugar,49.0,0,2799.0,14,2848.0,2799.0,True,0.0,False,49.0,observed,180,established,False,False,False,False,False
2026-06-10,SKU-1011,Sugar,136.0,0,2663.0,14,2799.0,2663.0,True,0.0,False,136.0,observed,180,established,False,False,False,False,False
2026-06-11,SKU-1011,Sugar,315.0,0,2348.0,14,2663.0,2348.0,True,0.0,False,315.0,observed,180,established,False,False,False,False,False
2026-06-12,SKU-1011,Sugar,141.0,0,2207.0,14,2348.0,2207.0,True,0.0,False,141.0,observed,180,established,False,False,False,False,False
2026-06-13,SKU-1011,Sugar,117.0,0,2090.0,14,2207.0,2090.0,True,0.0,False,117.0,observed,180,established,False,False,False,False,False
2026-06-14,SKU-1011,Sugar,186.0,0,1904.0,14,2090.0,1904.0,True,0.0,False,186.0,observed,180,established,False,False,False,False,False
2026-06-15,SKU-1011,Sugar,149.0,0,1755.0,14,1904.0,1755.0,True,0.0,False,149.0,observed,180,established,False,False,False,False,False
2026-06-16,SKU-1011,Sugar,162.0,0,1593.0,14,1755.0,1593.0,True,0.0,False,162.0,observed,180,established,False,False,False,False,False
2026-06-17,SKU-1011,Sugar,278.0,0,1315.0,14,1593.0,1315.0,True,0.0,False,278.0,observed,180,established,False,False,False,False,False
2026-06-18,SKU-1011,Sugar,164.0,0,1151.0,14,1315.0,1151.0,True,0.0,False,164.0,observed,180,established,False,False,False,False,False
2026-06-19,SKU-1011,Sugar,127.0,0,1024.0,14,1151.0,1024.0,True,0.0,False,127.0,observed,180,established,False,False,False,False,False
2026-06-20,SKU-1011,Sugar,66.0,3930,4888.0,14,1024.0,4888.0,True,0.0,False,66.0,observed,180,established,False,False,False,False,False
2026-06-21,SKU-1011,Sugar,148.0,0,4740.0,14,4888.0,4740.0,True,0.0,False,148.0,observed,180,established,False,False,False,False,False
2026-06-22,SKU-1011,Sugar,220.0,0,4520.0,14,4740.0,4520.0,True,0.0,False,220.0,observed,180,established,False,False,False,False,False
2026-06-23,SKU-1011,Sugar,242.0,0,4278.0,14,4520.0,4278.0,True,0.0,False,242.0,observed,180,established,False,False,False,False,False
2026-06-24,SKU-1011,Sugar,201.0,0,4077.0,14,4278.0,4077.0,True,0.0,False,201.0,observed,180,established,False,False,False,False,False
2026-06-25,SKU-1011,Sugar,164.0,0,3913.0,14,4077.0,3913.0,True,0.0,False,164.0,observed,180,established,False,False,False,False,False
2026-06-26,SKU-1011,Sugar,137.0,0,3776.0,14,3913.0,3776.0,True,0.0,False,137.0,observed,180,established,False,False,False,False,False
2026-06-27,SKU-1011,Sugar,103.0,0,3673.0,14,3776.0,3673.0,True,0.0,False,103.0,observed,180,established,False,False,False,False,False
2026-06-28,SKU-1011,Sugar,136.0,0,3537.0,14,3673.0,3537.0,True,0.0,False,136.0,observed,180,established,False,False,False,False,False
2026-06-29,SKU-1011,Sugar,164.0,0,3373.0,14,3537.0,3373.0,True,0.0,False,164.0,observed,180,established,False,False,False,False,False
2026-01-01,SKU-1012,Beverages,436.0,6882,8422.0,14,,,False,,False,436.0,observed,180,established,False,False,False,False,False
2026-01-02,SKU-1012,Beverages,471.0,0,7951.0,14,8422.0,7951.0,True,0.0,False,471.0,observed,180,established,False,False,False,False,False
2026-01-03,SKU-1012,Beverages,423.0,0,7528.0,14,7951.0,7528.0,True,0.0,False,423.0,observed,180,established,False,False,False,False,False
2026-01-04,SKU-1012,Beverages,524.0,0,7004.0,14,7528.0,7004.0,True,0.0,False,524.0,observed,180,established,False,False,False,False,False
2026-01-05,SKU-1012,Beverages,443.0,0,6561.0,14,7004.0,6561.0,True,0.0,False,443.0,observed,180,established,False,False,False,False,False
2026-01-06,SKU-1012,Beverages,463.0,0,6098.0,14,6561.0,6098.0,True,0.0,False,463.0,observed,180,established,False,False,False,False,False
2026-01-07,SKU-1012,Beverages,421.0,6486,12163.0,14,6098.0,12163.0,True,0.0,False,421.0,observed,180,established,False,False,False,False,False
2026-01-08,SKU-1012,Beverages,466.0,0,,14,12163.0,11697.0,False,,False,466.0,observed,180,established,False,True,False,False,False
2026-01-09,SKU-1012,Beverages,418.0,0,11279.0,14,,,False,,False,418.0,observed,180,established,False,False,False,False,False
2026-01-10,SKU-1012,Beverages,295.0,0,10984.0,14,11279.0,10984.0,True,0.0,False,295.0,observed,180,established,False,False,False,False,False
2026-01-11,SKU-1012,Beverages,339.0,0,10645.0,14,10984.0,10645.0,True,0.0,False,339.0,observed,180,established,False,False,False,False,False
2026-01-12,SKU-1012,Beverages,389.0,0,10256.0,14,10645.0,10256.0,True,0.0,False,389.0,observed,180,established,False,False,False,False,False
2026-01-13,SKU-1012,Beverages,460.0,0,9796.0,14,10256.0,9796.0,True,0.0,False,460.0,observed,180,established,False,False,False,False,False
2026-01-14,SKU-1012,Beverages,419.0,0,9377.0,14,9796.0,9377.0,True,0.0,False,419.0,observed,180,established,False,False,False,False,False
2026-01-15,SKU-1012,Beverages,429.0,0,8948.0,14,9377.0,8948.0,True,0.0,False,429.0,observed,180,established,False,False,False,False,False
2026-01-16,SKU-1012,Beverages,449.0,0,8499.0,14,8948.0,8499.0,True,0.0,False,449.0,observed,180,established,False,False,False,False,False
2026-01-17,SKU-1012,Beverages,384.0,0,8115.0,14,8499.0,8115.0,True,0.0,False,384.0,observed,180,established,False,False,False,False,False
2026-01-18,SKU-1012,Beverages,450.0,0,7665.0,14,8115.0,7665.0,True,0.0,False,450.0,observed,180,established,False,False,False,False,False
2026-01-19,SKU-1012,Beverages,428.0,0,7237.0,14,7665.0,7237.0,True,0.0,False,428.0,observed,180,established,False,False,False,False,False
2026-01-20,SKU-1012,Beverages,496.0,0,6741.0,14,7237.0,6741.0,True,0.0,False,496.0,observed,180,established,False,False,False,False,False
2026-01-21,SKU-1012,Beverages,538.0,0,6203.0,14,6741.0,6203.0,True,0.0,False,538.0,observed,180,established,False,False,False,False,False
2026-01-22,SKU-1012,Beverages,414.0,6828,12617.0,14,6203.0,12617.0,True,0.0,False,414.0,observed,180,established,False,False,False,False,False
2026-01-23,SKU-1012,Beverages,416.0,0,12201.0,14,12617.0,12201.0,True,0.0,False,416.0,observed,180,established,False,False,False,False,False
2026-01-24,SKU-1012,Beverages,326.0,0,11875.0,14,12201.0,11875.0,True,0.0,False,326.0,observed,180,established,False,False,False,False,False
2026-01-25,SKU-1012,Beverages,386.0,0,11489.0,14,11875.0,11489.0,True,0.0,False,386.0,observed,180,established,False,False,False,False,False
2026-01-26,SKU-1012,Beverages,360.0,0,11129.0,14,11489.0,11129.0,True,0.0,False,360.0,observed,180,established,False,False,False,False,False
2026-01-27,SKU-1012,Beverages,407.0,0,10722.0,14,11129.0,10722.0,True,0.0,False,407.0,observed,180,established,False,False,False,False,False
2026-01-28,SKU-1012,Beverages,460.0,0,10262.0,14,10722.0,10262.0,True,0.0,False,460.0,observed,180,established,False,False,False,False,False
2026-01-29,SKU-1012,Beverages,359.0,0,9903.0,14,10262.0,9903.0,True,0.0,False,359.0,observed,180,established,False,False,False,False,False
2026-01-30,SKU-1012,Beverages,456.0,0,9447.0,14,9903.0,9447.0,True,0.0,False,456.0,observed,180,established,False,False,False,False,False
2026-01-31,SKU-1012,Beverages,344.0,0,9103.0,14,9447.0,9103.0,True,0.0,False,344.0,observed,180,established,False,False,False,False,False
2026-02-01,SKU-1012,Beverages,398.0,0,8705.0,14,9103.0,8705.0,True,0.0,False,398.0,observed,180,established,False,False,False,False,False
2026-02-02,SKU-1012,Beverages,388.0,0,8317.0,14,8705.0,8317.0,True,0.0,False,388.0,observed,180,established,False,False,False,False,False
2026-02-03,SKU-1012,Beverages,451.0,0,7866.0,14,8317.0,7866.0,True,0.0,False,451.0,observed,180,established,False,False,False,False,False
2026-02-04,SKU-1012,Beverages,477.0,0,7389.0,14,7866.0,7389.0,True,0.0,False,477.0,observed,180,established,False,False,False,False,False
2026-02-05,SKU-1012,Beverages,471.0,0,6918.0,14,7389.0,6918.0,True,0.0,False,471.0,observed,180,established,False,False,False,False,False
2026-02-06,SKU-1012,Beverages,435.0,0,6483.0,14,6918.0,6483.0,True,0.0,False,435.0,observed,180,established,False,False,False,False,False
2026-02-07,SKU-1012,Beverages,390.0,0,6093.0,14,6483.0,6093.0,True,0.0,False,390.0,observed,180,established,False,False,False,False,False
2026-02-08,SKU-1012,Beverages,309.0,0,5784.0,14,6093.0,5784.0,True,0.0,False,309.0,observed,180,established,False,False,False,False,False
2026-02-09,SKU-1012,Beverages,427.0,8179,13536.0,14,5784.0,13536.0,True,0.0,False,427.0,observed,180,established,False,False,False,False,False
2026-02-10,SKU-1012,Beverages,504.0,0,13032.0,14,13536.0,13032.0,True,0.0,False,504.0,observed,180,established,False,False,False,False,False
2026-02-11,SKU-1012,Beverages,465.0,0,12567.0,14,13032.0,12567.0,True,0.0,False,465.0,observed,180,established,False,False,False,False,False
2026-02-12,SKU-1012,Beverages,404.0,0,12163.0,14,12567.0,12163.0,True,0.0,False,404.0,observed,180,established,False,False,False,False,False
2026-02-13,SKU-1012,Beverages,393.0,0,11770.0,14,12163.0,11770.0,True,0.0,False,393.0,observed,180,established,False,False,False,False,False
2026-02-14,SKU-1012,Beverages,366.0,0,11404.0,14,11770.0,11404.0,True,0.0,False,366.0,observed,180,established,False,False,False,False,False
2026-02-15,SKU-1012,Beverages,401.0,0,11003.0,14,11404.0,11003.0,True,0.0,False,401.0,observed,180,established,False,False,False,False,False
2026-02-16,SKU-1012,Beverages,420.0,0,10583.0,14,11003.0,10583.0,True,0.0,False,420.0,observed,180,established,False,False,False,False,False
2026-02-17,SKU-1012,Beverages,438.0,0,10145.0,14,10583.0,10145.0,True,0.0,False,438.0,observed,180,established,False,False,False,False,False
2026-02-18,SKU-1012,Beverages,397.0,0,9748.0,14,10145.0,9748.0,True,0.0,False,397.0,observed,180,established,False,False,False,False,False
2026-02-19,SKU-1012,Beverages,419.0,0,9329.0,14,9748.0,9329.0,True,0.0,False,419.0,observed,180,established,False,False,False,False,False
2026-02-20,SKU-1012,Beverages,431.0,0,8898.0,14,9329.0,8898.0,True,0.0,False,431.0,observed,180,established,False,False,False,False,False
2026-02-21,SKU-1012,Beverages,429.0,0,8469.0,14,8898.0,8469.0,True,0.0,False,429.0,observed,180,established,False,False,False,False,False
2026-02-22,SKU-1012,Beverages,409.0,0,8060.0,14,8469.0,8060.0,True,0.0,False,409.0,observed,180,established,False,False,False,False,False
2026-02-23,SKU-1012,Beverages,382.0,0,7678.0,14,8060.0,7678.0,True,0.0,False,382.0,observed,180,established,False,False,False,False,False
2026-02-24,SKU-1012,Beverages,431.0,0,7247.0,14,7678.0,7247.0,True,0.0,False,431.0,observed,180,established,False,False,False,False,False
2026-02-25,SKU-1012,Beverages,468.0,0,6779.0,14,7247.0,6779.0,True,0.0,False,468.0,observed,180,established,False,False,False,False,False
2026-02-26,SKU-1012,Beverages,614.0,0,6165.0,14,6779.0,6165.0,True,0.0,False,614.0,observed,180,established,False,False,False,False,False
2026-02-27,SKU-1012,Beverages,413.0,0,5752.0,14,6165.0,5752.0,True,0.0,False,413.0,observed,180,established,False,False,False,False,False
2026-02-28,SKU-1012,Beverages,372.0,0,5380.0,14,5752.0,5380.0,True,0.0,False,372.0,observed,180,established,False,False,False,False,False
2026-03-01,SKU-1012,Beverages,706.0,0,4674.0,14,5380.0,4674.0,True,0.0,False,706.0,observed,180,established,False,False,False,False,False
2026-03-02,SKU-1012,Beverages,455.0,6428,10647.0,14,4674.0,10647.0,True,0.0,False,455.0,observed,180,established,False,False,False,False,False
2026-03-03,SKU-1012,Beverages,474.0,0,10173.0,14,10647.0,10173.0,True,0.0,False,474.0,observed,180,established,False,False,False,False,False
2026-03-04,SKU-1012,Beverages,477.0,0,9696.0,14,10173.0,9696.0,True,0.0,False,477.0,observed,180,established,False,False,False,False,False
2026-03-05,SKU-1012,Beverages,430.0,0,9266.0,14,9696.0,9266.0,True,0.0,False,430.0,observed,180,established,False,False,False,False,False
2026-03-06,SKU-1012,Beverages,386.0,0,8880.0,14,9266.0,8880.0,True,0.0,False,386.0,observed,180,established,False,False,False,False,False
2026-03-07,SKU-1012,Beverages,356.0,0,8524.0,14,8880.0,8524.0,True,0.0,False,356.0,observed,180,established,False,False,False,False,False
2026-03-08,SKU-1012,Beverages,863.0,0,7661.0,14,8524.0,7661.0,True,0.0,False,863.0,observed,180,established,False,False,False,False,False
2026-03-09,SKU-1012,Beverages,391.0,0,7270.0,14,7661.0,7270.0,True,0.0,False,391.0,observed,180,established,False,False,False,False,False
2026-03-10,SKU-1012,Beverages,495.0,0,6775.0,14,7270.0,6775.0,True,0.0,False,495.0,observed,180,established,False,False,False,False,False
2026-03-11,SKU-1012,Beverages,486.0,0,6289.0,14,6775.0,6289.0,True,0.0,False,486.0,observed,180,established,False,False,False,False,False
2026-03-12,SKU-1012,Beverages,428.0,0,5861.0,14,6289.0,5861.0,True,0.0,False,428.0,observed,180,established,False,False,False,False,False
2026-03-13,SKU-1012,Beverages,435.0,0,5426.0,14,5861.0,5426.0,True,0.0,False,435.0,observed,180,established,False,False,False,False,False
2026-03-14,SKU-1012,Beverages,374.0,0,5052.0,14,5426.0,5052.0,True,0.0,False,374.0,observed,180,established,False,False,False,False,False
2026-03-15,SKU-1012,Beverages,396.0,7535,12191.0,14,5052.0,12191.0,True,0.0,False,396.0,observed,180,established,False,False,False,False,False
2026-03-16,SKU-1012,Beverages,426.0,0,11765.0,14,12191.0,11765.0,True,0.0,False,426.0,observed,180,established,False,False,False,False,False
2026-03-17,SKU-1012,Beverages,501.0,0,11264.0,14,11765.0,11264.0,True,0.0,False,501.0,observed,180,established,False,False,False,False,False
2026-03-18,SKU-1012,Beverages,457.0,0,10807.0,14,11264.0,10807.0,True,0.0,False,457.0,observed,180,established,False,False,False,False,False
2026-03-19,SKU-1012,Beverages,470.0,0,10337.0,14,10807.0,10337.0,True,0.0,False,470.0,observed,180,established,False,False,False,False,False
2026-03-20,SKU-1012,Beverages,458.0,0,9879.0,14,10337.0,9879.0,True,0.0,False,458.0,observed,180,established,False,False,False,False,False
2026-03-21,SKU-1012,Beverages,391.0,0,9488.0,14,9879.0,9488.0,True,0.0,False,391.0,observed,180,established,False,False,False,False,False
2026-03-22,SKU-1012,Beverages,404.0,0,9084.0,14,9488.0,9084.0,True,0.0,False,404.0,observed,180,established,False,False,False,False,False
2026-03-23,SKU-1012,Beverages,391.0,0,8693.0,14,9084.0,8693.0,True,0.0,False,391.0,observed,180,established,False,False,False,False,False
2026-03-24,SKU-1012,Beverages,498.0,0,8195.0,14,8693.0,8195.0,True,0.0,False,498.0,observed,180,established,False,False,False,False,False
2026-03-25,SKU-1012,Beverages,467.0,0,7728.0,14,8195.0,7728.0,True,0.0,False,467.0,observed,180,established,False,False,False,False,False
2026-03-26,SKU-1012,Beverages,429.0,0,7299.0,14,7728.0,7299.0,True,0.0,False,429.0,observed,180,established,False,False,False,False,False
2026-03-27,SKU-1012,Beverages,443.0,0,6856.0,14,7299.0,6856.0,True,0.0,False,443.0,observed,180,established,False,False,False,False,False
2026-03-28,SKU-1012,Beverages,363.0,0,6493.0,14,6856.0,6493.0,True,0.0,False,363.0,observed,180,established,False,False,False,False,False
2026-03-29,SKU-1012,Beverages,340.0,0,6153.0,14,6493.0,6153.0,True,0.0,False,340.0,observed,180,established,False,False,False,False,False
2026-03-30,SKU-1012,Beverages,426.0,6689,12416.0,14,6153.0,12416.0,True,0.0,False,426.0,observed,180,established,False,False,False,False,False
2026-03-31,SKU-1012,Beverages,421.0,0,11995.0,14,12416.0,11995.0,True,0.0,False,421.0,observed,180,established,False,False,False,False,False
2026-04-01,SKU-1012,Beverages,439.0,0,11556.0,14,11995.0,11556.0,True,0.0,False,439.0,observed,180,established,False,False,False,False,False
2026-04-02,SKU-1012,Beverages,371.0,0,11185.0,14,11556.0,11185.0,True,0.0,False,371.0,observed,180,established,False,False,False,False,False
2026-04-03,SKU-1012,Beverages,835.0,0,10350.0,14,11185.0,10350.0,True,0.0,False,835.0,observed,180,established,False,False,False,False,False
2026-04-04,SKU-1012,Beverages,404.0,0,9946.0,14,10350.0,,False,,False,,stock_balance_reconstructed,180,established,False,False,False,False,False
2026-04-05,SKU-1012,Beverages,317.0,0,9629.0,14,9946.0,9629.0,True,0.0,False,317.0,observed,180,established,False,False,False,False,False
2026-04-06,SKU-1012,Beverages,433.0,0,9196.0,14,9629.0,9196.0,True,0.0,False,433.0,observed,180,established,False,False,False,False,False
2026-04-07,SKU-1012,Beverages,440.0,0,8756.0,14,9196.0,8756.0,True,0.0,False,440.0,observed,180,established,False,False,False,False,False
2026-04-08,SKU-1012,Beverages,448.0,0,8308.0,14,8756.0,8308.0,True,0.0,False,448.0,observed,180,established,False,False,False,False,False
2026-04-09,SKU-1012,Beverages,465.0,0,7843.0,14,8308.0,7843.0,True,0.0,False,465.0,observed,180,established,False,False,False,False,False
2026-04-10,SKU-1012,Beverages,417.0,0,7426.0,14,7843.0,7426.0,True,0.0,False,417.0,observed,180,established,False,False,False,False,False
2026-04-11,SKU-1012,Beverages,431.0,0,6995.0,14,7426.0,6995.0,True,0.0,False,431.0,observed,180,established,False,False,False,False,False
2026-04-12,SKU-1012,Beverages,394.0,0,6601.0,14,6995.0,6601.0,True,0.0,False,394.0,observed,180,established,False,False,False,False,False
2026-04-13,SKU-1012,Beverages,455.0,0,6146.0,14,6601.0,6146.0,True,0.0,False,455.0,observed,180,established,False,False,False,False,False
2026-04-14,SKU-1012,Beverages,395.0,8278,14029.0,14,6146.0,14029.0,True,0.0,False,395.0,observed,180,established,False,False,False,False,False
2026-04-15,SKU-1012,Beverages,438.0,0,13591.0,14,14029.0,13591.0,True,0.0,False,438.0,observed,180,established,False,False,False,False,False
2026-04-16,SKU-1012,Beverages,486.0,0,13105.0,14,13591.0,13105.0,True,0.0,False,486.0,observed,180,established,False,False,False,False,False
2026-04-17,SKU-1012,Beverages,369.0,0,12736.0,14,13105.0,12736.0,True,0.0,False,369.0,observed,180,established,False,False,False,False,False
2026-04-18,SKU-1012,Beverages,356.0,0,12380.0,14,12736.0,12380.0,True,0.0,False,356.0,observed,180,established,False,False,False,False,False
2026-04-19,SKU-1012,Beverages,361.0,0,12019.0,14,12380.0,12019.0,True,0.0,False,361.0,observed,180,established,False,False,False,False,False
2026-04-20,SKU-1012,Beverages,444.0,0,11575.0,14,12019.0,11575.0,True,0.0,False,444.0,observed,180,established,False,False,False,False,False
2026-04-21,SKU-1012,Beverages,407.0,0,11168.0,14,11575.0,11168.0,True,0.0,False,407.0,observed,180,established,False,False,False,False,False
2026-04-22,SKU-1012,Beverages,360.0,0,10808.0,14,11168.0,10808.0,True,0.0,False,360.0,observed,180,established,False,False,False,False,False
2026-04-23,SKU-1012,Beverages,352.0,0,10456.0,14,10808.0,10456.0,True,0.0,False,352.0,observed,180,established,False,False,False,False,False
2026-04-24,SKU-1012,Beverages,349.0,0,10107.0,14,10456.0,10107.0,True,0.0,False,349.0,observed,180,established,False,False,False,False,False
2026-04-25,SKU-1012,Beverages,357.0,0,9750.0,14,10107.0,9750.0,True,0.0,False,357.0,observed,180,established,False,False,False,False,False
2026-04-26,SKU-1012,Beverages,414.0,0,9336.0,14,9750.0,9336.0,True,0.0,False,414.0,observed,180,established,False,False,False,False,False
2026-04-27,SKU-1012,Beverages,360.0,0,8976.0,14,9336.0,8976.0,True,0.0,False,360.0,observed,180,established,False,False,False,False,False
2026-04-28,SKU-1012,Beverages,440.0,0,8536.0,14,8976.0,8536.0,True,0.0,False,440.0,observed,180,established,False,False,False,False,False
2026-04-29,SKU-1012,Beverages,920.0,0,7616.0,14,8536.0,7616.0,True,0.0,False,920.0,observed,180,established,False,False,False,False,False
2026-04-30,SKU-1012,Beverages,434.0,0,7182.0,14,7616.0,7182.0,True,0.0,False,434.0,observed,180,established,False,False,False,False,False
2026-05-01,SKU-1012,Beverages,340.0,0,6842.0,14,7182.0,6842.0,True,0.0,False,340.0,observed,180,established,False,False,False,False,False
2026-05-02,SKU-1012,Beverages,416.0,0,6426.0,14,6842.0,6426.0,True,0.0,False,416.0,observed,180,established,False,False,False,False,False
2026-05-03,SKU-1012,Beverages,702.0,0,5724.0,14,6426.0,5724.0,True,0.0,False,702.0,observed,180,established,False,False,False,False,False
2026-05-04,SKU-1012,Beverages,449.0,0,5275.0,14,5724.0,5275.0,True,0.0,False,449.0,observed,180,established,False,False,False,False,False
2026-05-05,SKU-1012,Beverages,470.0,6667,11472.0,14,5275.0,11472.0,True,0.0,False,470.0,observed,180,established,False,False,False,False,False
2026-05-06,SKU-1012,Beverages,451.0,0,11021.0,14,11472.0,11021.0,True,0.0,False,451.0,observed,180,established,False,False,False,False,False
2026-05-07,SKU-1012,Beverages,399.0,0,10622.0,14,11021.0,10622.0,True,0.0,False,399.0,observed,180,established,False,False,False,False,False
2026-05-08,SKU-1012,Beverages,404.0,0,10218.0,14,10622.0,10218.0,True,0.0,False,404.0,observed,180,established,False,False,False,False,False
2026-05-09,SKU-1012,Beverages,421.0,0,9797.0,14,10218.0,9797.0,True,0.0,False,421.0,observed,180,established,False,False,False,False,False
2026-05-10,SKU-1012,Beverages,387.0,0,9410.0,14,9797.0,9410.0,True,0.0,False,387.0,observed,180,established,False,False,False,False,False
2026-05-11,SKU-1012,Beverages,341.0,0,9069.0,14,9410.0,9069.0,True,0.0,False,341.0,observed,180,established,False,False,False,False,False
2026-05-12,SKU-1012,Beverages,438.0,0,8631.0,14,9069.0,8631.0,True,0.0,False,438.0,observed,180,established,False,False,False,False,False
2026-05-13,SKU-1012,Beverages,418.0,0,8213.0,14,8631.0,8213.0,True,0.0,False,418.0,observed,180,established,False,False,False,False,False
2026-05-14,SKU-1012,Beverages,491.0,0,7722.0,14,8213.0,7722.0,True,0.0,False,491.0,observed,180,established,False,False,False,False,False
2026-05-15,SKU-1012,Beverages,372.0,0,7350.0,14,7722.0,7350.0,True,0.0,False,372.0,observed,180,established,False,False,False,False,False
2026-05-16,SKU-1012,Beverages,417.0,0,6933.0,14,7350.0,6933.0,True,0.0,False,417.0,observed,180,established,False,False,False,False,False
2026-05-17,SKU-1012,Beverages,454.0,0,6479.0,14,6933.0,6479.0,True,0.0,False,454.0,observed,180,established,False,False,False,False,False
2026-05-18,SKU-1012,Beverages,475.0,0,6004.0,14,6479.0,6004.0,True,0.0,False,475.0,observed,180,established,False,False,False,False,False
2026-05-19,SKU-1012,Beverages,391.0,7690,13303.0,14,6004.0,13303.0,True,0.0,False,391.0,observed,180,established,False,False,False,False,False
2026-05-20,SKU-1012,Beverages,446.0,0,12857.0,14,13303.0,12857.0,True,0.0,False,446.0,observed,180,established,False,False,False,False,False
2026-05-21,SKU-1012,Beverages,413.0,0,12444.0,14,12857.0,12444.0,True,0.0,False,413.0,observed,180,established,False,False,False,False,False
2026-05-22,SKU-1012,Beverages,423.0,0,12021.0,14,12444.0,12021.0,True,0.0,False,423.0,observed,180,established,False,False,False,False,False
2026-05-23,SKU-1012,Beverages,397.0,0,11624.0,14,12021.0,11624.0,True,0.0,False,397.0,observed,180,established,False,False,False,False,False
2026-05-24,SKU-1012,Beverages,467.0,0,11157.0,14,11624.0,11157.0,True,0.0,False,467.0,observed,180,established,False,False,False,False,False
2026-05-25,SKU-1012,Beverages,406.0,0,10751.0,14,11157.0,10751.0,True,0.0,False,406.0,observed,180,established,False,False,False,False,False
2026-05-26,SKU-1012,Beverages,400.0,0,10351.0,14,10751.0,10351.0,True,0.0,False,400.0,observed,180,established,False,False,False,False,False
2026-05-27,SKU-1012,Beverages,469.0,0,9882.0,14,10351.0,9882.0,True,0.0,False,469.0,observed,180,established,False,False,False,False,False
2026-05-28,SKU-1012,Beverages,424.0,0,9458.0,14,9882.0,9458.0,True,0.0,False,424.0,observed,180,established,False,False,False,False,False
2026-05-29,SKU-1012,Beverages,370.0,0,9088.0,14,9458.0,9088.0,True,0.0,False,370.0,observed,180,established,False,False,False,False,False
2026-05-30,SKU-1012,Beverages,372.0,0,8716.0,14,9088.0,8716.0,True,0.0,False,372.0,observed,180,established,False,False,False,False,False
2026-05-31,SKU-1012,Beverages,375.0,0,8341.0,14,8716.0,8341.0,True,0.0,False,375.0,observed,180,established,False,False,False,False,False
2026-06-01,SKU-1012,Beverages,288.0,0,8053.0,14,8341.0,,False,,False,,stock_balance_reconstructed,180,established,False,False,False,False,False
2026-06-02,SKU-1012,Beverages,419.0,0,7634.0,14,8053.0,7634.0,True,0.0,False,419.0,observed,180,established,False,False,False,False,False
2026-06-03,SKU-1012,Beverages,515.0,0,7119.0,14,7634.0,7119.0,True,0.0,False,515.0,observed,180,established,False,False,False,False,False
2026-06-04,SKU-1012,Beverages,491.0,0,6628.0,14,7119.0,6628.0,True,0.0,False,491.0,observed,180,established,False,False,False,False,False
2026-06-05,SKU-1012,Beverages,398.0,0,6230.0,14,6628.0,6230.0,True,0.0,False,398.0,observed,180,established,False,False,False,False,False
2026-06-06,SKU-1012,Beverages,376.0,6492,12346.0,14,6230.0,12346.0,True,0.0,False,376.0,observed,180,established,False,False,False,False,False
2026-06-07,SKU-1012,Beverages,434.0,0,11912.0,14,12346.0,11912.0,True,0.0,False,434.0,observed,180,established,False,False,False,False,False
2026-06-08,SKU-1012,Beverages,465.0,0,11447.0,14,11912.0,,False,,False,,stock_balance_reconstructed,180,established,False,False,False,False,False
2026-06-09,SKU-1012,Beverages,387.0,0,11060.0,14,11447.0,11060.0,True,0.0,False,387.0,observed,180,established,False,False,False,False,False
2026-06-10,SKU-1012,Beverages,419.0,0,10641.0,14,11060.0,10641.0,True,0.0,False,419.0,observed,180,established,False,False,False,False,False
2026-06-11,SKU-1012,Beverages,419.0,0,10222.0,14,10641.0,10222.0,True,0.0,False,419.0,observed,180,established,False,False,False,False,False
2026-06-12,SKU-1012,Beverages,440.0,0,9782.0,14,10222.0,9782.0,True,0.0,False,440.0,observed,180,established,False,False,False,False,False
2026-06-13,SKU-1012,Beverages,339.0,0,9443.0,14,9782.0,9443.0,True,0.0,False,339.0,observed,180,established,False,False,False,False,False
2026-06-14,SKU-1012,Beverages,450.0,0,8993.0,14,9443.0,8993.0,True,0.0,False,450.0,observed,180,established,False,False,False,False,False
2026-06-15,SKU-1012,Beverages,391.0,0,8602.0,14,8993.0,8602.0,True,0.0,False,391.0,observed,180,established,False,False,False,False,False
2026-06-16,SKU-1012,Beverages,470.0,0,8132.0,14,8602.0,8132.0,True,0.0,False,470.0,observed,180,established,False,False,False,False,False
2026-06-17,SKU-1012,Beverages,451.0,0,7681.0,14,8132.0,7681.0,True,0.0,False,451.0,observed,180,established,False,False,False,False,False
2026-06-18,SKU-1012,Beverages,437.0,0,7244.0,14,7681.0,7244.0,True,0.0,False,437.0,observed,180,established,False,False,False,False,False
2026-06-19,SKU-1012,Beverages,407.0,0,6837.0,14,7244.0,6837.0,True,0.0,False,407.0,observed,180,established,False,False,False,False,False
2026-06-20,SKU-1012,Beverages,369.0,0,6468.0,14,6837.0,6468.0,True,0.0,False,369.0,observed,180,established,False,False,False,False,False
2026-06-21,SKU-1012,Beverages,391.0,0,6077.0,14,6468.0,6077.0,True,0.0,False,391.0,observed,180,established,False,False,False,False,False
2026-06-22,SKU-1012,Beverages,420.0,0,5657.0,14,6077.0,5657.0,True,0.0,False,420.0,observed,180,established,False,False,False,False,False
2026-06-23,SKU-1012,Beverages,411.0,7942,13188.0,14,5657.0,13188.0,True,0.0,False,411.0,observed,180,established,False,False,False,False,False
2026-06-24,SKU-1012,Beverages,508.0,0,12680.0,14,13188.0,12680.0,True,0.0,False,508.0,observed,180,established,False,False,False,False,False
2026-06-25,SKU-1012,Beverages,351.0,0,12329.0,14,12680.0,12329.0,True,0.0,False,351.0,observed,180,established,False,False,False,False,False
2026-06-26,SKU-1012,Beverages,392.0,0,11937.0,14,12329.0,11937.0,True,0.0,False,392.0,observed,180,established,False,False,False,False,False
2026-06-27,SKU-1012,Beverages,362.0,0,11575.0,14,11937.0,11575.0,True,0.0,False,362.0,observed,180,established,False,False,False,False,False
2026-06-28,SKU-1012,Beverages,391.0,0,11184.0,14,11575.0,11184.0,True,0.0,False,391.0,observed,180,established,False,False,False,False,False
2026-06-29,SKU-1012,Beverages,413.0,0,10771.0,14,11184.0,10771.0,True,0.0,False,413.0,observed,180,established,False,False,False,False,False
2026-01-01,SKU-1013,Pasta,436.0,0,1514.0,10,,,False,,False,436.0,observed,180,established,False,False,False,False,False
2026-01-02,SKU-1013,Pasta,377.0,0,1137.0,10,1514.0,1137.0,True,0.0,False,377.0,observed,180,established,False,False,False,False,False
2026-01-03,SKU-1013,Pasta,445.0,0,692.0,10,1137.0,692.0,True,0.0,False,445.0,observed,180,established,False,False,False,False,False
2026-01-04,SKU-1013,Pasta,504.0,0,188.0,10,692.0,188.0,True,0.0,False,504.0,observed,180,established,False,False,False,False,False
2026-01-05,SKU-1013,Pasta,476.0,0,0.0,10,188.0,-288.0,False,-288.0,True,476.0,observed,180,established,False,False,False,True,False
2026-01-06,SKU-1013,Pasta,501.0,0,0.0,10,0.0,-501.0,False,-501.0,True,501.0,observed,180,established,False,False,False,True,False
2026-01-07,SKU-1013,Pasta,556.0,0,0.0,10,0.0,-556.0,False,-556.0,True,556.0,observed,180,established,False,False,False,True,False
2026-01-08,SKU-1013,Pasta,640.0,0,0.0,10,0.0,-640.0,False,-640.0,True,640.0,observed,180,established,False,False,False,True,False
2026-01-09,SKU-1013,Pasta,427.0,0,0.0,10,0.0,-427.0,False,-427.0,True,427.0,observed,180,established,False,False,False,True,False
2026-01-10,SKU-1013,Pasta,425.0,6481,6056.0,10,0.0,6056.0,True,0.0,False,425.0,observed,180,established,False,False,False,False,False
2026-01-11,SKU-1013,Pasta,321.0,0,5735.0,10,6056.0,5735.0,True,0.0,False,321.0,observed,180,established,False,False,False,False,False
2026-01-12,SKU-1013,Pasta,386.0,0,5349.0,10,5735.0,5349.0,True,0.0,False,386.0,observed,180,established,False,False,False,False,False
2026-01-13,SKU-1013,Pasta,532.0,0,4817.0,10,5349.0,4817.0,True,0.0,False,532.0,observed,180,established,False,False,False,False,False
2026-01-14,SKU-1013,Pasta,456.0,0,4361.0,10,4817.0,4361.0,True,0.0,False,456.0,observed,180,established,False,False,False,False,False
2026-01-15,SKU-1013,Pasta,1071.0,0,3290.0,10,4361.0,3290.0,True,0.0,False,1071.0,observed,180,established,False,False,False,False,False
2026-01-16,SKU-1013,Pasta,396.0,0,2894.0,10,3290.0,2894.0,True,0.0,False,396.0,observed,180,established,False,False,False,False,False
2026-01-17,SKU-1013,Pasta,473.0,0,2421.0,10,2894.0,2421.0,True,0.0,False,473.0,observed,180,established,False,False,False,False,False
2026-01-18,SKU-1013,Pasta,898.0,0,1523.0,10,2421.0,1523.0,True,0.0,False,898.0,observed,180,established,False,False,False,False,False
2026-01-19,SKU-1013,Pasta,480.0,0,1043.0,10,1523.0,1043.0,True,0.0,False,480.0,observed,180,established,False,False,False,False,False
2026-01-20,SKU-1013,Pasta,592.0,0,451.0,10,1043.0,451.0,True,0.0,False,592.0,observed,180,established,False,False,False,False,False
2026-01-21,SKU-1013,Pasta,348.0,0,103.0,10,451.0,103.0,True,0.0,False,348.0,observed,180,established,False,False,False,False,False
2026-01-22,SKU-1013,Pasta,507.0,0,0.0,10,103.0,-404.0,False,-404.0,True,507.0,observed,180,established,False,False,False,True,False
2026-01-23,SKU-1013,Pasta,415.0,0,0.0,10,0.0,-415.0,False,-415.0,True,415.0,observed,180,established,False,False,False,True,False
2026-01-24,SKU-1013,Pasta,412.0,4936,4524.0,10,0.0,4524.0,True,0.0,False,412.0,observed,180,established,False,False,False,False,False
2026-01-25,SKU-1013,Pasta,399.0,0,4125.0,10,4524.0,4125.0,True,0.0,False,399.0,observed,180,established,False,False,False,False,False
2026-01-26,SKU-1013,Pasta,309.0,0,3816.0,10,4125.0,3816.0,True,0.0,False,309.0,observed,180,established,False,False,False,False,False
2026-01-27,SKU-1013,Pasta,482.0,0,3334.0,10,3816.0,3334.0,True,0.0,False,482.0,observed,180,established,False,False,False,False,False
2026-01-28,SKU-1013,Pasta,548.0,0,2786.0,10,3334.0,2786.0,True,0.0,False,548.0,observed,180,established,False,False,False,False,False
2026-01-29,SKU-1013,Pasta,461.0,0,2325.0,10,2786.0,2325.0,True,0.0,False,461.0,observed,180,established,False,False,False,False,False
2026-01-30,SKU-1013,Pasta,604.0,4646,6367.0,10,2325.0,6367.0,True,0.0,False,604.0,observed,180,established,False,False,False,False,False
2026-01-31,SKU-1013,Pasta,416.0,0,5951.0,10,6367.0,5951.0,True,0.0,False,416.0,observed,180,established,False,False,False,False,False
2026-02-01,SKU-1013,Pasta,399.0,0,5552.0,10,5951.0,5552.0,True,0.0,False,399.0,observed,180,established,False,False,False,False,False
2026-02-02,SKU-1013,Pasta,292.0,0,5260.0,10,5552.0,5260.0,True,0.0,False,292.0,observed,180,established,False,False,False,False,False
2026-02-03,SKU-1013,Pasta,504.0,0,4756.0,10,5260.0,4756.0,True,0.0,False,504.0,observed,180,established,False,False,False,False,False
2026-02-04,SKU-1013,Pasta,581.0,0,4175.0,10,4756.0,4175.0,True,0.0,False,581.0,observed,180,established,False,False,False,False,False
2026-02-05,SKU-1013,Pasta,400.0,0,3775.0,10,4175.0,3775.0,True,0.0,False,400.0,observed,180,established,False,False,False,False,False
2026-02-06,SKU-1013,Pasta,378.0,0,3397.0,10,3775.0,3397.0,True,0.0,False,378.0,observed,180,established,False,False,False,False,False
2026-02-07,SKU-1013,Pasta,452.0,0,2945.0,10,3397.0,2945.0,True,0.0,False,452.0,observed,180,established,False,False,False,False,False
2026-02-08,SKU-1013,Pasta,413.0,0,2532.0,10,2945.0,2532.0,True,0.0,False,413.0,observed,180,established,False,False,False,False,False
2026-02-09,SKU-1013,Pasta,423.0,5185,7294.0,10,2532.0,7294.0,True,0.0,False,423.0,observed,180,established,False,False,False,False,False
2026-02-10,SKU-1013,Pasta,521.0,0,6773.0,10,7294.0,6773.0,True,0.0,False,521.0,observed,180,established,False,False,False,False,False
2026-02-11,SKU-1013,Pasta,494.0,0,6279.0,10,6773.0,6279.0,True,0.0,False,494.0,observed,180,established,False,False,False,False,False
2026-02-12,SKU-1013,Pasta,429.0,0,5850.0,10,6279.0,5850.0,True,0.0,False,429.0,observed,180,established,False,False,False,False,False
2026-02-13,SKU-1013,Pasta,518.0,0,5332.0,10,5850.0,5332.0,True,0.0,False,518.0,observed,180,established,False,False,False,False,False
2026-02-14,SKU-1013,Pasta,429.0,0,4903.0,10,5332.0,4903.0,True,0.0,False,429.0,observed,180,established,False,False,False,False,False
2026-02-15,SKU-1013,Pasta,447.0,0,4456.0,10,4903.0,4456.0,True,0.0,False,447.0,observed,180,established,False,False,False,False,False
2026-02-16,SKU-1013,Pasta,494.0,0,3962.0,10,4456.0,3962.0,True,0.0,False,494.0,observed,180,established,False,False,False,False,False
2026-02-17,SKU-1013,Pasta,532.0,0,3430.0,10,3962.0,3430.0,True,0.0,False,532.0,observed,180,established,False,False,False,False,False
2026-02-18,SKU-1013,Pasta,571.0,0,2859.0,10,3430.0,2859.0,True,0.0,False,571.0,observed,180,established,False,False,False,False,False
2026-02-19,SKU-1013,Pasta,412.0,0,2447.0,10,2859.0,2447.0,True,0.0,False,412.0,observed,180,established,False,False,False,False,False
2026-02-20,SKU-1013,Pasta,385.0,0,2062.0,10,2447.0,2062.0,True,0.0,False,385.0,observed,180,established,False,False,False,False,False
2026-02-21,SKU-1013,Pasta,404.0,6577,8235.0,10,2062.0,8235.0,True,0.0,False,404.0,observed,180,established,False,False,False,False,False
2026-02-22,SKU-1013,Pasta,491.0,0,7744.0,10,8235.0,7744.0,True,0.0,False,491.0,observed,180,established,False,False,False,False,False
2026-02-23,SKU-1013,Pasta,324.0,0,7420.0,10,7744.0,7420.0,True,0.0,False,324.0,observed,180,established,False,False,False,False,False
2026-02-24,SKU-1013,Pasta,426.0,0,6994.0,10,7420.0,6994.0,True,0.0,False,426.0,observed,180,established,False,False,False,False,False
2026-02-25,SKU-1013,Pasta,455.0,0,6539.0,10,6994.0,6539.0,True,0.0,False,455.0,observed,180,established,False,False,False,False,False
2026-02-26,SKU-1013,Pasta,638.0,0,5901.0,10,6539.0,5901.0,True,0.0,False,638.0,observed,180,established,False,False,False,False,False
2026-02-27,SKU-1013,Pasta,543.0,0,5358.0,10,5901.0,5358.0,True,0.0,False,543.0,observed,180,established,False,False,False,False,False
2026-02-28,SKU-1013,Pasta,537.0,0,4821.0,10,5358.0,4821.0,True,0.0,False,537.0,observed,180,established,False,False,False,False,False
2026-03-01,SKU-1013,Pasta,392.0,0,4429.0,10,4821.0,4429.0,True,0.0,False,392.0,observed,180,established,False,False,False,False,False
2026-03-02,SKU-1013,Pasta,553.0,0,3876.0,10,4429.0,3876.0,True,0.0,False,553.0,observed,180,established,False,False,False,False,False
2026-03-03,SKU-1013,Pasta,533.0,0,3343.0,10,3876.0,3343.0,True,0.0,False,533.0,observed,180,established,False,False,False,False,False
2026-03-04,SKU-1013,Pasta,550.0,0,2793.0,10,3343.0,2793.0,True,0.0,False,550.0,observed,180,established,False,False,False,False,False
2026-03-05,SKU-1013,Pasta,416.0,0,2377.0,10,2793.0,2377.0,True,0.0,False,416.0,observed,180,established,False,False,False,False,False
2026-03-06,SKU-1013,Pasta,543.0,0,1834.0,10,2377.0,1834.0,True,0.0,False,543.0,observed,180,established,False,False,False,False,False
2026-03-07,SKU-1013,Pasta,416.0,0,1418.0,10,1834.0,1418.0,True,0.0,False,416.0,observed,180,established,False,False,False,False,False
2026-03-08,SKU-1013,Pasta,349.0,6569,7638.0,10,1418.0,7638.0,True,0.0,False,349.0,observed,180,established,False,False,False,False,False
2026-03-09,SKU-1013,Pasta,449.0,0,7189.0,10,7638.0,7189.0,True,0.0,False,449.0,observed,180,established,False,False,False,False,False
2026-03-10,SKU-1013,Pasta,537.0,0,6652.0,10,7189.0,6652.0,True,0.0,False,537.0,observed,180,established,False,False,False,False,False
2026-03-11,SKU-1013,Pasta,473.0,0,6179.0,10,6652.0,6179.0,True,0.0,False,473.0,observed,180,established,False,False,False,False,False
2026-03-12,SKU-1013,Pasta,488.0,0,5691.0,10,6179.0,5691.0,True,0.0,False,488.0,observed,180,established,False,False,False,False,False
2026-03-13,SKU-1013,Pasta,451.0,0,5240.0,10,5691.0,5240.0,True,0.0,False,451.0,observed,180,established,False,False,False,False,False
2026-03-14,SKU-1013,Pasta,400.0,0,4840.0,10,5240.0,4840.0,True,0.0,False,400.0,observed,180,established,False,False,False,False,False
2026-03-15,SKU-1013,Pasta,397.0,0,4443.0,10,4840.0,4443.0,True,0.0,False,397.0,observed,180,established,False,False,False,False,False
2026-03-16,SKU-1013,Pasta,449.0,0,3994.0,10,4443.0,3994.0,True,0.0,False,449.0,observed,180,established,False,False,False,False,False
2026-03-17,SKU-1013,Pasta,474.0,0,3520.0,10,3994.0,3520.0,True,0.0,False,474.0,observed,180,established,False,False,False,False,False
2026-03-18,SKU-1013,Pasta,1366.0,0,2154.0,10,3520.0,2154.0,True,0.0,False,1366.0,observed,180,established,False,False,False,False,False
2026-03-19,SKU-1013,Pasta,1292.0,0,862.0,10,2154.0,862.0,True,0.0,False,1292.0,observed,180,established,False,False,False,False,False
2026-03-20,SKU-1013,Pasta,448.0,0,414.0,10,862.0,414.0,True,0.0,False,448.0,observed,180,established,False,False,False,False,False
2026-03-21,SKU-1013,Pasta,386.0,0,28.0,10,414.0,28.0,True,0.0,False,386.0,observed,180,established,False,False,False,False,False
2026-03-22,SKU-1013,Pasta,465.0,0,0.0,10,28.0,-437.0,False,-437.0,True,465.0,observed,180,established,False,False,False,True,False
2026-03-23,SKU-1013,Pasta,447.0,0,0.0,10,0.0,-447.0,False,-447.0,True,447.0,observed,180,established,False,False,False,True,False
2026-03-24,SKU-1013,Pasta,457.0,0,0.0,10,0.0,-457.0,False,-457.0,True,457.0,observed,180,established,False,False,False,True,False
2026-03-25,SKU-1013,Pasta,483.0,5799,5316.0,10,0.0,5316.0,True,0.0,False,483.0,observed,180,established,False,False,False,False,False
2026-03-26,SKU-1013,Pasta,348.0,0,4968.0,10,5316.0,4968.0,True,0.0,False,348.0,observed,180,established,False,False,False,False,False
2026-03-27,SKU-1013,Pasta,448.0,0,4520.0,10,4968.0,4520.0,True,0.0,False,448.0,observed,180,established,False,False,False,False,False
2026-03-28,SKU-1013,Pasta,499.0,0,4021.0,10,4520.0,4021.0,True,0.0,False,499.0,observed,180,established,False,False,False,False,False
2026-03-29,SKU-1013,Pasta,376.0,0,3645.0,10,4021.0,3645.0,True,0.0,False,376.0,observed,180,established,False,False,False,False,False
2026-03-30,SKU-1013,Pasta,637.0,0,3008.0,10,3645.0,3008.0,True,0.0,False,637.0,observed,180,established,False,False,False,False,False
2026-03-31,SKU-1013,Pasta,577.0,0,2431.0,10,3008.0,2431.0,True,0.0,False,577.0,observed,180,established,False,False,False,False,False
2026-04-01,SKU-1013,Pasta,565.0,0,1866.0,10,2431.0,1866.0,True,0.0,False,565.0,observed,180,established,False,False,False,False,False
2026-04-02,SKU-1013,Pasta,539.0,0,1327.0,10,1866.0,1327.0,True,0.0,False,539.0,observed,180,established,False,False,False,False,False
2026-04-03,SKU-1013,Pasta,441.0,0,886.0,10,1327.0,886.0,True,0.0,False,441.0,observed,180,established,False,False,False,False,False
2026-04-04,SKU-1013,Pasta,386.0,6215,6715.0,10,886.0,6715.0,True,0.0,False,386.0,observed,180,established,False,False,False,False,False
2026-04-05,SKU-1013,Pasta,411.0,0,6304.0,10,6715.0,6304.0,True,0.0,False,411.0,observed,180,established,False,False,False,False,False
2026-04-06,SKU-1013,Pasta,379.0,0,5925.0,10,6304.0,5925.0,True,0.0,False,379.0,observed,180,established,False,False,False,False,False
2026-04-07,SKU-1013,Pasta,477.0,0,5448.0,10,5925.0,5448.0,True,0.0,False,477.0,observed,180,established,False,False,False,False,False
2026-04-08,SKU-1013,Pasta,481.0,0,4967.0,10,5448.0,4967.0,True,0.0,False,481.0,observed,180,established,False,False,False,False,False
2026-04-09,SKU-1013,Pasta,610.0,0,4357.0,10,4967.0,4357.0,True,0.0,False,610.0,observed,180,established,False,False,False,False,False
2026-04-10,SKU-1013,Pasta,451.0,0,3906.0,10,4357.0,3906.0,True,0.0,False,451.0,observed,180,established,False,False,False,False,False
2026-04-11,SKU-1013,Pasta,386.0,0,3520.0,10,3906.0,3520.0,True,0.0,False,386.0,observed,180,established,False,False,False,False,False
2026-04-12,SKU-1013,Pasta,422.0,6375,9473.0,10,3520.0,9473.0,True,0.0,False,422.0,observed,180,established,False,False,False,False,False
2026-04-13,SKU-1013,Pasta,497.0,0,8976.0,10,9473.0,8976.0,True,0.0,False,497.0,observed,180,established,False,False,False,False,False
2026-04-14,SKU-1013,Pasta,585.0,0,8391.0,10,8976.0,8391.0,True,0.0,False,585.0,observed,180,established,False,False,False,False,False
2026-04-15,SKU-1013,Pasta,617.0,0,7774.0,10,8391.0,7774.0,True,0.0,False,617.0,observed,180,established,False,False,False,False,False
2026-04-16,SKU-1013,Pasta,623.0,0,7151.0,10,7774.0,7151.0,True,0.0,False,623.0,observed,180,established,False,False,False,False,False
2026-04-17,SKU-1013,Pasta,416.0,0,6735.0,10,7151.0,6735.0,True,0.0,False,416.0,observed,180,established,False,False,False,False,False
2026-04-18,SKU-1013,Pasta,384.0,0,6351.0,10,6735.0,6351.0,True,0.0,False,384.0,observed,180,established,False,False,False,False,False
2026-04-19,SKU-1013,Pasta,394.0,0,5957.0,10,6351.0,5957.0,True,0.0,False,394.0,observed,180,established,False,False,False,False,False
2026-04-20,SKU-1013,Pasta,410.0,0,5547.0,10,5957.0,5547.0,True,0.0,False,410.0,observed,180,established,False,False,False,False,False
2026-04-21,SKU-1013,Pasta,575.0,0,4972.0,10,5547.0,4972.0,True,0.0,False,575.0,observed,180,established,False,False,False,False,False
2026-04-22,SKU-1013,Pasta,420.0,0,4552.0,10,4972.0,4552.0,True,0.0,False,420.0,observed,180,established,False,False,False,False,False
2026-04-23,SKU-1013,Pasta,567.0,0,3985.0,10,4552.0,3985.0,True,0.0,False,567.0,observed,180,established,False,False,False,False,False
2026-04-24,SKU-1013,Pasta,352.0,0,3633.0,10,3985.0,3633.0,True,0.0,False,352.0,observed,180,established,False,False,False,False,False
2026-04-25,SKU-1013,Pasta,334.0,0,3299.0,10,3633.0,3299.0,True,0.0,False,334.0,observed,180,established,False,False,False,False,False
2026-04-26,SKU-1013,Pasta,402.0,0,2897.0,10,3299.0,2897.0,True,0.0,False,402.0,observed,180,established,False,False,False,False,False
2026-04-27,SKU-1013,Pasta,519.0,0,2378.0,10,2897.0,2378.0,True,0.0,False,519.0,observed,180,established,False,False,False,False,False
2026-04-28,SKU-1013,Pasta,535.0,0,1843.0,10,2378.0,1843.0,True,0.0,False,535.0,observed,180,established,False,False,False,False,False
2026-04-29,SKU-1013,Pasta,460.0,0,1383.0,10,1843.0,1383.0,True,0.0,False,460.0,observed,180,established,False,False,False,False,False
2026-04-30,SKU-1013,Pasta,336.0,0,1047.0,10,1383.0,1047.0,True,0.0,False,336.0,observed,180,established,False,False,False,False,False
2026-05-01,SKU-1013,Pasta,470.0,5258,5835.0,10,1047.0,5835.0,True,0.0,False,470.0,observed,180,established,False,False,False,False,False
2026-05-02,SKU-1013,Pasta,436.0,0,5399.0,10,5835.0,5399.0,True,0.0,False,436.0,observed,180,established,False,False,False,False,False
2026-05-03,SKU-1013,Pasta,400.0,0,4999.0,10,5399.0,4999.0,True,0.0,False,400.0,observed,180,established,False,False,False,False,False
2026-05-04,SKU-1013,Pasta,471.0,0,4528.0,10,4999.0,4528.0,True,0.0,False,471.0,observed,180,established,False,False,False,False,False
2026-05-05,SKU-1013,Pasta,388.0,0,4140.0,10,4528.0,4140.0,True,0.0,False,388.0,observed,180,established,False,False,False,False,False
2026-05-06,SKU-1013,Pasta,464.0,0,3676.0,10,4140.0,3676.0,True,0.0,False,464.0,observed,180,established,False,False,False,False,False
2026-05-07,SKU-1013,Pasta,494.0,0,3182.0,10,3676.0,3182.0,True,0.0,False,494.0,observed,180,established,False,False,False,False,False
2026-05-08,SKU-1013,Pasta,521.0,5032,7693.0,10,3182.0,7693.0,True,0.0,False,521.0,observed,180,established,False,False,False,False,False
2026-05-09,SKU-1013,Pasta,365.0,0,7328.0,10,7693.0,7328.0,True,0.0,False,365.0,observed,180,established,False,False,False,False,False
2026-05-10,SKU-1013,Pasta,941.0,0,6387.0,10,7328.0,6387.0,True,0.0,False,941.0,observed,180,established,False,False,False,False,False
2026-05-11,SKU-1013,Pasta,493.0,0,5894.0,10,6387.0,5894.0,True,0.0,False,493.0,observed,180,established,False,False,False,False,False
2026-05-12,SKU-1013,Pasta,322.0,0,5572.0,10,5894.0,5572.0,True,0.0,False,322.0,observed,180,established,False,False,False,False,False
2026-05-13,SKU-1013,Pasta,535.0,0,5037.0,10,5572.0,5037.0,True,0.0,False,535.0,observed,180,established,False,False,False,False,False
2026-05-14,SKU-1013,Pasta,473.0,0,4564.0,10,5037.0,,False,,False,,stock_balance_reconstructed,180,established,False,False,False,False,False
2026-05-15,SKU-1013,Pasta,376.0,0,4188.0,10,4564.0,4188.0,True,0.0,False,376.0,observed,180,established,False,False,False,False,False
2026-05-16,SKU-1013,Pasta,228.0,0,3960.0,10,4188.0,3960.0,True,0.0,False,228.0,observed,180,established,False,False,False,False,False
2026-05-17,SKU-1013,Pasta,367.0,0,3593.0,10,3960.0,3593.0,True,0.0,False,367.0,observed,180,established,False,False,False,False,False
2026-05-18,SKU-1013,Pasta,416.0,0,3177.0,10,3593.0,3177.0,True,0.0,False,416.0,observed,180,established,False,False,False,False,False
2026-05-19,SKU-1013,Pasta,514.0,0,2663.0,10,3177.0,2663.0,True,0.0,False,514.0,observed,180,established,False,False,False,False,False
2026-05-20,SKU-1013,Pasta,422.0,5661,7902.0,10,2663.0,7902.0,True,0.0,False,422.0,observed,180,established,False,False,False,False,False
2026-05-21,SKU-1013,Pasta,524.0,0,7378.0,10,7902.0,7378.0,True,0.0,False,524.0,observed,180,established,False,False,False,False,False
2026-05-22,SKU-1013,Pasta,436.0,0,6942.0,10,7378.0,6942.0,True,0.0,False,436.0,observed,180,established,False,False,False,False,False
2026-05-23,SKU-1013,Pasta,368.0,0,6574.0,10,6942.0,6574.0,True,0.0,False,368.0,observed,180,established,False,False,False,False,False
2026-05-24,SKU-1013,Pasta,479.0,0,6095.0,10,6574.0,6095.0,True,0.0,False,479.0,observed,180,established,False,False,False,False,False
2026-05-25,SKU-1013,Pasta,491.0,0,5604.0,10,6095.0,5604.0,True,0.0,False,491.0,observed,180,established,False,False,False,False,False
2026-05-26,SKU-1013,Pasta,416.0,0,5188.0,10,5604.0,5188.0,True,0.0,False,416.0,observed,180,established,False,False,False,False,False
2026-05-27,SKU-1013,Pasta,430.0,0,4758.0,10,5188.0,4758.0,True,0.0,False,430.0,observed,180,established,False,False,False,False,False
2026-05-28,SKU-1013,Pasta,505.0,0,4253.0,10,4758.0,4253.0,True,0.0,False,505.0,observed,180,established,False,False,False,False,False
2026-05-29,SKU-1013,Pasta,372.0,0,3881.0,10,4253.0,3881.0,True,0.0,False,372.0,observed,180,established,False,False,False,False,False
2026-05-30,SKU-1013,Pasta,485.0,0,3396.0,10,3881.0,3396.0,True,0.0,False,485.0,observed,180,established,False,False,False,False,False
2026-05-31,SKU-1013,Pasta,442.0,0,2954.0,10,3396.0,2954.0,True,0.0,False,442.0,observed,180,established,False,False,False,False,False
2026-06-01,SKU-1013,Pasta,432.0,0,2522.0,10,2954.0,2522.0,True,0.0,False,432.0,observed,180,established,False,False,False,False,False
2026-06-02,SKU-1013,Pasta,579.0,0,1943.0,10,2522.0,1943.0,True,0.0,False,579.0,observed,180,established,False,False,False,False,False
2026-06-03,SKU-1013,Pasta,485.0,0,1458.0,10,1943.0,1458.0,True,0.0,False,485.0,observed,180,established,False,False,False,False,False
2026-06-04,SKU-1013,Pasta,517.0,0,941.0,10,1458.0,941.0,True,0.0,False,517.0,observed,180,established,False,False,False,False,False
2026-06-05,SKU-1013,Pasta,457.0,4717,5201.0,10,941.0,5201.0,True,0.0,False,457.0,observed,180,established,False,False,False,False,False
2026-06-06,SKU-1013,Pasta,392.0,0,4809.0,10,5201.0,4809.0,True,0.0,False,392.0,observed,180,established,False,False,False,False,False
2026-06-07,SKU-1013,Pasta,382.0,0,4427.0,10,4809.0,4427.0,True,0.0,False,382.0,observed,180,established,False,False,False,False,False
2026-06-08,SKU-1013,Pasta,434.0,0,3993.0,10,4427.0,3993.0,True,0.0,False,434.0,observed,180,established,False,False,False,False,False
2026-06-09,SKU-1013,Pasta,427.0,0,3566.0,10,3993.0,3566.0,True,0.0,False,427.0,observed,180,established,False,False,False,False,False
2026-06-10,SKU-1013,Pasta,452.0,0,3114.0,10,3566.0,3114.0,True,0.0,False,452.0,observed,180,established,False,False,False,False,False
2026-06-11,SKU-1013,Pasta,615.0,0,2499.0,10,3114.0,2499.0,True,0.0,False,615.0,observed,180,established,False,False,False,False,False
2026-06-12,SKU-1013,Pasta,483.0,5844,7860.0,10,2499.0,,False,,False,,stock_balance_reconstructed,180,established,False,False,False,False,False
2026-06-13,SKU-1013,Pasta,419.0,0,7441.0,10,7860.0,7441.0,True,0.0,False,419.0,observed,180,established,False,False,False,False,False
2026-06-14,SKU-1013,Pasta,529.0,0,6912.0,10,7441.0,6912.0,True,0.0,False,529.0,observed,180,established,False,False,False,False,False
2026-06-15,SKU-1013,Pasta,612.0,0,6300.0,10,6912.0,6300.0,True,0.0,False,612.0,observed,180,established,False,False,False,False,False
2026-06-16,SKU-1013,Pasta,609.0,0,5691.0,10,6300.0,5691.0,True,0.0,False,609.0,observed,180,established,False,False,False,False,False
2026-06-17,SKU-1013,Pasta,472.0,0,5219.0,10,5691.0,5219.0,True,0.0,False,472.0,observed,180,established,False,False,False,False,False
2026-06-18,SKU-1013,Pasta,481.0,0,4738.0,10,5219.0,4738.0,True,0.0,False,481.0,observed,180,established,False,False,False,False,False
2026-06-19,SKU-1013,Pasta,463.0,0,4275.0,10,4738.0,4275.0,True,0.0,False,463.0,observed,180,established,False,False,False,False,False
2026-06-20,SKU-1013,Pasta,475.0,0,3800.0,10,4275.0,3800.0,True,0.0,False,475.0,observed,180,established,False,False,False,False,False
2026-06-21,SKU-1013,Pasta,396.0,0,3404.0,10,3800.0,3404.0,True,0.0,False,396.0,observed,180,established,False,False,False,False,False
2026-06-22,SKU-1013,Pasta,458.0,0,2946.0,10,3404.0,2946.0,True,0.0,False,458.0,observed,180,established,False,False,False,False,False
2026-06-23,SKU-1013,Pasta,451.0,4806,7301.0,10,2946.0,7301.0,True,0.0,False,451.0,observed,180,established,False,False,False,False,False
2026-06-24,SKU-1013,Pasta,488.0,0,6813.0,10,7301.0,6813.0,True,0.0,False,488.0,observed,180,established,False,False,False,False,False
2026-06-25,SKU-1013,Pasta,433.0,0,6380.0,10,6813.0,6380.0,True,0.0,False,433.0,observed,180,established,False,False,False,False,False
2026-06-26,SKU-1013,Pasta,524.0,0,5856.0,10,6380.0,5856.0,True,0.0,False,524.0,observed,180,established,False,False,False,False,False
2026-06-27,SKU-1013,Pasta,494.0,0,5362.0,10,5856.0,5362.0,True,0.0,False,494.0,observed,180,established,False,False,False,False,False
2026-06-28,SKU-1013,Pasta,495.0,0,4867.0,10,5362.0,4867.0,True,0.0,False,495.0,observed,180,established,False,False,False,False,False
2026-06-29,SKU-1013,Pasta,472.0,0,4395.0,10,4867.0,4395.0,True,0.0,False,472.0,observed,180,established,False,False,False,False,False
2026-01-01,SKU-1014,Snacks,345.0,0,1726.0,7,,,False,,False,345.0,observed,180,established,False,False,False,False,False
2026-01-02,SKU-1014,Snacks,207.0,2945,4464.0,7,1726.0,4464.0,True,0.0,False,207.0,observed,180,established,False,False,False,False,False
2026-01-03,SKU-1014,Snacks,251.0,0,4213.0,7,4464.0,4213.0,True,0.0,False,251.0,observed,180,established,False,False,False,False,False
2026-01-04,SKU-1014,Snacks,197.0,0,4016.0,7,4213.0,4016.0,True,0.0,False,197.0,observed,180,established,False,False,False,False,False
2026-01-05,SKU-1014,Snacks,382.0,0,3634.0,7,4016.0,3634.0,True,0.0,False,382.0,observed,180,established,False,False,False,False,False
2026-01-06,SKU-1014,Snacks,296.0,0,3338.0,7,3634.0,3338.0,True,0.0,False,296.0,observed,180,established,False,False,False,False,False
2026-01-07,SKU-1014,Snacks,264.0,0,3074.0,7,3338.0,3074.0,True,0.0,False,264.0,observed,180,established,False,False,False,False,False
2026-01-08,SKU-1014,Snacks,332.0,0,2742.0,7,3074.0,2742.0,True,0.0,False,332.0,observed,180,established,False,False,False,False,False
2026-01-09,SKU-1014,Snacks,268.0,0,2474.0,7,2742.0,2474.0,True,0.0,False,268.0,observed,180,established,False,False,False,False,False
2026-01-10,SKU-1014,Snacks,293.0,0,2181.0,7,2474.0,2181.0,True,0.0,False,293.0,observed,180,established,False,False,False,False,False
2026-01-11,SKU-1014,Snacks,217.0,0,1964.0,7,2181.0,1964.0,True,0.0,False,217.0,observed,180,established,False,False,False,False,False
2026-01-12,SKU-1014,Snacks,253.0,0,1711.0,7,1964.0,1711.0,True,0.0,False,253.0,observed,180,established,False,False,False,False,False
2026-01-13,SKU-1014,Snacks,240.0,0,1471.0,7,1711.0,1471.0,True,0.0,False,240.0,observed,180,established,False,False,False,False,False
2026-01-14,SKU-1014,Snacks,392.0,0,1079.0,7,1471.0,1079.0,True,0.0,False,392.0,observed,180,established,False,False,False,False,False
2026-01-15,SKU-1014,Snacks,373.0,2987,3693.0,7,1079.0,3693.0,True,0.0,False,373.0,observed,180,established,False,False,False,False,False
2026-01-16,SKU-1014,Snacks,144.0,0,3549.0,7,3693.0,3549.0,True,0.0,False,144.0,observed,180,established,False,False,False,False,False
2026-01-17,SKU-1014,Snacks,182.0,0,3367.0,7,3549.0,3367.0,True,0.0,False,182.0,observed,180,established,False,False,False,False,False
2026-01-18,SKU-1014,Snacks,308.0,0,3059.0,7,3367.0,3059.0,True,0.0,False,308.0,observed,180,established,False,False,False,False,False
2026-01-19,SKU-1014,Snacks,360.0,0,2699.0,7,3059.0,2699.0,True,0.0,False,360.0,observed,180,established,False,False,False,False,False
2026-01-20,SKU-1014,Snacks,340.0,0,2359.0,7,2699.0,2359.0,True,0.0,False,340.0,observed,180,established,False,False,False,False,False
2026-01-21,SKU-1014,Snacks,229.0,0,2130.0,7,2359.0,2130.0,True,0.0,False,229.0,observed,180,established,False,False,False,False,False
2026-01-22,SKU-1014,Snacks,298.0,0,1832.0,7,2130.0,1832.0,True,0.0,False,298.0,observed,180,established,False,False,False,False,False
2026-01-23,SKU-1014,Snacks,327.0,0,1505.0,7,1832.0,1505.0,True,0.0,False,327.0,observed,180,established,False,False,False,False,False
2026-01-24,SKU-1014,Snacks,409.0,0,1096.0,7,1505.0,1096.0,True,0.0,False,409.0,observed,180,established,False,False,False,False,False
2026-01-25,SKU-1014,Snacks,212.0,0,884.0,7,1096.0,884.0,True,0.0,False,212.0,observed,180,established,False,False,False,False,False
2026-01-26,SKU-1014,Snacks,184.0,0,700.0,7,884.0,700.0,True,0.0,False,184.0,observed,180,established,False,False,False,False,False
2026-01-27,SKU-1014,Snacks,181.0,0,519.0,7,700.0,519.0,True,0.0,False,181.0,observed,180,established,False,False,False,False,False
2026-01-28,SKU-1014,Snacks,412.0,0,107.0,7,519.0,107.0,True,0.0,False,412.0,observed,180,established,False,False,False,False,False
2026-01-29,SKU-1014,Snacks,297.0,0,0.0,7,107.0,-190.0,False,-190.0,True,297.0,observed,180,established,False,False,False,True,False
2026-01-30,SKU-1014,Snacks,194.0,0,0.0,7,0.0,-194.0,False,-194.0,True,194.0,observed,180,established,False,False,False,True,False
2026-01-31,SKU-1014,Snacks,31.0,2653,2622.0,7,0.0,2622.0,True,0.0,False,31.0,observed,180,established,False,False,False,False,False
2026-02-01,SKU-1014,Snacks,191.0,0,2431.0,7,2622.0,2431.0,True,0.0,False,191.0,observed,180,established,False,False,False,False,False
2026-02-02,SKU-1014,Snacks,286.0,0,2145.0,7,2431.0,2145.0,True,0.0,False,286.0,observed,180,established,False,False,False,False,False
2026-02-03,SKU-1014,Snacks,300.0,0,1845.0,7,2145.0,1845.0,True,0.0,False,300.0,observed,180,established,False,False,False,False,False
2026-02-04,SKU-1014,Snacks,316.0,0,,7,1845.0,1529.0,False,,False,316.0,observed,180,established,False,True,False,False,False
2026-02-05,SKU-1014,Snacks,199.0,0,1330.0,7,,,False,,False,199.0,observed,180,established,False,False,False,False,False
2026-02-06,SKU-1014,Snacks,193.0,0,1137.0,7,1330.0,1137.0,True,0.0,False,193.0,observed,180,established,False,False,False,False,False
2026-02-07,SKU-1014,Snacks,239.0,2727,3625.0,7,1137.0,3625.0,True,0.0,False,239.0,observed,180,established,False,False,False,False,False
2026-02-08,SKU-1014,Snacks,257.0,0,3368.0,7,3625.0,3368.0,True,0.0,False,257.0,observed,180,established,False,False,False,False,False
2026-02-09,SKU-1014,Snacks,235.0,0,3133.0,7,3368.0,3133.0,True,0.0,False,235.0,observed,180,established,False,False,False,False,False
2026-02-10,SKU-1014,Snacks,256.0,0,2877.0,7,3133.0,2877.0,True,0.0,False,256.0,observed,180,established,False,False,False,False,False
2026-02-11,SKU-1014,Snacks,277.0,0,2600.0,7,2877.0,2600.0,True,0.0,False,277.0,observed,180,established,False,False,False,False,False
2026-02-12,SKU-1014,Snacks,180.0,0,2420.0,7,2600.0,2420.0,True,0.0,False,180.0,observed,180,established,False,False,False,False,False
2026-02-13,SKU-1014,Snacks,240.0,0,2180.0,7,2420.0,2180.0,True,0.0,False,240.0,observed,180,established,False,False,False,False,False
2026-02-14,SKU-1014,Snacks,242.0,0,1938.0,7,2180.0,1938.0,True,0.0,False,242.0,observed,180,established,False,False,False,False,False
2026-02-15,SKU-1014,Snacks,342.0,0,1596.0,7,1938.0,1596.0,True,0.0,False,342.0,observed,180,established,False,False,False,False,False
2026-02-16,SKU-1014,Snacks,347.0,0,1249.0,7,1596.0,1249.0,True,0.0,False,347.0,observed,180,established,False,False,False,False,False
2026-02-17,SKU-1014,Snacks,110.0,0,1139.0,7,1249.0,1139.0,True,0.0,False,110.0,observed,180,established,False,False,False,False,False
2026-02-18,SKU-1014,Snacks,340.0,0,799.0,7,1139.0,799.0,True,0.0,False,340.0,observed,180,established,False,False,False,False,False
2026-02-19,SKU-1014,Snacks,354.0,2064,2509.0,7,799.0,2509.0,True,0.0,False,354.0,observed,180,established,False,False,False,False,False
2026-02-20,SKU-1014,Snacks,641.0,0,1868.0,7,2509.0,1868.0,True,0.0,False,641.0,observed,180,established,False,False,False,False,False
2026-02-21,SKU-1014,Snacks,245.0,0,1623.0,7,1868.0,1623.0,True,0.0,False,245.0,observed,180,established,False,False,False,False,False
2026-02-22,SKU-1014,Snacks,234.0,2674,4063.0,7,1623.0,4063.0,True,0.0,False,234.0,observed,180,established,False,False,False,False,False
2026-02-23,SKU-1014,Snacks,167.0,0,3896.0,7,4063.0,3896.0,True,0.0,False,167.0,observed,180,established,False,False,False,False,False
2026-02-24,SKU-1014,Snacks,241.0,0,3655.0,7,3896.0,3655.0,True,0.0,False,241.0,observed,180,established,False,False,False,False,False
2026-02-25,SKU-1014,Snacks,294.0,0,3361.0,7,3655.0,3361.0,True,0.0,False,294.0,observed,180,established,False,False,False,False,False
2026-02-26,SKU-1014,Snacks,305.0,0,3056.0,7,3361.0,3056.0,True,0.0,False,305.0,observed,180,established,False,False,False,False,False
2026-02-27,SKU-1014,Snacks,339.0,0,2717.0,7,3056.0,2717.0,True,0.0,False,339.0,observed,180,established,False,False,False,False,False
2026-02-28,SKU-1014,Snacks,209.0,0,2508.0,7,2717.0,2508.0,True,0.0,False,209.0,observed,180,established,False,False,False,False,False
2026-03-01,SKU-1014,Snacks,247.0,0,2261.0,7,2508.0,2261.0,True,0.0,False,247.0,observed,180,established,False,False,False,False,False
2026-03-02,SKU-1014,Snacks,220.0,0,2041.0,7,2261.0,2041.0,True,0.0,False,220.0,observed,180,established,False,False,False,False,False
2026-03-03,SKU-1014,Snacks,273.0,0,1768.0,7,2041.0,1768.0,True,0.0,False,273.0,observed,180,established,False,False,False,False,False
2026-03-04,SKU-1014,Snacks,263.0,0,1505.0,7,1768.0,1505.0,True,0.0,False,263.0,observed,180,established,False,False,False,False,False
2026-03-05,SKU-1014,Snacks,304.0,2077,3278.0,7,1505.0,3278.0,True,0.0,False,304.0,observed,180,established,False,False,False,False,False
2026-03-06,SKU-1014,Snacks,292.0,0,2986.0,7,3278.0,2986.0,True,0.0,False,292.0,observed,180,established,False,False,False,False,False
2026-03-07,SKU-1014,Snacks,214.0,0,2772.0,7,2986.0,2772.0,True,0.0,False,214.0,observed,180,established,False,False,False,False,False
2026-03-08,SKU-1014,Snacks,311.0,0,2461.0,7,2772.0,2461.0,True,0.0,False,311.0,observed,180,established,False,False,False,False,False
2026-03-09,SKU-1014,Snacks,322.0,0,2139.0,7,2461.0,2139.0,True,0.0,False,322.0,observed,180,established,False,False,False,False,False
2026-03-10,SKU-1014,Snacks,311.0,0,1828.0,7,2139.0,1828.0,True,0.0,False,311.0,observed,180,established,False,False,False,False,False
2026-03-11,SKU-1014,Snacks,650.0,0,1178.0,7,1828.0,1178.0,True,0.0,False,650.0,observed,180,established,False,False,False,False,False
2026-03-12,SKU-1014,Snacks,311.0,0,867.0,7,1178.0,867.0,True,0.0,False,311.0,observed,180,established,False,False,False,False,False
2026-03-13,SKU-1014,Snacks,224.0,0,643.0,7,867.0,643.0,True,0.0,False,224.0,observed,180,established,False,False,False,False,False
2026-03-14,SKU-1014,Snacks,286.0,0,357.0,7,643.0,357.0,True,0.0,False,286.0,observed,180,established,False,False,False,False,False
2026-03-15,SKU-1014,Snacks,422.0,0,0.0,7,357.0,-65.0,False,-65.0,True,422.0,observed,180,established,False,False,False,True,False
2026-03-16,SKU-1014,Snacks,310.0,0,0.0,7,0.0,-310.0,False,-310.0,True,310.0,observed,180,established,False,False,False,True,False
2026-03-17,SKU-1014,Snacks,329.0,0,0.0,7,0.0,-329.0,False,-329.0,True,329.0,observed,180,established,False,False,False,True,False
2026-03-18,SKU-1014,Snacks,364.0,0,0.0,7,0.0,-364.0,False,-364.0,True,364.0,observed,180,established,False,False,False,True,False
2026-03-19,SKU-1014,Snacks,155.0,2282,2127.0,7,0.0,2127.0,True,0.0,False,155.0,observed,180,established,False,False,False,False,False
2026-03-20,SKU-1014,Snacks,211.0,0,1916.0,7,2127.0,1916.0,True,0.0,False,211.0,observed,180,established,False,False,False,False,False
2026-03-21,SKU-1014,Snacks,263.0,0,1653.0,7,1916.0,1653.0,True,0.0,False,263.0,observed,180,established,False,False,False,False,False
2026-03-22,SKU-1014,Snacks,94.0,0,1559.0,7,1653.0,1559.0,True,0.0,False,94.0,observed,180,established,False,False,False,False,False
2026-03-23,SKU-1014,Snacks,259.0,0,1300.0,7,1559.0,1300.0,True,0.0,False,259.0,observed,180,established,False,False,False,False,False
2026-03-24,SKU-1014,Snacks,341.0,2546,3505.0,7,1300.0,3505.0,True,0.0,False,341.0,observed,180,established,False,False,False,False,False
2026-03-25,SKU-1014,Snacks,238.0,0,3267.0,7,3505.0,3267.0,True,0.0,False,238.0,observed,180,established,False,False,False,False,False
2026-03-26,SKU-1014,Snacks,330.0,0,2937.0,7,3267.0,2937.0,True,0.0,False,330.0,observed,180,established,False,False,False,False,False
2026-03-27,SKU-1014,Snacks,286.0,0,2651.0,7,2937.0,2651.0,True,0.0,False,286.0,observed,180,established,False,False,False,False,False
2026-03-28,SKU-1014,Snacks,201.0,0,2450.0,7,2651.0,2450.0,True,0.0,False,201.0,observed,180,established,False,False,False,False,False
2026-03-29,SKU-1014,Snacks,317.0,0,2133.0,7,2450.0,2133.0,True,0.0,False,317.0,observed,180,established,False,False,False,False,False
2026-03-30,SKU-1014,Snacks,331.0,0,1802.0,7,2133.0,1802.0,True,0.0,False,331.0,observed,180,established,False,False,False,False,False
2026-03-31,SKU-1014,Snacks,414.0,0,1388.0,7,1802.0,1388.0,True,0.0,False,414.0,observed,180,established,False,False,False,False,False
2026-04-01,SKU-1014,Snacks,268.0,0,1120.0,7,1388.0,,False,,False,,stock_balance_reconstructed,180,established,False,False,False,False,False
2026-04-02,SKU-1014,Snacks,237.0,2515,3398.0,7,1120.0,3398.0,True,0.0,False,237.0,observed,180,established,False,False,False,False,False
2026-04-03,SKU-1014,Snacks,177.0,0,3221.0,7,3398.0,3221.0,True,0.0,False,177.0,observed,180,established,False,False,False,False,False
2026-04-04,SKU-1014,Snacks,261.0,0,2960.0,7,3221.0,2960.0,True,0.0,False,261.0,observed,180,established,False,False,False,False,False
2026-04-05,SKU-1014,Snacks,268.0,0,2692.0,7,2960.0,2692.0,True,0.0,False,268.0,observed,180,established,False,False,False,False,False
2026-04-06,SKU-1014,Snacks,157.0,0,2535.0,7,2692.0,2535.0,True,0.0,False,157.0,observed,180,established,False,False,False,False,False
2026-04-07,SKU-1014,Snacks,325.0,0,2210.0,7,2535.0,2210.0,True,0.0,False,325.0,observed,180,established,False,False,False,False,False
2026-04-08,SKU-1014,Snacks,382.0,0,1828.0,7,2210.0,1828.0,True,0.0,False,382.0,observed,180,established,False,False,False,False,False
2026-04-09,SKU-1014,Snacks,211.0,0,1617.0,7,1828.0,1617.0,True,0.0,False,211.0,observed,180,established,False,False,False,False,False
2026-04-10,SKU-1014,Snacks,234.0,0,1383.0,7,1617.0,1383.0,True,0.0,False,234.0,observed,180,established,False,False,False,False,False
2026-04-11,SKU-1014,Snacks,213.0,0,1170.0,7,1383.0,1170.0,True,0.0,False,213.0,observed,180,established,False,False,False,False,False
2026-04-12,SKU-1014,Snacks,306.0,0,864.0,7,1170.0,864.0,True,0.0,False,306.0,observed,180,established,False,False,False,False,False
2026-04-13,SKU-1014,Snacks,543.0,0,321.0,7,864.0,321.0,True,0.0,False,543.0,observed,180,established,False,False,False,False,False
2026-04-14,SKU-1014,Snacks,315.0,0,6.0,7,321.0,6.0,True,0.0,False,315.0,observed,180,established,False,False,False,False,False
2026-04-15,SKU-1014,Snacks,377.0,0,0.0,7,6.0,-371.0,False,-371.0,True,377.0,observed,180,established,False,False,False,True,False
2026-04-16,SKU-1014,Snacks,291.0,0,0.0,7,0.0,-291.0,False,-291.0,True,291.0,observed,180,established,False,False,False,True,False
2026-04-17,SKU-1014,Snacks,193.0,0,0.0,7,0.0,-193.0,False,-193.0,True,193.0,observed,180,established,False,False,False,True,False
2026-04-18,SKU-1014,Snacks,239.0,2473,2234.0,7,0.0,2234.0,True,0.0,False,239.0,observed,180,established,False,False,False,False,False
2026-04-19,SKU-1014,Snacks,170.0,0,2064.0,7,2234.0,2064.0,True,0.0,False,170.0,observed,180,established,False,False,False,False,False
2026-04-20,SKU-1014,Snacks,328.0,0,1736.0,7,2064.0,1736.0,True,0.0,False,328.0,observed,180,established,False,False,False,False,False
2026-04-21,SKU-1014,Snacks,316.0,0,1420.0,7,1736.0,1420.0,True,0.0,False,316.0,observed,180,established,False,False,False,False,False
2026-04-22,SKU-1014,Snacks,243.0,0,1177.0,7,1420.0,1177.0,True,0.0,False,243.0,observed,180,established,False,False,False,False,False
2026-04-23,SKU-1014,Snacks,299.0,0,878.0,7,1177.0,878.0,True,0.0,False,299.0,observed,180,established,False,False,False,False,False
2026-04-24,SKU-1014,Snacks,234.0,0,644.0,7,878.0,644.0,True,0.0,False,234.0,observed,180,established,False,False,False,False,False
2026-04-25,SKU-1014,Snacks,228.0,0,416.0,7,644.0,416.0,True,0.0,False,228.0,observed,180,established,False,False,False,False,False
2026-04-26,SKU-1014,Snacks,212.0,0,204.0,7,416.0,204.0,True,0.0,False,212.0,observed,180,established,False,False,False,False,False
2026-04-27,SKU-1014,Snacks,408.0,2572,2368.0,7,204.0,2368.0,True,0.0,False,408.0,observed,180,established,False,False,False,False,False
2026-04-28,SKU-1014,Snacks,328.0,0,2040.0,7,2368.0,2040.0,True,0.0,False,328.0,observed,180,established,False,False,False,False,False
2026-04-29,SKU-1014,Snacks,321.0,0,1719.0,7,2040.0,1719.0,True,0.0,False,321.0,observed,180,established,False,False,False,False,False
2026-04-30,SKU-1014,Snacks,273.0,0,1446.0,7,1719.0,1446.0,True,0.0,False,273.0,observed,180,established,False,False,False,False,False
2026-05-01,SKU-1014,Snacks,268.0,2293,3471.0,7,1446.0,3471.0,True,0.0,False,268.0,observed,180,established,False,False,False,False,False
2026-05-02,SKU-1014,Snacks,240.0,0,3231.0,7,3471.0,3231.0,True,0.0,False,240.0,observed,180,established,False,False,False,False,False
2026-05-03,SKU-1014,Snacks,213.0,0,3018.0,7,3231.0,3018.0,True,0.0,False,213.0,observed,180,established,False,False,False,False,False
2026-05-04,SKU-1014,Snacks,207.0,0,2811.0,7,3018.0,2811.0,True,0.0,False,207.0,observed,180,established,False,False,False,False,False
2026-05-05,SKU-1014,Snacks,263.0,0,2548.0,7,2811.0,2548.0,True,0.0,False,263.0,observed,180,established,False,False,False,False,False
2026-05-06,SKU-1014,Snacks,412.0,0,2136.0,7,2548.0,2136.0,True,0.0,False,412.0,observed,180,established,False,False,False,False,False
2026-05-07,SKU-1014,Snacks,376.0,0,1760.0,7,2136.0,1760.0,True,0.0,False,376.0,observed,180,established,False,False,False,False,False
2026-05-08,SKU-1014,Snacks,255.0,2870,4375.0,7,1760.0,4375.0,True,0.0,False,255.0,observed,180,established,False,False,False,False,False
2026-05-09,SKU-1014,Snacks,242.0,0,4133.0,7,4375.0,4133.0,True,0.0,False,242.0,observed,180,established,False,False,False,False,False
2026-05-10,SKU-1014,Snacks,241.0,0,3892.0,7,4133.0,3892.0,True,0.0,False,241.0,observed,180,established,False,False,False,False,False
2026-05-11,SKU-1014,Snacks,207.0,0,3685.0,7,3892.0,3685.0,True,0.0,False,207.0,observed,180,established,False,False,False,False,False
2026-05-12,SKU-1014,Snacks,258.0,0,3427.0,7,3685.0,3427.0,True,0.0,False,258.0,observed,180,established,False,False,False,False,False
2026-05-13,SKU-1014,Snacks,372.0,0,3055.0,7,3427.0,3055.0,True,0.0,False,372.0,observed,180,established,False,False,False,False,False
2026-05-14,SKU-1014,Snacks,455.0,0,2600.0,7,3055.0,2600.0,True,0.0,False,455.0,observed,180,established,False,False,False,False,False
2026-05-15,SKU-1014,Snacks,254.0,0,2346.0,7,2600.0,2346.0,True,0.0,False,254.0,observed,180,established,False,False,False,False,False
2026-05-16,SKU-1014,Snacks,181.0,0,2165.0,7,2346.0,2165.0,True,0.0,False,181.0,observed,180,established,False,False,False,False,False
2026-05-17,SKU-1014,Snacks,222.0,0,1943.0,7,2165.0,1943.0,True,0.0,False,222.0,observed,180,established,False,False,False,False,False
2026-05-18,SKU-1014,Snacks,279.0,0,1664.0,7,1943.0,1664.0,True,0.0,False,279.0,observed,180,established,False,False,False,False,False
2026-05-19,SKU-1014,Snacks,264.0,0,1400.0,7,1664.0,1400.0,True,0.0,False,264.0,observed,180,established,False,False,False,False,False
2026-05-20,SKU-1014,Snacks,444.0,0,956.0,7,1400.0,956.0,True,0.0,False,444.0,observed,180,established,False,False,False,False,False
2026-05-21,SKU-1014,Snacks,231.0,2618,3343.0,7,956.0,3343.0,True,0.0,False,231.0,observed,180,established,False,False,False,False,False
2026-05-22,SKU-1014,Snacks,353.0,0,2990.0,7,3343.0,2990.0,True,0.0,False,353.0,observed,180,established,False,False,False,False,False
2026-05-23,SKU-1014,Snacks,115.0,0,2875.0,7,2990.0,2875.0,True,0.0,False,115.0,observed,180,established,False,False,False,False,False
2026-05-24,SKU-1014,Snacks,234.0,0,2641.0,7,2875.0,2641.0,True,0.0,False,234.0,observed,180,established,False,False,False,False,False
2026-05-25,SKU-1014,Snacks,564.0,0,2077.0,7,2641.0,,False,,False,,stock_balance_reconstructed,180,established,False,False,False,False,False
2026-05-26,SKU-1014,Snacks,265.0,0,1812.0,7,2077.0,1812.0,True,0.0,False,265.0,observed,180,established,False,False,False,False,False
2026-05-27,SKU-1014,Snacks,219.0,0,1593.0,7,1812.0,1593.0,True,0.0,False,219.0,observed,180,established,False,False,False,False,False
2026-05-28,SKU-1014,Snacks,256.0,0,1337.0,7,1593.0,1337.0,True,0.0,False,256.0,observed,180,established,False,False,False,False,False
2026-05-29,SKU-1014,Snacks,260.0,2886,3963.0,7,1337.0,,False,,False,,stock_balance_reconstructed,180,established,False,False,False,False,False
2026-05-30,SKU-1014,Snacks,205.0,0,3758.0,7,3963.0,3758.0,True,0.0,False,205.0,observed,180,established,False,False,False,False,False
2026-05-31,SKU-1014,Snacks,219.0,0,3539.0,7,3758.0,3539.0,True,0.0,False,219.0,observed,180,established,False,False,False,False,False
2026-06-01,SKU-1014,Snacks,317.0,0,3222.0,7,3539.0,3222.0,True,0.0,False,317.0,observed,180,established,False,False,False,False,False
2026-06-02,SKU-1014,Snacks,173.0,0,3049.0,7,3222.0,3049.0,True,0.0,False,173.0,observed,180,established,False,False,False,False,False
2026-06-03,SKU-1014,Snacks,300.0,0,2749.0,7,3049.0,2749.0,True,0.0,False,300.0,observed,180,established,False,False,False,False,False
2026-06-04,SKU-1014,Snacks,291.0,0,2458.0,7,2749.0,2458.0,True,0.0,False,291.0,observed,180,established,False,False,False,False,False
2026-06-05,SKU-1014,Snacks,257.0,0,2201.0,7,2458.0,2201.0,True,0.0,False,257.0,observed,180,established,False,False,False,False,False
2026-06-06,SKU-1014,Snacks,156.0,0,2045.0,7,2201.0,2045.0,True,0.0,False,156.0,observed,180,established,False,False,False,False,False
2026-06-07,SKU-1014,Snacks,115.0,0,1930.0,7,2045.0,1930.0,True,0.0,False,115.0,observed,180,established,False,False,False,False,False
2026-06-08,SKU-1014,Snacks,105.0,0,1825.0,7,1930.0,1825.0,True,0.0,False,105.0,observed,180,established,False,False,False,False,False
2026-06-09,SKU-1014,Snacks,223.0,0,1602.0,7,1825.0,1602.0,True,0.0,False,223.0,observed,180,established,False,False,False,False,False
2026-06-10,SKU-1014,Snacks,146.0,0,1456.0,7,1602.0,1456.0,True,0.0,False,146.0,observed,180,established,False,False,False,False,False
2026-06-11,SKU-1014,Snacks,186.0,2008,3278.0,7,1456.0,3278.0,True,0.0,False,186.0,observed,180,established,False,False,False,False,False
2026-06-12,SKU-1014,Snacks,165.0,0,3113.0,7,3278.0,,False,,False,,stock_balance_reconstructed,180,established,False,False,False,False,False
2026-06-13,SKU-1014,Snacks,198.0,0,2915.0,7,3113.0,2915.0,True,0.0,False,198.0,observed,180,established,False,False,False,False,False
2026-06-14,SKU-1014,Snacks,302.0,0,2613.0,7,2915.0,2613.0,True,0.0,False,302.0,observed,180,established,False,False,False,False,False
2026-06-15,SKU-1014,Snacks,232.0,0,2381.0,7,2613.0,2381.0,True,0.0,False,232.0,observed,180,established,False,False,False,False,False
2026-06-16,SKU-1014,Snacks,191.0,0,2190.0,7,2381.0,2190.0,True,0.0,False,191.0,observed,180,established,False,False,False,False,False
2026-06-17,SKU-1014,Snacks,307.0,0,1883.0,7,2190.0,1883.0,True,0.0,False,307.0,observed,180,established,False,False,False,False,False
2026-06-18,SKU-1014,Snacks,338.0,0,1545.0,7,1883.0,1545.0,True,0.0,False,338.0,observed,180,established,False,False,False,False,False
2026-06-19,SKU-1014,Snacks,274.0,0,1271.0,7,1545.0,1271.0,True,0.0,False,274.0,observed,180,established,False,False,False,False,False
2026-06-20,SKU-1014,Snacks,152.0,2232,,7,1271.0,3351.0,False,,False,152.0,observed,180,established,False,True,False,False,False
2026-06-21,SKU-1014,Snacks,219.0,0,3132.0,7,,,False,,False,219.0,observed,180,established,False,False,False,False,False
2026-06-22,SKU-1014,Snacks,219.0,0,2913.0,7,3132.0,2913.0,True,0.0,False,219.0,observed,180,established,False,False,False,False,False
2026-06-23,SKU-1014,Snacks,407.0,0,2506.0,7,2913.0,2506.0,True,0.0,False,407.0,observed,180,established,False,False,False,False,False
2026-06-24,SKU-1014,Snacks,360.0,0,2146.0,7,2506.0,2146.0,True,0.0,False,360.0,observed,180,established,False,False,False,False,False
2026-06-25,SKU-1014,Snacks,157.0,0,1989.0,7,2146.0,1989.0,True,0.0,False,157.0,observed,180,established,False,False,False,False,False
2026-06-26,SKU-1014,Snacks,335.0,0,1654.0,7,1989.0,1654.0,True,0.0,False,335.0,observed,180,established,False,False,False,False,False
2026-06-27,SKU-1014,Snacks,125.0,0,1529.0,7,1654.0,1529.0,True,0.0,False,125.0,observed,180,established,False,False,False,False,False
2026-06-28,SKU-1014,Snacks,164.0,0,1365.0,7,1529.0,1365.0,True,0.0,False,164.0,observed,180,established,False,False,False,False,False
2026-06-29,SKU-1014,Snacks,245.0,0,1120.0,7,1365.0,1120.0,True,0.0,False,245.0,observed,180,established,False,False,False,False,False
2026-01-01,SKU-1015,Pasta,355.0,0,1993.0,7,,,False,,False,355.0,observed,180,established,False,False,False,False,False
2026-01-02,SKU-1015,Pasta,285.0,0,1708.0,7,1993.0,1708.0,True,0.0,False,285.0,observed,180,established,False,False,False,False,False
2026-01-03,SKU-1015,Pasta,293.0,0,1415.0,7,1708.0,1415.0,True,0.0,False,293.0,observed,180,established,False,False,False,False,False
2026-01-04,SKU-1015,Pasta,272.0,0,1143.0,7,1415.0,1143.0,True,0.0,False,272.0,observed,180,established,False,False,False,False,False
2026-01-05,SKU-1015,Pasta,352.0,0,791.0,7,1143.0,791.0,True,0.0,False,352.0,observed,180,established,False,False,False,False,False
2026-01-06,SKU-1015,Pasta,395.0,0,396.0,7,791.0,396.0,True,0.0,False,395.0,observed,180,established,False,False,False,False,False
2026-01-07,SKU-1015,Pasta,413.0,0,0.0,7,396.0,-17.0,False,-17.0,True,413.0,observed,180,established,False,False,False,True,False
2026-01-08,SKU-1015,Pasta,390.0,0,0.0,7,0.0,-390.0,False,-390.0,True,390.0,observed,180,established,False,False,False,True,False
2026-01-09,SKU-1015,Pasta,282.0,0,0.0,7,0.0,-282.0,False,-282.0,True,282.0,observed,180,established,False,False,False,True,False
2026-01-10,SKU-1015,Pasta,271.0,3314,3043.0,7,0.0,3043.0,True,0.0,False,271.0,observed,180,established,False,False,False,False,False
2026-01-11,SKU-1015,Pasta,245.0,0,2798.0,7,3043.0,2798.0,True,0.0,False,245.0,observed,180,established,False,False,False,False,False
2026-01-12,SKU-1015,Pasta,329.0,0,2469.0,7,2798.0,2469.0,True,0.0,False,329.0,observed,180,established,False,False,False,False,False
2026-01-13,SKU-1015,Pasta,467.0,0,2002.0,7,2469.0,2002.0,True,0.0,False,467.0,observed,180,established,False,False,False,False,False
2026-01-14,SKU-1015,Pasta,356.0,2959,4605.0,7,2002.0,4605.0,True,0.0,False,356.0,observed,180,established,False,False,False,False,False
2026-01-15,SKU-1015,Pasta,399.0,0,4206.0,7,4605.0,4206.0,True,0.0,False,399.0,observed,180,established,False,False,False,False,False
2026-01-16,SKU-1015,Pasta,266.0,0,3940.0,7,4206.0,3940.0,True,0.0,False,266.0,observed,180,established,False,False,False,False,False
2026-01-17,SKU-1015,Pasta,252.0,0,3688.0,7,3940.0,3688.0,True,0.0,False,252.0,observed,180,established,False,False,False,False,False
2026-01-18,SKU-1015,Pasta,306.0,0,3382.0,7,3688.0,3382.0,True,0.0,False,306.0,observed,180,established,False,False,False,False,False
2026-01-19,SKU-1015,Pasta,675.0,0,2707.0,7,3382.0,2707.0,True,0.0,False,675.0,observed,180,established,False,False,False,False,False
2026-01-20,SKU-1015,Pasta,429.0,0,2278.0,7,2707.0,2278.0,True,0.0,False,429.0,observed,180,established,False,False,False,False,False
2026-01-21,SKU-1015,Pasta,423.0,0,1855.0,7,2278.0,1855.0,True,0.0,False,423.0,observed,180,established,False,False,False,False,False
2026-01-22,SKU-1015,Pasta,435.0,3348,4768.0,7,1855.0,4768.0,True,0.0,False,435.0,observed,180,established,False,False,False,False,False
2026-01-23,SKU-1015,Pasta,297.0,0,4471.0,7,4768.0,4471.0,True,0.0,False,297.0,observed,180,established,False,False,False,False,False
2026-01-24,SKU-1015,Pasta,271.0,0,4200.0,7,4471.0,4200.0,True,0.0,False,271.0,observed,180,established,False,False,False,False,False
2026-01-25,SKU-1015,Pasta,254.0,0,3946.0,7,4200.0,3946.0,True,0.0,False,254.0,observed,180,established,False,False,False,False,False
2026-01-26,SKU-1015,Pasta,314.0,0,3632.0,7,3946.0,3632.0,True,0.0,False,314.0,observed,180,established,False,False,False,False,False
2026-01-27,SKU-1015,Pasta,405.0,0,3227.0,7,3632.0,3227.0,True,0.0,False,405.0,observed,180,established,False,False,False,False,False
2026-01-28,SKU-1015,Pasta,422.0,0,2805.0,7,3227.0,2805.0,True,0.0,False,422.0,observed,180,established,False,False,False,False,False
2026-01-29,SKU-1015,Pasta,398.0,0,2407.0,7,2805.0,2407.0,True,0.0,False,398.0,observed,180,established,False,False,False,False,False
2026-01-30,SKU-1015,Pasta,783.0,0,1624.0,7,2407.0,1624.0,True,0.0,False,783.0,observed,180,established,False,False,False,False,False
2026-01-31,SKU-1015,Pasta,283.0,0,1341.0,7,1624.0,1341.0,True,0.0,False,283.0,observed,180,established,False,False,False,False,False
2026-02-01,SKU-1015,Pasta,243.0,0,1098.0,7,1341.0,1098.0,True,0.0,False,243.0,observed,180,established,False,False,False,False,False
2026-02-02,SKU-1015,Pasta,321.0,3626,4403.0,7,1098.0,4403.0,True,0.0,False,321.0,observed,180,established,False,False,False,False,False
2026-02-03,SKU-1015,Pasta,357.0,0,4046.0,7,4403.0,4046.0,True,0.0,False,357.0,observed,180,established,False,False,False,False,False
2026-02-04,SKU-1015,Pasta,388.0,0,3658.0,7,4046.0,3658.0,True,0.0,False,388.0,observed,180,established,False,False,False,False,False
2026-02-05,SKU-1015,Pasta,437.0,0,3221.0,7,3658.0,3221.0,True,0.0,False,437.0,observed,180,established,False,False,False,False,False
2026-02-06,SKU-1015,Pasta,318.0,0,2903.0,7,3221.0,2903.0,True,0.0,False,318.0,observed,180,established,False,False,False,False,False
2026-02-07,SKU-1015,Pasta,292.0,0,2611.0,7,2903.0,2611.0,True,0.0,False,292.0,observed,180,established,False,False,False,False,False
2026-02-08,SKU-1015,Pasta,235.0,0,2376.0,7,2611.0,2376.0,True,0.0,False,235.0,observed,180,established,False,False,False,False,False
2026-02-09,SKU-1015,Pasta,377.0,0,1999.0,7,2376.0,1999.0,True,0.0,False,377.0,observed,180,established,False,False,False,False,False
2026-02-10,SKU-1015,Pasta,471.0,0,,7,1999.0,1528.0,False,,False,471.0,observed,180,established,False,True,False,False,False
2026-02-11,SKU-1015,Pasta,425.0,0,1103.0,7,,,False,,False,425.0,observed,180,established,False,False,False,False,False
2026-02-12,SKU-1015,Pasta,406.0,0,,7,1103.0,697.0,False,,False,406.0,observed,180,established,False,True,False,False,False
2026-02-13,SKU-1015,Pasta,305.0,0,392.0,7,,,False,,False,305.0,observed,180,established,False,False,False,False,False
2026-02-14,SKU-1015,Pasta,244.0,0,148.0,7,392.0,148.0,True,0.0,False,244.0,observed,180,established,False,False,False,False,False
2026-02-15,SKU-1015,Pasta,280.0,2754,2622.0,7,148.0,2622.0,True,0.0,False,280.0,observed,180,established,False,False,False,False,False
2026-02-16,SKU-1015,Pasta,139.0,0,2483.0,7,2622.0,2483.0,True,0.0,False,139.0,observed,180,established,False,False,False,False,False
2026-02-17,SKU-1015,Pasta,419.0,0,2064.0,7,2483.0,,False,,False,,stock_balance_reconstructed,180,established,False,False,False,False,False
2026-02-18,SKU-1015,Pasta,388.0,0,1676.0,7,2064.0,1676.0,True,0.0,False,388.0,observed,180,established,False,False,False,False,False
2026-02-19,SKU-1015,Pasta,354.0,0,1322.0,7,1676.0,1322.0,True,0.0,False,354.0,observed,180,established,False,False,False,False,False
2026-02-20,SKU-1015,Pasta,363.0,2506,3465.0,7,1322.0,3465.0,True,0.0,False,363.0,observed,180,established,False,False,False,False,False
2026-02-21,SKU-1015,Pasta,273.0,0,3192.0,7,3465.0,3192.0,True,0.0,False,273.0,observed,180,established,False,False,False,False,False
2026-02-22,SKU-1015,Pasta,296.0,0,2896.0,7,3192.0,2896.0,True,0.0,False,296.0,observed,180,established,False,False,False,False,False
2026-02-23,SKU-1015,Pasta,375.0,0,2521.0,7,2896.0,2521.0,True,0.0,False,375.0,observed,180,established,False,False,False,False,False
2026-02-24,SKU-1015,Pasta,435.0,0,2086.0,7,2521.0,2086.0,True,0.0,False,435.0,observed,180,established,False,False,False,False,False
2026-02-25,SKU-1015,Pasta,431.0,3183,4838.0,7,2086.0,4838.0,True,0.0,False,431.0,observed,180,established,False,False,False,False,False
2026-02-26,SKU-1015,Pasta,390.0,0,4448.0,7,4838.0,4448.0,True,0.0,False,390.0,observed,180,established,False,False,False,False,False
2026-02-27,SKU-1015,Pasta,348.0,0,4100.0,7,4448.0,4100.0,True,0.0,False,348.0,observed,180,established,False,False,False,False,False
2026-02-28,SKU-1015,Pasta,246.0,0,3854.0,7,4100.0,3854.0,True,0.0,False,246.0,observed,180,established,False,False,False,False,False
2026-03-01,SKU-1015,Pasta,310.0,0,3544.0,7,3854.0,3544.0,True,0.0,False,310.0,observed,180,established,False,False,False,False,False
2026-03-02,SKU-1015,Pasta,331.0,0,3213.0,7,3544.0,3213.0,True,0.0,False,331.0,observed,180,established,False,False,False,False,False
2026-03-03,SKU-1015,Pasta,437.0,0,2776.0,7,3213.0,2776.0,True,0.0,False,437.0,observed,180,established,False,False,False,False,False
2026-03-04,SKU-1015,Pasta,453.0,0,2323.0,7,2776.0,2323.0,True,0.0,False,453.0,observed,180,established,False,False,False,False,False
2026-03-05,SKU-1015,Pasta,397.0,0,1926.0,7,2323.0,1926.0,True,0.0,False,397.0,observed,180,established,False,False,False,False,False
2026-03-06,SKU-1015,Pasta,327.0,0,1599.0,7,1926.0,1599.0,True,0.0,False,327.0,observed,180,established,False,False,False,False,False
2026-03-07,SKU-1015,Pasta,250.0,3592,4941.0,7,1599.0,4941.0,True,0.0,False,250.0,observed,180,established,False,False,False,False,False
2026-03-08,SKU-1015,Pasta,290.0,0,4651.0,7,4941.0,4651.0,True,0.0,False,290.0,observed,180,established,False,False,False,False,False
2026-03-09,SKU-1015,Pasta,355.0,0,4296.0,7,4651.0,4296.0,True,0.0,False,355.0,observed,180,established,False,False,False,False,False
2026-03-10,SKU-1015,Pasta,453.0,0,3843.0,7,4296.0,3843.0,True,0.0,False,453.0,observed,180,established,False,False,False,False,False
2026-03-11,SKU-1015,Pasta,439.0,0,3404.0,7,3843.0,3404.0,True,0.0,False,439.0,observed,180,established,False,False,False,False,False
2026-03-12,SKU-1015,Pasta,425.0,0,2979.0,7,3404.0,2979.0,True,0.0,False,425.0,observed,180,established,False,False,False,False,False
2026-03-13,SKU-1015,Pasta,323.0,0,2656.0,7,2979.0,2656.0,True,0.0,False,323.0,observed,180,established,False,False,False,False,False
2026-03-14,SKU-1015,Pasta,294.0,0,2362.0,7,2656.0,2362.0,True,0.0,False,294.0,observed,180,established,False,False,False,False,False
2026-03-15,SKU-1015,Pasta,255.0,0,2107.0,7,2362.0,2107.0,True,0.0,False,255.0,observed,180,established,False,False,False,False,False
2026-03-16,SKU-1015,Pasta,299.0,2904,4712.0,7,2107.0,4712.0,True,0.0,False,299.0,observed,180,established,False,False,False,False,False
2026-03-17,SKU-1015,Pasta,497.0,0,4215.0,7,4712.0,4215.0,True,0.0,False,497.0,observed,180,established,False,False,False,False,False
2026-03-18,SKU-1015,Pasta,616.0,0,3599.0,7,4215.0,3599.0,True,0.0,False,616.0,observed,180,established,False,False,False,False,False
2026-03-19,SKU-1015,Pasta,411.0,0,3188.0,7,3599.0,3188.0,True,0.0,False,411.0,observed,180,established,False,False,False,False,False
2026-03-20,SKU-1015,Pasta,382.0,0,2806.0,7,3188.0,,False,,False,,stock_balance_reconstructed,180,established,False,False,False,False,False
2026-03-21,SKU-1015,Pasta,302.0,0,2504.0,7,2806.0,2504.0,True,0.0,False,302.0,observed,180,established,False,False,False,False,False
2026-03-22,SKU-1015,Pasta,253.0,0,2251.0,7,2504.0,2251.0,True,0.0,False,253.0,observed,180,established,False,False,False,False,False
2026-03-23,SKU-1015,Pasta,345.0,0,1906.0,7,2251.0,,False,,False,,stock_balance_reconstructed,180,established,False,False,False,False,False
2026-03-24,SKU-1015,Pasta,400.0,0,,7,1906.0,1506.0,False,,False,400.0,observed,180,established,False,True,False,False,False
2026-03-25,SKU-1015,Pasta,997.0,2835,3344.0,7,,,False,,False,997.0,observed,180,established,False,False,False,False,False
2026-03-26,SKU-1015,Pasta,400.0,0,2944.0,7,3344.0,2944.0,True,0.0,False,400.0,observed,180,established,False,False,False,False,False
2026-03-27,SKU-1015,Pasta,306.0,0,2638.0,7,2944.0,2638.0,True,0.0,False,306.0,observed,180,established,False,False,False,False,False
2026-03-28,SKU-1015,Pasta,261.0,0,2377.0,7,2638.0,2377.0,True,0.0,False,261.0,observed,180,established,False,False,False,False,False
2026-03-29,SKU-1015,Pasta,285.0,0,2092.0,7,2377.0,2092.0,True,0.0,False,285.0,observed,180,established,False,False,False,False,False
2026-03-30,SKU-1015,Pasta,310.0,0,1782.0,7,2092.0,1782.0,True,0.0,False,310.0,observed,180,established,False,False,False,False,False
2026-03-31,SKU-1015,Pasta,426.0,0,1356.0,7,1782.0,1356.0,True,0.0,False,426.0,observed,180,established,False,False,False,False,False
2026-04-01,SKU-1015,Pasta,458.0,0,898.0,7,1356.0,898.0,True,0.0,False,458.0,observed,180,established,False,False,False,False,False
2026-04-02,SKU-1015,Pasta,397.0,3556,4057.0,7,898.0,4057.0,True,0.0,False,397.0,observed,180,established,False,False,False,False,False
2026-04-03,SKU-1015,Pasta,505.0,0,3552.0,7,4057.0,3552.0,True,0.0,False,505.0,observed,180,established,False,False,False,False,False
2026-04-04,SKU-1015,Pasta,286.0,0,3266.0,7,3552.0,3266.0,True,0.0,False,286.0,observed,180,established,False,False,False,False,False
2026-04-05,SKU-1015,Pasta,311.0,0,2955.0,7,3266.0,2955.0,True,0.0,False,311.0,observed,180,established,False,False,False,False,False
2026-04-06,SKU-1015,Pasta,322.0,0,2633.0,7,2955.0,2633.0,True,0.0,False,322.0,observed,180,established,False,False,False,False,False
2026-04-07,SKU-1015,Pasta,360.0,0,2273.0,7,2633.0,2273.0,True,0.0,False,360.0,observed,180,established,False,False,False,False,False
2026-04-08,SKU-1015,Pasta,404.0,0,1869.0,7,2273.0,1869.0,True,0.0,False,404.0,observed,180,established,False,False,False,False,False
2026-04-09,SKU-1015,Pasta,417.0,0,1452.0,7,1869.0,1452.0,True,0.0,False,417.0,observed,180,established,False,False,False,False,False
2026-04-10,SKU-1015,Pasta,335.0,3282,4399.0,7,1452.0,4399.0,True,0.0,False,335.0,observed,180,established,False,False,False,False,False
2026-04-11,SKU-1015,Pasta,215.0,0,4184.0,7,4399.0,4184.0,True,0.0,False,215.0,observed,180,established,False,False,False,False,False
2026-04-12,SKU-1015,Pasta,244.0,0,3940.0,7,4184.0,3940.0,True,0.0,False,244.0,observed,180,established,False,False,False,False,False
2026-04-13,SKU-1015,Pasta,350.0,0,3590.0,7,3940.0,3590.0,True,0.0,False,350.0,observed,180,established,False,False,False,False,False
2026-04-14,SKU-1015,Pasta,449.0,0,3141.0,7,3590.0,3141.0,True,0.0,False,449.0,observed,180,established,False,False,False,False,False
2026-04-15,SKU-1015,Pasta,459.0,0,2682.0,7,3141.0,2682.0,True,0.0,False,459.0,observed,180,established,False,False,False,False,False
2026-04-16,SKU-1015,Pasta,404.0,0,2278.0,7,2682.0,2278.0,True,0.0,False,404.0,observed,180,established,False,False,False,False,False
2026-04-17,SKU-1015,Pasta,362.0,0,1916.0,7,2278.0,1916.0,True,0.0,False,362.0,observed,180,established,False,False,False,False,False
2026-04-18,SKU-1015,Pasta,249.0,3331,4998.0,7,1916.0,4998.0,True,0.0,False,249.0,observed,180,established,False,False,False,False,False
2026-04-19,SKU-1015,Pasta,276.0,0,4722.0,7,4998.0,4722.0,True,0.0,False,276.0,observed,180,established,False,False,False,False,False
2026-04-20,SKU-1015,Pasta,397.0,0,4325.0,7,4722.0,4325.0,True,0.0,False,397.0,observed,180,established,False,False,False,False,False
2026-04-21,SKU-1015,Pasta,408.0,0,3917.0,7,4325.0,3917.0,True,0.0,False,408.0,observed,180,established,False,False,False,False,False
2026-04-22,SKU-1015,Pasta,402.0,0,3515.0,7,3917.0,3515.0,True,0.0,False,402.0,observed,180,established,False,False,False,False,False
2026-04-23,SKU-1015,Pasta,408.0,0,3107.0,7,3515.0,3107.0,True,0.0,False,408.0,observed,180,established,False,False,False,False,False
2026-04-24,SKU-1015,Pasta,300.0,0,2807.0,7,3107.0,2807.0,True,0.0,False,300.0,observed,180,established,False,False,False,False,False
2026-04-25,SKU-1015,Pasta,266.0,0,2541.0,7,2807.0,2541.0,True,0.0,False,266.0,observed,180,established,False,False,False,False,False
2026-04-26,SKU-1015,Pasta,284.0,0,2257.0,7,2541.0,2257.0,True,0.0,False,284.0,observed,180,established,False,False,False,False,False
2026-04-27,SKU-1015,Pasta,359.0,0,1898.0,7,2257.0,1898.0,True,0.0,False,359.0,observed,180,established,False,False,False,False,False
2026-04-28,SKU-1015,Pasta,393.0,2874,4379.0,7,1898.0,4379.0,True,0.0,False,393.0,observed,180,established,False,False,False,False,False
2026-04-29,SKU-1015,Pasta,436.0,0,3943.0,7,4379.0,3943.0,True,0.0,False,436.0,observed,180,established,False,False,False,False,False
2026-04-30,SKU-1015,Pasta,406.0,0,3537.0,7,3943.0,3537.0,True,0.0,False,406.0,observed,180,established,False,False,False,False,False
2026-05-01,SKU-1015,Pasta,309.0,0,3228.0,7,3537.0,3228.0,True,0.0,False,309.0,observed,180,established,False,False,False,False,False
2026-05-02,SKU-1015,Pasta,275.0,0,2953.0,7,3228.0,2953.0,True,0.0,False,275.0,observed,180,established,False,False,False,False,False
2026-05-03,SKU-1015,Pasta,288.0,0,2665.0,7,2953.0,2665.0,True,0.0,False,288.0,observed,180,established,False,False,False,False,False
2026-05-04,SKU-1015,Pasta,342.0,0,2323.0,7,2665.0,2323.0,True,0.0,False,342.0,observed,180,established,False,False,False,False,False
2026-05-05,SKU-1015,Pasta,400.0,0,1923.0,7,2323.0,1923.0,True,0.0,False,400.0,observed,180,established,False,False,False,False,False
2026-05-06,SKU-1015,Pasta,446.0,0,1477.0,7,1923.0,1477.0,True,0.0,False,446.0,observed,180,established,False,False,False,False,False
2026-05-07,SKU-1015,Pasta,921.0,0,556.0,7,1477.0,556.0,True,0.0,False,921.0,observed,180,established,False,False,False,False,False
2026-05-08,SKU-1015,Pasta,299.0,0,257.0,7,556.0,257.0,True,0.0,False,299.0,observed,180,established,False,False,False,False,False
2026-05-09,SKU-1015,Pasta,249.0,3052,3060.0,7,257.0,3060.0,True,0.0,False,249.0,observed,180,established,False,False,False,False,False
2026-05-10,SKU-1015,Pasta,309.0,0,2751.0,7,3060.0,2751.0,True,0.0,False,309.0,observed,180,established,False,False,False,False,False
2026-05-11,SKU-1015,Pasta,326.0,0,2425.0,7,2751.0,2425.0,True,0.0,False,326.0,observed,180,established,False,False,False,False,False
2026-05-12,SKU-1015,Pasta,446.0,0,1979.0,7,2425.0,1979.0,True,0.0,False,446.0,observed,180,established,False,False,False,False,False
2026-05-13,SKU-1015,Pasta,1165.0,0,814.0,7,1979.0,814.0,True,0.0,False,1165.0,observed,180,established,False,False,False,False,False
2026-05-14,SKU-1015,Pasta,387.0,0,427.0,7,814.0,427.0,True,0.0,False,387.0,observed,180,established,False,False,False,False,False
2026-05-15,SKU-1015,Pasta,264.0,0,163.0,7,427.0,163.0,True,0.0,False,264.0,observed,180,established,False,False,False,False,False
2026-05-16,SKU-1015,Pasta,269.0,3539,3433.0,7,163.0,3433.0,True,0.0,False,269.0,observed,180,established,False,False,False,False,False
2026-05-17,SKU-1015,Pasta,287.0,0,3146.0,7,3433.0,3146.0,True,0.0,False,287.0,observed,180,established,False,False,False,False,False
2026-05-18,SKU-1015,Pasta,384.0,0,2762.0,7,3146.0,2762.0,True,0.0,False,384.0,observed,180,established,False,False,False,False,False
2026-05-19,SKU-1015,Pasta,437.0,0,2325.0,7,2762.0,2325.0,True,0.0,False,437.0,observed,180,established,False,False,False,False,False
2026-05-20,SKU-1015,Pasta,396.0,0,1929.0,7,2325.0,1929.0,True,0.0,False,396.0,observed,180,established,False,False,False,False,False
2026-05-21,SKU-1015,Pasta,411.0,0,1518.0,7,1929.0,1518.0,True,0.0,False,411.0,observed,180,established,False,False,False,False,False
2026-05-22,SKU-1015,Pasta,251.0,0,1267.0,7,1518.0,1267.0,True,0.0,False,251.0,observed,180,established,False,False,False,False,False
2026-05-23,SKU-1015,Pasta,304.0,2754,3717.0,7,1267.0,3717.0,True,0.0,False,304.0,observed,180,established,False,False,False,False,False
2026-05-24,SKU-1015,Pasta,291.0,0,,7,3717.0,3426.0,False,,False,291.0,observed,180,established,False,True,False,False,False
2026-05-25,SKU-1015,Pasta,366.0,0,3060.0,7,,,False,,False,366.0,observed,180,established,False,False,False,False,False
2026-05-26,SKU-1015,Pasta,391.0,0,2669.0,7,3060.0,,False,,False,,stock_balance_reconstructed,180,established,False,False,False,False,False
2026-05-27,SKU-1015,Pasta,437.0,0,2232.0,7,2669.0,2232.0,True,0.0,False,437.0,observed,180,established,False,False,False,False,False
2026-05-28,SKU-1015,Pasta,457.0,0,1775.0,7,2232.0,,False,,False,,stock_balance_reconstructed,180,established,False,False,False,False,False
2026-05-29,SKU-1015,Pasta,317.0,0,1458.0,7,1775.0,1458.0,True,0.0,False,317.0,observed,180,established,False,False,False,False,False
2026-05-30,SKU-1015,Pasta,282.0,2933,4109.0,7,1458.0,4109.0,True,0.0,False,282.0,observed,180,established,False,False,False,False,False
2026-05-31,SKU-1015,Pasta,289.0,0,3820.0,7,4109.0,3820.0,True,0.0,False,289.0,observed,180,established,False,False,False,False,False
2026-06-01,SKU-1015,Pasta,393.0,0,3427.0,7,3820.0,3427.0,True,0.0,False,393.0,observed,180,established,False,False,False,False,False
2026-06-02,SKU-1015,Pasta,415.0,0,3012.0,7,3427.0,3012.0,True,0.0,False,415.0,observed,180,established,False,False,False,False,False
2026-06-03,SKU-1015,Pasta,499.0,0,2513.0,7,3012.0,2513.0,True,0.0,False,499.0,observed,180,established,False,False,False,False,False
2026-06-04,SKU-1015,Pasta,396.0,0,,7,2513.0,2117.0,False,,False,396.0,observed,180,established,False,True,False,False,False
2026-06-05,SKU-1015,Pasta,306.0,3264,5075.0,7,,,False,,False,306.0,observed,180,established,False,False,False,False,False
2026-06-06,SKU-1015,Pasta,299.0,0,4776.0,7,5075.0,4776.0,True,0.0,False,299.0,observed,180,established,False,False,False,False,False
2026-06-07,SKU-1015,Pasta,280.0,0,4496.0,7,4776.0,4496.0,True,0.0,False,280.0,observed,180,established,False,False,False,False,False
2026-06-08,SKU-1015,Pasta,403.0,0,4093.0,7,4496.0,4093.0,True,0.0,False,403.0,observed,180,established,False,False,False,False,False
2026-06-09,SKU-1015,Pasta,410.0,0,3683.0,7,4093.0,3683.0,True,0.0,False,410.0,observed,180,established,False,False,False,False,False
2026-06-10,SKU-1015,Pasta,457.0,0,3226.0,7,3683.0,3226.0,True,0.0,False,457.0,observed,180,established,False,False,False,False,False
2026-06-11,SKU-1015,Pasta,372.0,0,2854.0,7,3226.0,2854.0,True,0.0,False,372.0,observed,180,established,False,False,False,False,False
2026-06-12,SKU-1015,Pasta,261.0,0,2593.0,7,2854.0,2593.0,True,0.0,False,261.0,observed,180,established,False,False,False,False,False
2026-06-13,SKU-1015,Pasta,298.0,0,2295.0,7,2593.0,2295.0,True,0.0,False,298.0,observed,180,established,False,False,False,False,False
2026-06-14,SKU-1015,Pasta,305.0,0,1990.0,7,2295.0,1990.0,True,0.0,False,305.0,observed,180,established,False,False,False,False,False
2026-06-15,SKU-1015,Pasta,326.0,0,1664.0,7,1990.0,1664.0,True,0.0,False,326.0,observed,180,established,False,False,False,False,False
2026-06-16,SKU-1015,Pasta,353.0,0,1311.0,7,1664.0,1311.0,True,0.0,False,353.0,observed,180,established,False,False,False,False,False
2026-06-17,SKU-1015,Pasta,444.0,0,867.0,7,1311.0,867.0,True,0.0,False,444.0,observed,180,established,False,False,False,False,False
2026-06-18,SKU-1015,Pasta,388.0,0,479.0,7,867.0,479.0,True,0.0,False,388.0,observed,180,established,False,False,False,False,False
2026-06-19,SKU-1015,Pasta,354.0,2972,3097.0,7,479.0,3097.0,True,0.0,False,354.0,observed,180,established,False,False,False,False,False
2026-06-20,SKU-1015,Pasta,257.0,0,2840.0,7,3097.0,2840.0,True,0.0,False,257.0,observed,180,established,False,False,False,False,False
2026-06-21,SKU-1015,Pasta,308.0,0,2532.0,7,2840.0,2532.0,True,0.0,False,308.0,observed,180,established,False,False,False,False,False
2026-06-22,SKU-1015,Pasta,359.0,0,2173.0,7,2532.0,2173.0,True,0.0,False,359.0,observed,180,established,False,False,False,False,False
2026-06-23,SKU-1015,Pasta,136.0,0,2037.0,7,2173.0,2037.0,True,0.0,False,136.0,observed,180,established,False,False,False,False,False
2026-06-24,SKU-1015,Pasta,412.0,3157,4782.0,7,2037.0,4782.0,True,0.0,False,412.0,observed,180,established,False,False,False,False,False
2026-06-25,SKU-1015,Pasta,410.0,0,4372.0,7,4782.0,4372.0,True,0.0,False,410.0,observed,180,established,False,False,False,False,False
2026-06-26,SKU-1015,Pasta,319.0,0,4053.0,7,4372.0,4053.0,True,0.0,False,319.0,observed,180,established,False,False,False,False,False
2026-06-27,SKU-1015,Pasta,447.0,0,3606.0,7,4053.0,3606.0,True,0.0,False,447.0,observed,180,established,False,False,False,False,False
2026-06-28,SKU-1015,Pasta,304.0,0,3302.0,7,3606.0,,False,,False,,stock_balance_reconstructed,180,established,False,False,False,False,False
2026-06-29,SKU-1015,Pasta,345.0,0,2957.0,7,3302.0,2957.0,True,0.0,False,345.0,observed,180,established,False,False,False,False,False
2026-01-01,SKU-1016,Snacks,360.0,0,1377.0,14,,,False,,False,360.0,observed,180,established,False,False,False,False,False
2026-01-02,SKU-1016,Snacks,245.0,3927,5059.0,14,1377.0,,False,,False,,stock_balance_reconstructed,180,established,False,False,False,False,False
2026-01-03,SKU-1016,Snacks,288.0,0,4771.0,14,5059.0,,False,,False,,stock_balance_reconstructed,180,established,False,False,False,False,False
2026-01-04,SKU-1016,Snacks,258.0,0,4513.0,14,4771.0,4513.0,True,0.0,False,258.0,observed,180,established,False,False,False,False,False
2026-01-05,SKU-1016,Snacks,330.0,0,4183.0,14,4513.0,4183.0,True,0.0,False,330.0,observed,180,established,False,False,False,False,False
2026-01-06,SKU-1016,Snacks,363.0,0,3820.0,14,4183.0,3820.0,True,0.0,False,363.0,observed,180,established,False,False,False,False,False
2026-01-07,SKU-1016,Snacks,374.0,4044,7490.0,14,3820.0,7490.0,True,0.0,False,374.0,observed,180,established,False,False,False,False,False
2026-01-08,SKU-1016,Snacks,392.0,0,7098.0,14,7490.0,7098.0,True,0.0,False,392.0,observed,180,established,False,False,False,False,False
2026-01-09,SKU-1016,Snacks,254.0,0,6844.0,14,7098.0,6844.0,True,0.0,False,254.0,observed,180,established,False,False,False,False,False
2026-01-10,SKU-1016,Snacks,239.0,0,6605.0,14,6844.0,6605.0,True,0.0,False,239.0,observed,180,established,False,False,False,False,False
2026-01-11,SKU-1016,Snacks,197.0,0,6408.0,14,6605.0,6408.0,True,0.0,False,197.0,observed,180,established,False,False,False,False,False
2026-01-12,SKU-1016,Snacks,311.0,0,6097.0,14,6408.0,6097.0,True,0.0,False,311.0,observed,180,established,False,False,False,False,False
2026-01-13,SKU-1016,Snacks,227.0,0,5870.0,14,6097.0,5870.0,True,0.0,False,227.0,observed,180,established,False,False,False,False,False
2026-01-14,SKU-1016,Snacks,322.0,0,5548.0,14,5870.0,5548.0,True,0.0,False,322.0,observed,180,established,False,False,False,False,False
2026-01-15,SKU-1016,Snacks,339.0,0,5209.0,14,5548.0,5209.0,True,0.0,False,339.0,observed,180,established,False,False,False,False,False
2026-01-16,SKU-1016,Snacks,250.0,0,4959.0,14,5209.0,,False,,False,,stock_balance_reconstructed,180,established,False,False,False,False,False
2026-01-17,SKU-1016,Snacks,224.0,0,4735.0,14,4959.0,4735.0,True,0.0,False,224.0,observed,180,established,False,False,False,False,False
2026-01-18,SKU-1016,Snacks,222.0,0,4513.0,14,4735.0,4513.0,True,0.0,False,222.0,observed,180,established,False,False,False,False,False
2026-01-19,SKU-1016,Snacks,255.0,0,4258.0,14,4513.0,4258.0,True,0.0,False,255.0,observed,180,established,False,False,False,False,False
2026-01-20,SKU-1016,Snacks,365.0,0,3893.0,14,4258.0,3893.0,True,0.0,False,365.0,observed,180,established,False,False,False,False,False
2026-01-21,SKU-1016,Snacks,427.0,0,3466.0,14,3893.0,3466.0,True,0.0,False,427.0,observed,180,established,False,False,False,False,False
2026-01-22,SKU-1016,Snacks,245.0,0,3221.0,14,3466.0,3221.0,True,0.0,False,245.0,observed,180,established,False,False,False,False,False
2026-01-23,SKU-1016,Snacks,323.0,0,2898.0,14,3221.0,2898.0,True,0.0,False,323.0,observed,180,established,False,False,False,False,False
2026-01-24,SKU-1016,Snacks,230.0,0,2668.0,14,2898.0,2668.0,True,0.0,False,230.0,observed,180,established,False,False,False,False,False
2026-01-25,SKU-1016,Snacks,155.0,0,2513.0,14,2668.0,2513.0,True,0.0,False,155.0,observed,180,established,False,False,False,False,False
2026-01-26,SKU-1016,Snacks,237.0,0,2276.0,14,2513.0,2276.0,True,0.0,False,237.0,observed,180,established,False,False,False,False,False
2026-01-27,SKU-1016,Snacks,345.0,0,1931.0,14,2276.0,1931.0,True,0.0,False,345.0,observed,180,established,False,False,False,False,False
2026-01-28,SKU-1016,Snacks,322.0,0,1609.0,14,1931.0,1609.0,True,0.0,False,322.0,observed,180,established,False,False,False,False,False
2026-01-29,SKU-1016,Snacks,272.0,5319,6656.0,14,1609.0,6656.0,True,0.0,False,272.0,observed,180,established,False,False,False,False,False
2026-01-30,SKU-1016,Snacks,211.0,0,6445.0,14,6656.0,6445.0,True,0.0,False,211.0,observed,180,established,False,False,False,False,False
2026-01-31,SKU-1016,Snacks,212.0,0,6233.0,14,6445.0,6233.0,True,0.0,False,212.0,observed,180,established,False,False,False,False,False
2026-02-01,SKU-1016,Snacks,121.0,0,6112.0,14,6233.0,6112.0,True,0.0,False,121.0,observed,180,established,False,False,False,False,False
2026-02-02,SKU-1016,Snacks,340.0,0,5772.0,14,6112.0,5772.0,True,0.0,False,340.0,observed,180,established,False,False,False,False,False
2026-02-03,SKU-1016,Snacks,199.0,0,5573.0,14,5772.0,5573.0,True,0.0,False,199.0,observed,180,established,False,False,False,False,False
2026-02-04,SKU-1016,Snacks,455.0,0,5118.0,14,5573.0,5118.0,True,0.0,False,455.0,observed,180,established,False,False,False,False,False
2026-02-05,SKU-1016,Snacks,236.0,0,4882.0,14,5118.0,4882.0,True,0.0,False,236.0,observed,180,established,False,False,False,False,False
2026-02-06,SKU-1016,Snacks,128.0,0,4754.0,14,4882.0,4754.0,True,0.0,False,128.0,observed,180,established,False,False,False,False,False
2026-02-07,SKU-1016,Snacks,184.0,0,4570.0,14,4754.0,4570.0,True,0.0,False,184.0,observed,180,established,False,False,False,False,False
2026-02-08,SKU-1016,Snacks,239.0,0,4331.0,14,4570.0,4331.0,True,0.0,False,239.0,observed,180,established,False,False,False,False,False
2026-02-09,SKU-1016,Snacks,232.0,0,4099.0,14,4331.0,4099.0,True,0.0,False,232.0,observed,180,established,False,False,False,False,False
2026-02-10,SKU-1016,Snacks,309.0,0,3790.0,14,4099.0,3790.0,True,0.0,False,309.0,observed,180,established,False,False,False,False,False
2026-02-11,SKU-1016,Snacks,412.0,0,3378.0,14,3790.0,3378.0,True,0.0,False,412.0,observed,180,established,False,False,False,False,False
2026-02-12,SKU-1016,Snacks,342.0,0,3036.0,14,3378.0,3036.0,True,0.0,False,342.0,observed,180,established,False,False,False,False,False
2026-02-13,SKU-1016,Snacks,238.0,4331,7129.0,14,3036.0,7129.0,True,0.0,False,238.0,observed,180,established,False,False,False,False,False
2026-02-14,SKU-1016,Snacks,232.0,0,6897.0,14,7129.0,6897.0,True,0.0,False,232.0,observed,180,established,False,False,False,False,False
2026-02-15,SKU-1016,Snacks,233.0,0,6664.0,14,6897.0,6664.0,True,0.0,False,233.0,observed,180,established,False,False,False,False,False
2026-02-16,SKU-1016,Snacks,196.0,0,6468.0,14,6664.0,6468.0,True,0.0,False,196.0,observed,180,established,False,False,False,False,False
2026-02-17,SKU-1016,Snacks,217.0,0,6251.0,14,6468.0,6251.0,True,0.0,False,217.0,observed,180,established,False,False,False,False,False
2026-02-18,SKU-1016,Snacks,329.0,0,5922.0,14,6251.0,5922.0,True,0.0,False,329.0,observed,180,established,False,False,False,False,False
2026-02-19,SKU-1016,Snacks,317.0,0,,14,5922.0,5605.0,False,,False,317.0,observed,180,established,False,True,False,False,False
2026-02-20,SKU-1016,Snacks,209.0,0,5396.0,14,,,False,,False,209.0,observed,180,established,False,False,False,False,False
2026-02-21,SKU-1016,Snacks,287.0,0,5109.0,14,5396.0,5109.0,True,0.0,False,287.0,observed,180,established,False,False,False,False,False
2026-02-22,SKU-1016,Snacks,133.0,0,4976.0,14,5109.0,4976.0,True,0.0,False,133.0,observed,180,established,False,False,False,False,False
2026-02-23,SKU-1016,Snacks,327.0,0,4649.0,14,4976.0,4649.0,True,0.0,False,327.0,observed,180,established,False,False,False,False,False
2026-02-24,SKU-1016,Snacks,330.0,0,4319.0,14,4649.0,4319.0,True,0.0,False,330.0,observed,180,established,False,False,False,False,False
2026-02-25,SKU-1016,Snacks,235.0,0,4084.0,14,4319.0,4084.0,True,0.0,False,235.0,observed,180,established,False,False,False,False,False
2026-02-26,SKU-1016,Snacks,229.0,4541,8396.0,14,4084.0,8396.0,True,0.0,False,229.0,observed,180,established,False,False,False,False,False
2026-02-27,SKU-1016,Snacks,285.0,0,8111.0,14,8396.0,8111.0,True,0.0,False,285.0,observed,180,established,False,False,False,False,False
2026-02-28,SKU-1016,Snacks,204.0,0,7907.0,14,8111.0,7907.0,True,0.0,False,204.0,observed,180,established,False,False,False,False,False
2026-03-01,SKU-1016,Snacks,211.0,0,7696.0,14,7907.0,7696.0,True,0.0,False,211.0,observed,180,established,False,False,False,False,False
2026-03-02,SKU-1016,Snacks,252.0,0,7444.0,14,7696.0,,False,,False,,stock_balance_reconstructed,180,established,False,False,False,False,False
2026-03-03,SKU-1016,Snacks,303.0,0,7141.0,14,7444.0,7141.0,True,0.0,False,303.0,observed,180,established,False,False,False,False,False
2026-03-04,SKU-1016,Snacks,427.0,0,6714.0,14,7141.0,6714.0,True,0.0,False,427.0,observed,180,established,False,False,False,False,False
2026-03-05,SKU-1016,Snacks,328.0,0,6386.0,14,6714.0,6386.0,True,0.0,False,328.0,observed,180,established,False,False,False,False,False
2026-03-06,SKU-1016,Snacks,289.0,0,6097.0,14,6386.0,6097.0,True,0.0,False,289.0,observed,180,established,False,False,False,False,False
2026-03-07,SKU-1016,Snacks,266.0,0,5831.0,14,6097.0,5831.0,True,0.0,False,266.0,observed,180,established,False,False,False,False,False
2026-03-08,SKU-1016,Snacks,239.0,0,5592.0,14,5831.0,5592.0,True,0.0,False,239.0,observed,180,established,False,False,False,False,False
2026-03-09,SKU-1016,Snacks,220.0,0,5372.0,14,5592.0,5372.0,True,0.0,False,220.0,observed,180,established,False,False,False,False,False
2026-03-10,SKU-1016,Snacks,393.0,0,4979.0,14,5372.0,4979.0,True,0.0,False,393.0,observed,180,established,False,False,False,False,False
2026-03-11,SKU-1016,Snacks,196.0,0,4783.0,14,4979.0,4783.0,True,0.0,False,196.0,observed,180,established,False,False,False,False,False
2026-03-12,SKU-1016,Snacks,210.0,0,4573.0,14,4783.0,4573.0,True,0.0,False,210.0,observed,180,established,False,False,False,False,False
2026-03-13,SKU-1016,Snacks,207.0,0,4366.0,14,4573.0,4366.0,True,0.0,False,207.0,observed,180,established,False,False,False,False,False
2026-03-14,SKU-1016,Snacks,175.0,0,4191.0,14,4366.0,4191.0,True,0.0,False,175.0,observed,180,established,False,False,False,False,False
2026-03-15,SKU-1016,Snacks,132.0,0,4059.0,14,4191.0,4059.0,True,0.0,False,132.0,observed,180,established,False,False,False,False,False
2026-03-16,SKU-1016,Snacks,260.0,0,3799.0,14,4059.0,3799.0,True,0.0,False,260.0,observed,180,established,False,False,False,False,False
2026-03-17,SKU-1016,Snacks,300.0,0,3499.0,14,3799.0,3499.0,True,0.0,False,300.0,observed,180,established,False,False,False,False,False
2026-03-18,SKU-1016,Snacks,334.0,4586,7751.0,14,3499.0,7751.0,True,0.0,False,334.0,observed,180,established,False,False,False,False,False
2026-03-19,SKU-1016,Snacks,350.0,0,7401.0,14,7751.0,7401.0,True,0.0,False,350.0,observed,180,established,False,False,False,False,False
2026-03-20,SKU-1016,Snacks,134.0,0,7267.0,14,7401.0,7267.0,True,0.0,False,134.0,observed,180,established,False,False,False,False,False
2026-03-21,SKU-1016,Snacks,180.0,0,7087.0,14,7267.0,7087.0,True,0.0,False,180.0,observed,180,established,False,False,False,False,False
2026-03-22,SKU-1016,Snacks,229.0,0,6858.0,14,7087.0,6858.0,True,0.0,False,229.0,observed,180,established,False,False,False,False,False
2026-03-23,SKU-1016,Snacks,210.0,0,6648.0,14,6858.0,6648.0,True,0.0,False,210.0,observed,180,established,False,False,False,False,False
2026-03-24,SKU-1016,Snacks,404.0,0,6244.0,14,6648.0,6244.0,True,0.0,False,404.0,observed,180,established,False,False,False,False,False
2026-03-25,SKU-1016,Snacks,330.0,0,5914.0,14,6244.0,5914.0,True,0.0,False,330.0,observed,180,established,False,False,False,False,False
2026-03-26,SKU-1016,Snacks,266.0,0,5648.0,14,5914.0,5648.0,True,0.0,False,266.0,observed,180,established,False,False,False,False,False
2026-03-27,SKU-1016,Snacks,209.0,0,5439.0,14,5648.0,5439.0,True,0.0,False,209.0,observed,180,established,False,False,False,False,False
2026-03-28,SKU-1016,Snacks,143.0,0,5296.0,14,5439.0,5296.0,True,0.0,False,143.0,observed,180,established,False,False,False,False,False
2026-03-29,SKU-1016,Snacks,296.0,0,5000.0,14,5296.0,5000.0,True,0.0,False,296.0,observed,180,established,False,False,False,False,False
2026-03-30,SKU-1016,Snacks,239.0,0,4761.0,14,5000.0,4761.0,True,0.0,False,239.0,observed,180,established,False,False,False,False,False
2026-03-31,SKU-1016,Snacks,303.0,0,4458.0,14,4761.0,4458.0,True,0.0,False,303.0,observed,180,established,False,False,False,False,False
2026-04-01,SKU-1016,Snacks,270.0,0,4188.0,14,4458.0,4188.0,True,0.0,False,270.0,observed,180,established,False,False,False,False,False
2026-04-02,SKU-1016,Snacks,222.0,4102,8068.0,14,4188.0,8068.0,True,0.0,False,222.0,observed,180,established,False,False,False,False,False
2026-04-03,SKU-1016,Snacks,210.0,0,7858.0,14,8068.0,7858.0,True,0.0,False,210.0,observed,180,established,False,False,False,False,False
2026-04-04,SKU-1016,Snacks,203.0,0,7655.0,14,7858.0,7655.0,True,0.0,False,203.0,observed,180,established,False,False,False,False,False
2026-04-05,SKU-1016,Snacks,123.0,0,7532.0,14,7655.0,7532.0,True,0.0,False,123.0,observed,180,established,False,False,False,False,False
2026-04-06,SKU-1016,Snacks,97.0,0,7435.0,14,7532.0,7435.0,True,0.0,False,97.0,observed,180,established,False,False,False,False,False
2026-04-07,SKU-1016,Snacks,312.0,0,7123.0,14,7435.0,7123.0,True,0.0,False,312.0,observed,180,established,False,False,False,False,False
2026-04-08,SKU-1016,Snacks,240.0,0,6883.0,14,7123.0,6883.0,True,0.0,False,240.0,observed,180,established,False,False,False,False,False
2026-04-09,SKU-1016,Snacks,294.0,0,6589.0,14,6883.0,6589.0,True,0.0,False,294.0,observed,180,established,False,False,False,False,False
2026-04-10,SKU-1016,Snacks,182.0,0,6407.0,14,6589.0,6407.0,True,0.0,False,182.0,observed,180,established,False,False,False,False,False
2026-04-11,SKU-1016,Snacks,211.0,0,6196.0,14,6407.0,6196.0,True,0.0,False,211.0,observed,180,established,False,False,False,False,False
2026-04-12,SKU-1016,Snacks,262.0,0,5934.0,14,6196.0,5934.0,True,0.0,False,262.0,observed,180,established,False,False,False,False,False
2026-04-13,SKU-1016,Snacks,163.0,0,5771.0,14,5934.0,5771.0,True,0.0,False,163.0,observed,180,established,False,False,False,False,False
2026-04-14,SKU-1016,Snacks,314.0,0,5457.0,14,5771.0,5457.0,True,0.0,False,314.0,observed,180,established,False,False,False,False,False
2026-04-15,SKU-1016,Snacks,246.0,0,5211.0,14,5457.0,5211.0,True,0.0,False,246.0,observed,180,established,False,False,False,False,False
2026-04-16,SKU-1016,Snacks,297.0,0,4914.0,14,5211.0,4914.0,True,0.0,False,297.0,observed,180,established,False,False,False,False,False
2026-04-17,SKU-1016,Snacks,138.0,0,4776.0,14,4914.0,4776.0,True,0.0,False,138.0,observed,180,established,False,False,False,False,False
2026-04-18,SKU-1016,Snacks,122.0,0,4654.0,14,4776.0,4654.0,True,0.0,False,122.0,observed,180,established,False,False,False,False,False
2026-04-19,SKU-1016,Snacks,187.0,0,4467.0,14,4654.0,4467.0,True,0.0,False,187.0,observed,180,established,False,False,False,False,False
2026-04-20,SKU-1016,Snacks,399.0,0,4068.0,14,4467.0,,False,,False,,stock_balance_reconstructed,180,established,False,False,False,False,False
2026-04-21,SKU-1016,Snacks,261.0,0,3807.0,14,4068.0,3807.0,True,0.0,False,261.0,observed,180,established,False,False,False,False,False
2026-04-22,SKU-1016,Snacks,314.0,0,3493.0,14,3807.0,3493.0,True,0.0,False,314.0,observed,180,established,False,False,False,False,False
2026-04-23,SKU-1016,Snacks,225.0,0,3268.0,14,3493.0,3268.0,True,0.0,False,225.0,observed,180,established,False,False,False,False,False
2026-04-24,SKU-1016,Snacks,283.0,0,2985.0,14,3268.0,2985.0,True,0.0,False,283.0,observed,180,established,False,False,False,False,False
2026-04-25,SKU-1016,Snacks,175.0,0,2810.0,14,2985.0,2810.0,True,0.0,False,175.0,observed,180,established,False,False,False,False,False
2026-04-26,SKU-1016,Snacks,260.0,4431,6981.0,14,2810.0,6981.0,True,0.0,False,260.0,observed,180,established,False,False,False,False,False
2026-04-27,SKU-1016,Snacks,273.0,0,6708.0,14,6981.0,6708.0,True,0.0,False,273.0,observed,180,established,False,False,False,False,False
2026-04-28,SKU-1016,Snacks,374.0,0,6334.0,14,6708.0,6334.0,True,0.0,False,374.0,observed,180,established,False,False,False,False,False
2026-04-29,SKU-1016,Snacks,285.0,0,6049.0,14,6334.0,6049.0,True,0.0,False,285.0,observed,180,established,False,False,False,False,False
2026-04-30,SKU-1016,Snacks,262.0,0,5787.0,14,6049.0,5787.0,True,0.0,False,262.0,observed,180,established,False,False,False,False,False
2026-05-01,SKU-1016,Snacks,258.0,0,5529.0,14,5787.0,5529.0,True,0.0,False,258.0,observed,180,established,False,False,False,False,False
2026-05-02,SKU-1016,Snacks,154.0,0,5375.0,14,5529.0,5375.0,True,0.0,False,154.0,observed,180,established,False,False,False,False,False
2026-05-03,SKU-1016,Snacks,243.0,0,5132.0,14,5375.0,5132.0,True,0.0,False,243.0,observed,180,established,False,False,False,False,False
2026-05-04,SKU-1016,Snacks,233.0,0,4899.0,14,5132.0,4899.0,True,0.0,False,233.0,observed,180,established,False,False,False,False,False
2026-05-05,SKU-1016,Snacks,294.0,0,4605.0,14,4899.0,4605.0,True,0.0,False,294.0,observed,180,established,False,False,False,False,False
2026-05-06,SKU-1016,Snacks,469.0,0,4136.0,14,4605.0,4136.0,True,0.0,False,469.0,observed,180,established,False,False,False,False,False
2026-05-07,SKU-1016,Snacks,252.0,0,3884.0,14,4136.0,3884.0,True,0.0,False,252.0,observed,180,established,False,False,False,False,False
2026-05-08,SKU-1016,Snacks,173.0,0,3711.0,14,3884.0,3711.0,True,0.0,False,173.0,observed,180,established,False,False,False,False,False
2026-05-09,SKU-1016,Snacks,240.0,0,3471.0,14,3711.0,3471.0,True,0.0,False,240.0,observed,180,established,False,False,False,False,False
2026-05-10,SKU-1016,Snacks,399.0,0,3072.0,14,3471.0,3072.0,True,0.0,False,399.0,observed,180,established,False,False,False,False,False
2026-05-11,SKU-1016,Snacks,237.0,0,2835.0,14,3072.0,2835.0,True,0.0,False,237.0,observed,180,established,False,False,False,False,False
2026-05-12,SKU-1016,Snacks,305.0,0,2530.0,14,2835.0,2530.0,True,0.0,False,305.0,observed,180,established,False,False,False,False,False
2026-05-13,SKU-1016,Snacks,317.0,0,2213.0,14,2530.0,2213.0,True,0.0,False,317.0,observed,180,established,False,False,False,False,False
2026-05-14,SKU-1016,Snacks,153.0,0,2060.0,14,2213.0,2060.0,True,0.0,False,153.0,observed,180,established,False,False,False,False,False
2026-05-15,SKU-1016,Snacks,235.0,0,1825.0,14,2060.0,1825.0,True,0.0,False,235.0,observed,180,established,False,False,False,False,False
2026-05-16,SKU-1016,Snacks,138.0,0,1687.0,14,1825.0,1687.0,True,0.0,False,138.0,observed,180,established,False,False,False,False,False
2026-05-17,SKU-1016,Snacks,187.0,0,1500.0,14,1687.0,1500.0,True,0.0,False,187.0,observed,180,established,False,False,False,False,False
2026-05-18,SKU-1016,Snacks,231.0,0,1269.0,14,1500.0,1269.0,True,0.0,False,231.0,observed,180,established,False,False,False,False,False
2026-05-19,SKU-1016,Snacks,308.0,0,961.0,14,1269.0,961.0,True,0.0,False,308.0,observed,180,established,False,False,False,False,False
2026-05-20,SKU-1016,Snacks,265.0,4768,5464.0,14,961.0,5464.0,True,0.0,False,265.0,observed,180,established,False,False,False,False,False
2026-05-21,SKU-1016,Snacks,205.0,0,5259.0,14,5464.0,5259.0,True,0.0,False,205.0,observed,180,established,False,False,False,False,False
2026-05-22,SKU-1016,Snacks,268.0,0,4991.0,14,5259.0,4991.0,True,0.0,False,268.0,observed,180,established,False,False,False,False,False
2026-05-23,SKU-1016,Snacks,134.0,0,4857.0,14,4991.0,4857.0,True,0.0,False,134.0,observed,180,established,False,False,False,False,False
2026-05-24,SKU-1016,Snacks,207.0,0,4650.0,14,4857.0,4650.0,True,0.0,False,207.0,observed,180,established,False,False,False,False,False
2026-05-25,SKU-1016,Snacks,274.0,0,4376.0,14,4650.0,4376.0,True,0.0,False,274.0,observed,180,established,False,False,False,False,False
2026-05-26,SKU-1016,Snacks,276.0,0,4100.0,14,4376.0,4100.0,True,0.0,False,276.0,observed,180,established,False,False,False,False,False
2026-05-27,SKU-1016,Snacks,245.0,0,3855.0,14,4100.0,3855.0,True,0.0,False,245.0,observed,180,established,False,False,False,False,False
2026-05-28,SKU-1016,Snacks,262.0,0,3593.0,14,3855.0,3593.0,True,0.0,False,262.0,observed,180,established,False,False,False,False,False
2026-05-29,SKU-1016,Snacks,239.0,4274,7628.0,14,3593.0,7628.0,True,0.0,False,239.0,observed,180,established,False,False,False,False,False
2026-05-30,SKU-1016,Snacks,99.0,0,7529.0,14,7628.0,7529.0,True,0.0,False,99.0,observed,180,established,False,False,False,False,False
2026-05-31,SKU-1016,Snacks,240.0,0,7289.0,14,7529.0,7289.0,True,0.0,False,240.0,observed,180,established,False,False,False,False,False
2026-06-01,SKU-1016,Snacks,250.0,0,7039.0,14,7289.0,7039.0,True,0.0,False,250.0,observed,180,established,False,False,False,False,False
2026-06-02,SKU-1016,Snacks,303.0,0,6736.0,14,7039.0,6736.0,True,0.0,False,303.0,observed,180,established,False,False,False,False,False
2026-06-03,SKU-1016,Snacks,408.0,0,6328.0,14,6736.0,6328.0,True,0.0,False,408.0,observed,180,established,False,False,False,False,False
2026-06-04,SKU-1016,Snacks,346.0,0,5982.0,14,6328.0,5982.0,True,0.0,False,346.0,observed,180,established,False,False,False,False,False
2026-06-05,SKU-1016,Snacks,231.0,0,5751.0,14,5982.0,5751.0,True,0.0,False,231.0,observed,180,established,False,False,False,False,False
2026-06-06,SKU-1016,Snacks,226.0,0,5525.0,14,5751.0,5525.0,True,0.0,False,226.0,observed,180,established,False,False,False,False,False
2026-06-07,SKU-1016,Snacks,178.0,0,5347.0,14,5525.0,5347.0,True,0.0,False,178.0,observed,180,established,False,False,False,False,False
2026-06-08,SKU-1016,Snacks,229.0,0,5118.0,14,5347.0,5118.0,True,0.0,False,229.0,observed,180,established,False,False,False,False,False
2026-06-09,SKU-1016,Snacks,360.0,0,4758.0,14,5118.0,4758.0,True,0.0,False,360.0,observed,180,established,False,False,False,False,False
2026-06-10,SKU-1016,Snacks,323.0,0,4435.0,14,4758.0,4435.0,True,0.0,False,323.0,observed,180,established,False,False,False,False,False
2026-06-11,SKU-1016,Snacks,260.0,0,4175.0,14,4435.0,4175.0,True,0.0,False,260.0,observed,180,established,False,False,False,False,False
2026-06-12,SKU-1016,Snacks,268.0,5204,9111.0,14,4175.0,9111.0,True,0.0,False,268.0,observed,180,established,False,False,False,False,False
2026-06-13,SKU-1016,Snacks,264.0,0,8847.0,14,9111.0,8847.0,True,0.0,False,264.0,observed,180,established,False,False,False,False,False
2026-06-14,SKU-1016,Snacks,183.0,0,8664.0,14,8847.0,8664.0,True,0.0,False,183.0,observed,180,established,False,False,False,False,False
2026-06-15,SKU-1016,Snacks,574.0,0,8090.0,14,8664.0,,False,,False,,stock_balance_reconstructed,180,established,False,False,False,False,False
2026-06-16,SKU-1016,Snacks,222.0,0,7868.0,14,8090.0,7868.0,True,0.0,False,222.0,observed,180,established,False,False,False,False,False
2026-06-17,SKU-1016,Snacks,343.0,0,7525.0,14,7868.0,7525.0,True,0.0,False,343.0,observed,180,established,False,False,False,False,False
2026-06-18,SKU-1016,Snacks,278.0,0,7247.0,14,7525.0,7247.0,True,0.0,False,278.0,observed,180,established,False,False,False,False,False
2026-06-19,SKU-1016,Snacks,163.0,0,7084.0,14,7247.0,7084.0,True,0.0,False,163.0,observed,180,established,False,False,False,False,False
2026-06-20,SKU-1016,Snacks,199.0,0,6885.0,14,7084.0,6885.0,True,0.0,False,199.0,observed,180,established,False,False,False,False,False
2026-06-21,SKU-1016,Snacks,178.0,0,6707.0,14,6885.0,6707.0,True,0.0,False,178.0,observed,180,established,False,False,False,False,False
2026-06-22,SKU-1016,Snacks,215.0,0,6492.0,14,6707.0,6492.0,True,0.0,False,215.0,observed,180,established,False,False,False,False,False
2026-06-23,SKU-1016,Snacks,394.0,0,6098.0,14,6492.0,6098.0,True,0.0,False,394.0,observed,180,established,False,False,False,False,False
2026-06-24,SKU-1016,Snacks,286.0,0,5812.0,14,6098.0,5812.0,True,0.0,False,286.0,observed,180,established,False,False,False,False,False
2026-06-25,SKU-1016,Snacks,336.0,0,5476.0,14,5812.0,5476.0,True,0.0,False,336.0,observed,180,established,False,False,False,False,False
2026-06-26,SKU-1016,Snacks,185.0,0,5291.0,14,5476.0,5291.0,True,0.0,False,185.0,observed,180,established,False,False,False,False,False
2026-06-27,SKU-1016,Snacks,229.0,0,5062.0,14,5291.0,5062.0,True,0.0,False,229.0,observed,180,established,False,False,False,False,False
2026-06-28,SKU-1016,Snacks,224.0,0,4838.0,14,5062.0,4838.0,True,0.0,False,224.0,observed,180,established,False,False,False,False,False
2026-06-29,SKU-1016,Snacks,218.0,0,4620.0,14,4838.0,4620.0,True,0.0,False,218.0,observed,180,established,False,False,False,False,False
2026-01-01,SKU-1017,Beverages,274.0,0,1512.0,3,,,False,,False,274.0,observed,180,established,False,False,False,False,False
2026-01-02,SKU-1017,Beverages,312.0,0,1200.0,3,1512.0,1200.0,True,0.0,False,312.0,observed,180,established,False,False,False,False,False
2026-01-03,SKU-1017,Beverages,258.0,0,942.0,3,1200.0,942.0,True,0.0,False,258.0,observed,180,established,False,False,False,False,False
2026-01-04,SKU-1017,Beverages,255.0,0,687.0,3,942.0,687.0,True,0.0,False,255.0,observed,180,established,False,False,False,False,False
2026-01-05,SKU-1017,Beverages,168.0,0,519.0,3,687.0,519.0,True,0.0,False,168.0,observed,180,established,False,False,False,False,False
2026-01-06,SKU-1017,Beverages,270.0,935,1184.0,3,519.0,1184.0,True,0.0,False,270.0,observed,180,established,False,False,False,False,False
2026-01-07,SKU-1017,Beverages,285.0,0,899.0,3,1184.0,899.0,True,0.0,False,285.0,observed,180,established,False,False,False,False,False
2026-01-08,SKU-1017,Beverages,278.0,0,621.0,3,899.0,621.0,True,0.0,False,278.0,observed,180,established,False,False,False,False,False
2026-01-09,SKU-1017,Beverages,274.0,1136,1483.0,3,621.0,1483.0,True,0.0,False,274.0,observed,180,established,False,False,False,False,False
2026-01-10,SKU-1017,Beverages,243.0,0,1240.0,3,1483.0,1240.0,True,0.0,False,243.0,observed,180,established,False,False,False,False,False
2026-01-11,SKU-1017,Beverages,267.0,0,973.0,3,1240.0,973.0,True,0.0,False,267.0,observed,180,established,False,False,False,False,False
2026-01-12,SKU-1017,Beverages,294.0,0,679.0,3,973.0,679.0,True,0.0,False,294.0,observed,180,established,False,False,False,False,False
2026-01-13,SKU-1017,Beverages,274.0,918,1323.0,3,679.0,1323.0,True,0.0,False,274.0,observed,180,established,False,False,False,False,False
2026-01-14,SKU-1017,Beverages,274.0,0,1049.0,3,1323.0,1049.0,True,0.0,False,274.0,observed,180,established,False,False,False,False,False
2026-01-15,SKU-1017,Beverages,259.0,0,790.0,3,1049.0,790.0,True,0.0,False,259.0,observed,180,established,False,False,False,False,False
2026-01-16,SKU-1017,Beverages,239.0,0,551.0,3,790.0,551.0,True,0.0,False,239.0,observed,180,established,False,False,False,False,False
2026-01-17,SKU-1017,Beverages,216.0,0,335.0,3,551.0,335.0,True,0.0,False,216.0,observed,180,established,False,False,False,False,False
2026-01-18,SKU-1017,Beverages,244.0,0,91.0,3,335.0,91.0,True,0.0,False,244.0,observed,180,established,False,False,False,False,False
2026-01-19,SKU-1017,Beverages,265.0,0,0.0,3,91.0,-174.0,False,-174.0,True,265.0,observed,180,established,False,False,False,True,False
2026-01-20,SKU-1017,Beverages,305.0,991,686.0,3,0.0,686.0,True,0.0,False,305.0,observed,180,established,False,False,False,False,False
2026-01-21,SKU-1017,Beverages,287.0,0,399.0,3,686.0,399.0,True,0.0,False,287.0,observed,180,established,False,False,False,False,False
2026-01-22,SKU-1017,Beverages,252.0,0,147.0,3,399.0,147.0,True,0.0,False,252.0,observed,180,established,False,False,False,False,False
2026-01-23,SKU-1017,Beverages,228.0,1071,990.0,3,147.0,990.0,True,0.0,False,228.0,observed,180,established,False,False,False,False,False
2026-01-24,SKU-1017,Beverages,303.0,0,687.0,3,990.0,687.0,True,0.0,False,303.0,observed,180,established,False,False,False,False,False
2026-01-25,SKU-1017,Beverages,350.0,1091,1428.0,3,687.0,1428.0,True,0.0,False,350.0,observed,180,established,False,False,False,False,False
2026-01-26,SKU-1017,Beverages,263.0,0,1165.0,3,1428.0,1165.0,True,0.0,False,263.0,observed,180,established,False,False,False,False,False
2026-01-27,SKU-1017,Beverages,256.0,0,909.0,3,1165.0,909.0,True,0.0,False,256.0,observed,180,established,False,False,False,False,False
2026-01-28,SKU-1017,Beverages,333.0,0,576.0,3,909.0,576.0,True,0.0,False,333.0,observed,180,established,False,False,False,False,False
2026-01-29,SKU-1017,Beverages,350.0,0,226.0,3,576.0,226.0,True,0.0,False,350.0,observed,180,established,False,False,False,False,False
2026-01-30,SKU-1017,Beverages,310.0,0,0.0,3,226.0,-84.0,False,-84.0,True,310.0,observed,180,established,False,False,False,True,False
2026-01-31,SKU-1017,Beverages,353.0,1007,654.0,3,0.0,654.0,True,0.0,False,353.0,observed,180,established,False,False,False,False,False
2026-02-01,SKU-1017,Beverages,265.0,953,1342.0,3,654.0,1342.0,True,0.0,False,265.0,observed,180,established,False,False,False,False,False
2026-02-02,SKU-1017,Beverages,331.0,0,1011.0,3,1342.0,1011.0,True,0.0,False,331.0,observed,180,established,False,False,False,False,False
2026-02-03,SKU-1017,Beverages,301.0,0,710.0,3,1011.0,710.0,True,0.0,False,301.0,observed,180,established,False,False,False,False,False
2026-02-04,SKU-1017,Beverages,313.0,0,397.0,3,710.0,397.0,True,0.0,False,313.0,observed,180,established,False,False,False,False,False
2026-02-05,SKU-1017,Beverages,248.0,803,952.0,3,397.0,952.0,True,0.0,False,248.0,observed,180,established,False,False,False,False,False
2026-02-06,SKU-1017,Beverages,233.0,0,719.0,3,952.0,719.0,True,0.0,False,233.0,observed,180,established,False,False,False,False,False
2026-02-07,SKU-1017,Beverages,221.0,0,498.0,3,719.0,498.0,True,0.0,False,221.0,observed,180,established,False,False,False,False,False
2026-02-08,SKU-1017,Beverages,209.0,0,289.0,3,498.0,289.0,True,0.0,False,209.0,observed,180,established,False,False,False,False,False
2026-02-09,SKU-1017,Beverages,319.0,0,0.0,3,289.0,-30.0,False,-30.0,True,319.0,observed,180,established,False,False,False,True,False
2026-02-10,SKU-1017,Beverages,228.0,1189,961.0,3,0.0,961.0,True,0.0,False,228.0,observed,180,established,False,False,False,False,False
2026-02-11,SKU-1017,Beverages,393.0,0,568.0,3,961.0,568.0,True,0.0,False,393.0,observed,180,established,False,False,False,False,False
2026-02-12,SKU-1017,Beverages,277.0,0,291.0,3,568.0,291.0,True,0.0,False,277.0,observed,180,established,False,False,False,False,False
2026-02-13,SKU-1017,Beverages,283.0,0,8.0,3,291.0,8.0,True,0.0,False,283.0,observed,180,established,False,False,False,False,False
2026-02-14,SKU-1017,Beverages,261.0,1178,925.0,3,8.0,925.0,True,0.0,False,261.0,observed,180,established,False,False,False,False,False
2026-02-15,SKU-1017,Beverages,233.0,0,692.0,3,925.0,692.0,True,0.0,False,233.0,observed,180,established,False,False,False,False,False
2026-02-16,SKU-1017,Beverages,259.0,1095,1528.0,3,692.0,1528.0,True,0.0,False,259.0,observed,180,established,False,False,False,False,False
2026-02-17,SKU-1017,Beverages,276.0,0,1252.0,3,1528.0,1252.0,True,0.0,False,276.0,observed,180,established,False,False,False,False,False
2026-02-18,SKU-1017,Beverages,275.0,0,977.0,3,1252.0,977.0,True,0.0,False,275.0,observed,180,established,False,False,False,False,False
2026-02-19,SKU-1017,Beverages,378.0,0,599.0,3,977.0,599.0,True,0.0,False,378.0,observed,180,established,False,False,False,False,False
2026-02-20,SKU-1017,Beverages,265.0,0,334.0,3,599.0,334.0,True,0.0,False,265.0,observed,180,established,False,False,False,False,False
2026-02-21,SKU-1017,Beverages,229.0,0,105.0,3,334.0,105.0,True,0.0,False,229.0,observed,180,established,False,False,False,False,False
2026-02-22,SKU-1017,Beverages,94.0,0,11.0,3,105.0,11.0,True,0.0,False,94.0,observed,180,established,False,False,False,False,False
2026-02-23,SKU-1017,Beverages,287.0,1153,877.0,3,11.0,877.0,True,0.0,False,287.0,observed,180,established,False,False,False,False,False
2026-02-24,SKU-1017,Beverages,281.0,0,596.0,3,877.0,596.0,True,0.0,False,281.0,observed,180,established,False,False,False,False,False
2026-02-25,SKU-1017,Beverages,358.0,0,238.0,3,596.0,238.0,True,0.0,False,358.0,observed,180,established,False,False,False,False,False
2026-02-26,SKU-1017,Beverages,252.0,0,0.0,3,238.0,-14.0,False,-14.0,True,252.0,observed,180,established,False,False,False,True,False
2026-02-27,SKU-1017,Beverages,276.0,1116,840.0,3,0.0,840.0,True,0.0,False,276.0,observed,180,established,False,False,False,False,False
2026-02-28,SKU-1017,Beverages,254.0,0,586.0,3,840.0,586.0,True,0.0,False,254.0,observed,180,established,False,False,False,False,False
2026-03-01,SKU-1017,Beverages,252.0,0,334.0,3,586.0,334.0,True,0.0,False,252.0,observed,180,established,False,False,False,False,False
2026-03-02,SKU-1017,Beverages,270.0,0,64.0,3,334.0,64.0,True,0.0,False,270.0,observed,180,established,False,False,False,False,False
2026-03-03,SKU-1017,Beverages,370.0,1080,774.0,3,64.0,774.0,True,0.0,False,370.0,observed,180,established,False,False,False,False,False
2026-03-04,SKU-1017,Beverages,302.0,0,472.0,3,774.0,472.0,True,0.0,False,302.0,observed,180,established,False,False,False,False,False
2026-03-05,SKU-1017,Beverages,279.0,844,1037.0,3,472.0,1037.0,True,0.0,False,279.0,observed,180,established,False,False,False,False,False
2026-03-06,SKU-1017,Beverages,186.0,0,851.0,3,1037.0,851.0,True,0.0,False,186.0,observed,180,established,False,False,False,False,False
2026-03-07,SKU-1017,Beverages,254.0,0,597.0,3,851.0,597.0,True,0.0,False,254.0,observed,180,established,False,False,False,False,False
2026-03-08,SKU-1017,Beverages,326.0,0,271.0,3,597.0,271.0,True,0.0,False,326.0,observed,180,established,False,False,False,False,False
2026-03-09,SKU-1017,Beverages,122.0,0,149.0,3,271.0,149.0,True,0.0,False,122.0,observed,180,established,False,False,False,False,False
2026-03-10,SKU-1017,Beverages,341.0,1184,992.0,3,149.0,992.0,True,0.0,False,341.0,observed,180,established,False,False,False,False,False
2026-03-11,SKU-1017,Beverages,296.0,0,696.0,3,992.0,696.0,True,0.0,False,296.0,observed,180,established,False,False,False,False,False
2026-03-12,SKU-1017,Beverages,230.0,859,1325.0,3,696.0,,False,,False,,stock_balance_reconstructed,180,established,False,False,False,False,False
2026-03-13,SKU-1017,Beverages,265.0,0,1060.0,3,1325.0,1060.0,True,0.0,False,265.0,observed,180,established,False,False,False,False,False
2026-03-14,SKU-1017,Beverages,242.0,0,818.0,3,1060.0,818.0,True,0.0,False,242.0,observed,180,established,False,False,False,False,False
2026-03-15,SKU-1017,Beverages,316.0,0,502.0,3,818.0,502.0,True,0.0,False,316.0,observed,180,established,False,False,False,False,False
2026-03-16,SKU-1017,Beverages,312.0,0,190.0,3,502.0,190.0,True,0.0,False,312.0,observed,180,established,False,False,False,False,False
2026-03-17,SKU-1017,Beverages,295.0,0,0.0,3,190.0,-105.0,False,-105.0,True,295.0,observed,180,established,False,False,False,True,False
2026-03-18,SKU-1017,Beverages,326.0,0,0.0,3,0.0,-326.0,False,-326.0,True,326.0,observed,180,established,False,False,False,True,False
2026-03-19,SKU-1017,Beverages,292.0,0,0.0,3,0.0,-292.0,False,-292.0,True,292.0,observed,180,established,False,False,False,True,False
2026-03-20,SKU-1017,Beverages,236.0,0,0.0,3,0.0,-236.0,False,-236.0,True,236.0,observed,180,established,False,False,False,True,False
2026-03-21,SKU-1017,Beverages,235.0,0,0.0,3,0.0,-235.0,False,-235.0,True,235.0,observed,180,established,False,False,False,True,False
2026-03-22,SKU-1017,Beverages,254.0,1137,883.0,3,0.0,883.0,True,0.0,False,254.0,observed,180,established,False,False,False,False,False
2026-03-23,SKU-1017,Beverages,263.0,0,620.0,3,883.0,620.0,True,0.0,False,263.0,observed,180,established,False,False,False,False,False
2026-03-24,SKU-1017,Beverages,84.0,950,1486.0,3,620.0,1486.0,True,0.0,False,84.0,observed,180,established,False,False,False,False,False
2026-03-25,SKU-1017,Beverages,311.0,0,1175.0,3,1486.0,1175.0,True,0.0,False,311.0,observed,180,established,False,False,False,False,False
2026-03-26,SKU-1017,Beverages,330.0,0,845.0,3,1175.0,845.0,True,0.0,False,330.0,observed,180,established,False,False,False,False,False
2026-03-27,SKU-1017,Beverages,253.0,0,592.0,3,845.0,592.0,True,0.0,False,253.0,observed,180,established,False,False,False,False,False
2026-03-28,SKU-1017,Beverages,275.0,891,1208.0,3,592.0,1208.0,True,0.0,False,275.0,observed,180,established,False,False,False,False,False
2026-03-29,SKU-1017,Beverages,261.0,0,947.0,3,1208.0,947.0,True,0.0,False,261.0,observed,180,established,False,False,False,False,False
2026-03-30,SKU-1017,Beverages,288.0,0,659.0,3,947.0,659.0,True,0.0,False,288.0,observed,180,established,False,False,False,False,False
2026-03-31,SKU-1017,Beverages,354.0,0,305.0,3,659.0,305.0,True,0.0,False,354.0,observed,180,established,False,False,False,False,False
2026-04-01,SKU-1017,Beverages,352.0,823,776.0,3,305.0,776.0,True,0.0,False,352.0,observed,180,established,False,False,False,False,False
2026-04-02,SKU-1017,Beverages,251.0,0,525.0,3,776.0,525.0,True,0.0,False,251.0,observed,180,established,False,False,False,False,False
2026-04-03,SKU-1017,Beverages,252.0,0,273.0,3,525.0,273.0,True,0.0,False,252.0,observed,180,established,False,False,False,False,False
2026-04-04,SKU-1017,Beverages,259.0,0,14.0,3,273.0,14.0,True,0.0,False,259.0,observed,180,established,False,False,False,False,False
2026-04-05,SKU-1017,Beverages,280.0,1133,867.0,3,14.0,867.0,True,0.0,False,280.0,observed,180,established,False,False,False,False,False
2026-04-06,SKU-1017,Beverages,365.0,0,502.0,3,867.0,502.0,True,0.0,False,365.0,observed,180,established,False,False,False,False,False
2026-04-07,SKU-1017,Beverages,251.0,0,251.0,3,502.0,251.0,True,0.0,False,251.0,observed,180,established,False,False,False,False,False
2026-04-08,SKU-1017,Beverages,391.0,0,0.0,3,251.0,-140.0,False,-140.0,True,391.0,observed,180,established,False,False,False,True,False
2026-04-09,SKU-1017,Beverages,291.0,0,0.0,3,0.0,-291.0,False,-291.0,True,291.0,observed,180,established,False,False,False,True,False
2026-04-10,SKU-1017,Beverages,299.0,0,0.0,3,0.0,-299.0,False,-299.0,True,299.0,observed,180,established,False,False,False,True,False
2026-04-11,SKU-1017,Beverages,254.0,0,0.0,3,0.0,-254.0,False,-254.0,True,254.0,observed,180,established,False,False,False,True,False
2026-04-12,SKU-1017,Beverages,325.0,0,0.0,3,0.0,-325.0,False,-325.0,True,325.0,observed,180,established,False,False,False,True,False
2026-04-13,SKU-1017,Beverages,292.0,0,0.0,3,0.0,-292.0,False,-292.0,True,292.0,observed,180,established,False,False,False,True,False
2026-04-14,SKU-1017,Beverages,359.0,0,0.0,3,0.0,-359.0,False,-359.0,True,359.0,observed,180,established,False,False,False,True,False
2026-04-15,SKU-1017,Beverages,379.0,1098,719.0,3,0.0,719.0,True,0.0,False,379.0,observed,180,established,False,False,False,False,False
2026-04-16,SKU-1017,Beverages,302.0,878,1295.0,3,719.0,1295.0,True,0.0,False,302.0,observed,180,established,False,False,False,False,False
2026-04-17,SKU-1017,Beverages,276.0,0,1019.0,3,1295.0,1019.0,True,0.0,False,276.0,observed,180,established,False,False,False,False,False
2026-04-18,SKU-1017,Beverages,251.0,0,768.0,3,1019.0,768.0,True,0.0,False,251.0,observed,180,established,False,False,False,False,False
2026-04-19,SKU-1017,Beverages,236.0,0,532.0,3,768.0,532.0,True,0.0,False,236.0,observed,180,established,False,False,False,False,False
2026-04-20,SKU-1017,Beverages,264.0,1142,1410.0,3,532.0,1410.0,True,0.0,False,264.0,observed,180,established,False,False,False,False,False
2026-04-21,SKU-1017,Beverages,366.0,0,1044.0,3,1410.0,1044.0,True,0.0,False,366.0,observed,180,established,False,False,False,False,False
2026-04-22,SKU-1017,Beverages,394.0,0,650.0,3,1044.0,650.0,True,0.0,False,394.0,observed,180,established,False,False,False,False,False
2026-04-23,SKU-1017,Beverages,354.0,0,296.0,3,650.0,296.0,True,0.0,False,354.0,observed,180,established,False,False,False,False,False
2026-04-24,SKU-1017,Beverages,267.0,0,29.0,3,296.0,29.0,True,0.0,False,267.0,observed,180,established,False,False,False,False,False
2026-04-25,SKU-1017,Beverages,300.0,0,0.0,3,29.0,-271.0,False,-271.0,True,300.0,observed,180,established,False,False,False,True,False
2026-04-26,SKU-1017,Beverages,252.0,0,0.0,3,0.0,-252.0,False,-252.0,True,252.0,observed,180,established,False,False,False,True,False
2026-04-27,SKU-1017,Beverages,274.0,0,0.0,3,0.0,-274.0,False,-274.0,True,274.0,observed,180,established,False,False,False,True,False
2026-04-28,SKU-1017,Beverages,229.0,0,0.0,3,0.0,-229.0,False,-229.0,True,229.0,observed,180,established,False,False,False,True,False
2026-04-29,SKU-1017,Beverages,315.0,840,525.0,3,0.0,525.0,True,0.0,False,315.0,observed,180,established,False,False,False,False,False
2026-04-30,SKU-1017,Beverages,412.0,0,113.0,3,525.0,113.0,True,0.0,False,412.0,observed,180,established,False,False,False,False,False
2026-05-01,SKU-1017,Beverages,253.0,0,0.0,3,113.0,-140.0,False,-140.0,True,253.0,observed,180,established,False,False,False,True,False
2026-05-02,SKU-1017,Beverages,280.0,0,0.0,3,0.0,-280.0,False,-280.0,True,280.0,observed,180,established,False,False,False,True,False
2026-05-03,SKU-1017,Beverages,439.0,0,0.0,3,0.0,-439.0,False,-439.0,True,439.0,observed,180,established,False,False,False,True,False
2026-05-04,SKU-1017,Beverages,307.0,0,0.0,3,0.0,-307.0,False,-307.0,True,307.0,observed,180,established,False,False,False,True,False
2026-05-05,SKU-1017,Beverages,399.0,944,545.0,3,0.0,545.0,True,0.0,False,399.0,observed,180,established,False,False,False,False,False
2026-05-06,SKU-1017,Beverages,376.0,931,1100.0,3,545.0,1100.0,True,0.0,False,376.0,observed,180,established,False,False,False,False,False
2026-05-07,SKU-1017,Beverages,368.0,0,732.0,3,1100.0,732.0,True,0.0,False,368.0,observed,180,established,False,False,False,False,False
2026-05-08,SKU-1017,Beverages,305.0,0,427.0,3,732.0,427.0,True,0.0,False,305.0,observed,180,established,False,False,False,False,False
2026-05-09,SKU-1017,Beverages,324.0,0,103.0,3,427.0,103.0,True,0.0,False,324.0,observed,180,established,False,False,False,False,False
2026-05-10,SKU-1017,Beverages,327.0,0,0.0,3,103.0,-224.0,False,-224.0,True,327.0,observed,180,established,False,False,False,True,False
2026-05-11,SKU-1017,Beverages,207.0,0,0.0,3,0.0,-207.0,False,-207.0,True,207.0,observed,180,established,False,False,False,True,False
2026-05-12,SKU-1017,Beverages,397.0,0,0.0,3,0.0,-397.0,False,-397.0,True,397.0,observed,180,established,False,False,False,True,False
2026-05-13,SKU-1017,Beverages,269.0,0,0.0,3,0.0,-269.0,False,-269.0,True,269.0,observed,180,established,False,False,False,True,False
2026-05-14,SKU-1017,Beverages,347.0,911,564.0,3,0.0,564.0,True,0.0,False,347.0,observed,180,established,False,False,False,False,False
2026-05-15,SKU-1017,Beverages,243.0,0,321.0,3,564.0,321.0,True,0.0,False,243.0,observed,180,established,False,False,False,False,False
2026-05-16,SKU-1017,Beverages,150.0,0,171.0,3,321.0,171.0,True,0.0,False,150.0,observed,180,established,False,False,False,False,False
2026-05-17,SKU-1017,Beverages,231.0,0,0.0,3,171.0,-60.0,False,-60.0,True,231.0,observed,180,established,False,False,False,True,False
2026-05-18,SKU-1017,Beverages,278.0,0,0.0,3,0.0,-278.0,False,-278.0,True,278.0,observed,180,established,False,False,False,True,False
2026-05-19,SKU-1017,Beverages,436.0,824,388.0,3,0.0,388.0,True,0.0,False,436.0,observed,180,established,False,False,False,False,False
2026-05-20,SKU-1017,Beverages,339.0,0,49.0,3,388.0,49.0,True,0.0,False,339.0,observed,180,established,False,False,False,False,False
2026-05-21,SKU-1017,Beverages,224.0,1039,864.0,3,49.0,864.0,True,0.0,False,224.0,observed,180,established,False,False,False,False,False
2026-05-22,SKU-1017,Beverages,287.0,0,577.0,3,864.0,577.0,True,0.0,False,287.0,observed,180,established,False,False,False,False,False
2026-05-23,SKU-1017,Beverages,271.0,0,306.0,3,577.0,306.0,True,0.0,False,271.0,observed,180,established,False,False,False,False,False
2026-05-24,SKU-1017,Beverages,222.0,816,900.0,3,306.0,900.0,True,0.0,False,222.0,observed,180,established,False,False,False,False,False
2026-05-25,SKU-1017,Beverages,363.0,0,537.0,3,900.0,537.0,True,0.0,False,363.0,observed,180,established,False,False,False,False,False
2026-05-26,SKU-1017,Beverages,373.0,0,164.0,3,537.0,164.0,True,0.0,False,373.0,observed,180,established,False,False,False,False,False
2026-05-27,SKU-1017,Beverages,415.0,0,0.0,3,164.0,-251.0,False,-251.0,True,415.0,observed,180,established,False,False,False,True,False
2026-05-28,SKU-1017,Beverages,447.0,0,0.0,3,0.0,-447.0,False,-447.0,True,447.0,observed,180,established,False,False,False,True,False
2026-05-29,SKU-1017,Beverages,280.0,1162,882.0,3,0.0,882.0,True,0.0,False,280.0,observed,180,established,False,False,False,False,False
2026-05-30,SKU-1017,Beverages,274.0,0,608.0,3,882.0,608.0,True,0.0,False,274.0,observed,180,established,False,False,False,False,False
2026-05-31,SKU-1017,Beverages,244.0,0,364.0,3,608.0,364.0,True,0.0,False,244.0,observed,180,established,False,False,False,False,False
2026-06-01,SKU-1017,Beverages,370.0,0,0.0,3,364.0,-6.0,False,-6.0,True,370.0,observed,180,established,False,False,False,True,False
2026-06-02,SKU-1017,Beverages,257.0,827,570.0,3,0.0,570.0,True,0.0,False,257.0,observed,180,established,False,False,False,False,False
2026-06-03,SKU-1017,Beverages,,0,0.0,3,570.0,,False,,False,,observed,180,established,False,False,False,True,False
2026-06-04,SKU-1017,Beverages,248.0,0,0.0,3,0.0,-248.0,False,-248.0,True,248.0,observed,180,established,False,False,False,True,False
2026-06-05,SKU-1017,Beverages,291.0,0,0.0,3,0.0,-291.0,False,-291.0,True,291.0,observed,180,established,False,False,False,True,False
2026-06-06,SKU-1017,Beverages,208.0,995,787.0,3,0.0,787.0,True,0.0,False,208.0,observed,180,established,False,False,False,False,False
2026-06-07,SKU-1017,Beverages,331.0,0,456.0,3,787.0,456.0,True,0.0,False,331.0,observed,180,established,False,False,False,False,False
2026-06-08,SKU-1017,Beverages,352.0,0,104.0,3,456.0,104.0,True,0.0,False,352.0,observed,180,established,False,False,False,False,False
2026-06-09,SKU-1017,Beverages,420.0,0,0.0,3,104.0,-316.0,False,-316.0,True,420.0,observed,180,established,False,False,False,True,False
2026-06-10,SKU-1017,Beverages,348.0,0,0.0,3,0.0,-348.0,False,-348.0,True,348.0,observed,180,established,False,False,False,True,False
2026-06-11,SKU-1017,Beverages,354.0,0,0.0,3,0.0,-354.0,False,-354.0,True,354.0,observed,180,established,False,False,False,True,False
2026-06-12,SKU-1017,Beverages,322.0,0,0.0,3,0.0,-322.0,False,-322.0,True,322.0,observed,180,established,False,False,False,True,False
2026-06-13,SKU-1017,Beverages,232.0,993,761.0,3,0.0,761.0,True,0.0,False,232.0,observed,180,established,False,False,False,False,False
2026-06-14,SKU-1017,Beverages,270.0,0,491.0,3,761.0,491.0,True,0.0,False,270.0,observed,180,established,False,False,False,False,False
2026-06-15,SKU-1017,Beverages,337.0,0,154.0,3,491.0,154.0,True,0.0,False,337.0,observed,180,established,False,False,False,False,False
2026-06-16,SKU-1017,Beverages,326.0,1055,883.0,3,154.0,883.0,True,0.0,False,326.0,observed,180,established,False,False,False,False,False
2026-06-17,SKU-1017,Beverages,373.0,0,510.0,3,883.0,510.0,True,0.0,False,373.0,observed,180,established,False,False,False,False,False
2026-06-18,SKU-1017,Beverages,356.0,0,154.0,3,510.0,154.0,True,0.0,False,356.0,observed,180,established,False,False,False,False,False
2026-06-19,SKU-1017,Beverages,214.0,0,0.0,3,154.0,-60.0,False,-60.0,True,214.0,observed,180,established,False,False,False,True,False
2026-06-20,SKU-1017,Beverages,335.0,1125,790.0,3,0.0,790.0,True,0.0,False,335.0,observed,180,established,False,False,False,False,False
2026-06-21,SKU-1017,Beverages,230.0,0,560.0,3,790.0,560.0,True,0.0,False,230.0,observed,180,established,False,False,False,False,False
2026-06-22,SKU-1017,Beverages,243.0,0,317.0,3,560.0,317.0,True,0.0,False,243.0,observed,180,established,False,False,False,False,False
2026-06-23,SKU-1017,Beverages,281.0,0,36.0,3,317.0,36.0,True,0.0,False,281.0,observed,180,established,False,False,False,False,False
2026-06-24,SKU-1017,Beverages,341.0,0,0.0,3,36.0,-305.0,False,-305.0,True,341.0,observed,180,established,False,False,False,True,False
2026-06-25,SKU-1017,Beverages,369.0,0,0.0,3,0.0,-369.0,False,-369.0,True,369.0,observed,180,established,False,False,False,True,False
2026-06-26,SKU-1017,Beverages,332.0,0,0.0,3,0.0,-332.0,False,-332.0,True,332.0,observed,180,established,False,False,False,True,False
2026-06-27,SKU-1017,Beverages,285.0,0,0.0,3,0.0,-285.0,False,-285.0,True,285.0,observed,180,established,False,False,False,True,False
2026-06-28,SKU-1017,Beverages,347.0,1090,743.0,3,0.0,743.0,True,0.0,False,347.0,observed,180,established,False,False,False,False,False
2026-06-29,SKU-1017,Beverages,243.0,1191,1691.0,3,743.0,1691.0,True,0.0,False,243.0,observed,180,established,False,False,False,False,False
2026-01-01,SKU-1018,Flour,217.0,4216,6988.0,14,,,False,,False,217.0,observed,180,established,False,False,False,False,False
2026-01-02,SKU-1018,Flour,305.0,0,6683.0,14,6988.0,6683.0,True,0.0,False,305.0,observed,180,established,False,False,False,False,False
2026-01-03,SKU-1018,Flour,275.0,0,6408.0,14,6683.0,6408.0,True,0.0,False,275.0,observed,180,established,False,False,False,False,False
2026-01-04,SKU-1018,Flour,358.0,0,6050.0,14,6408.0,6050.0,True,0.0,False,358.0,observed,180,established,False,False,False,False,False
2026-01-05,SKU-1018,Flour,202.0,0,5848.0,14,6050.0,5848.0,True,0.0,False,202.0,observed,180,established,False,False,False,False,False
2026-01-06,SKU-1018,Flour,473.0,0,5375.0,14,5848.0,5375.0,True,0.0,False,473.0,observed,180,established,False,False,False,False,False
2026-01-07,SKU-1018,Flour,329.0,0,5046.0,14,5375.0,5046.0,True,0.0,False,329.0,observed,180,established,False,False,False,False,False
2026-01-08,SKU-1018,Flour,318.0,0,4728.0,14,5046.0,4728.0,True,0.0,False,318.0,observed,180,established,False,False,False,False,False
2026-01-09,SKU-1018,Flour,219.0,0,4509.0,14,4728.0,4509.0,True,0.0,False,219.0,observed,180,established,False,False,False,False,False
2026-01-10,SKU-1018,Flour,207.0,0,4302.0,14,4509.0,4302.0,True,0.0,False,207.0,observed,180,established,False,False,False,False,False
2026-01-11,SKU-1018,Flour,274.0,0,4028.0,14,4302.0,4028.0,True,0.0,False,274.0,observed,180,established,False,False,False,False,False
2026-01-12,SKU-1018,Flour,231.0,0,3797.0,14,4028.0,3797.0,True,0.0,False,231.0,observed,180,established,False,False,False,False,False
2026-01-13,SKU-1018,Flour,327.0,0,3470.0,14,3797.0,3470.0,True,0.0,False,327.0,observed,180,established,False,False,False,False,False
2026-01-14,SKU-1018,Flour,446.0,5751,8775.0,14,3470.0,8775.0,True,0.0,False,446.0,observed,180,established,False,False,False,False,False
2026-01-15,SKU-1018,Flour,396.0,0,8379.0,14,8775.0,8379.0,True,0.0,False,396.0,observed,180,established,False,False,False,False,False
2026-01-16,SKU-1018,Flour,311.0,0,8068.0,14,8379.0,8068.0,True,0.0,False,311.0,observed,180,established,False,False,False,False,False
2026-01-17,SKU-1018,Flour,236.0,0,7832.0,14,8068.0,7832.0,True,0.0,False,236.0,observed,180,established,False,False,False,False,False
2026-01-18,SKU-1018,Flour,341.0,0,7491.0,14,7832.0,7491.0,True,0.0,False,341.0,observed,180,established,False,False,False,False,False
2026-01-19,SKU-1018,Flour,167.0,0,7324.0,14,7491.0,7324.0,True,0.0,False,167.0,observed,180,established,False,False,False,False,False
2026-01-20,SKU-1018,Flour,406.0,0,6918.0,14,7324.0,6918.0,True,0.0,False,406.0,observed,180,established,False,False,False,False,False
2026-01-21,SKU-1018,Flour,473.0,0,6445.0,14,6918.0,6445.0,True,0.0,False,473.0,observed,180,established,False,False,False,False,False
2026-01-22,SKU-1018,Flour,227.0,0,6218.0,14,6445.0,6218.0,True,0.0,False,227.0,observed,180,established,False,False,False,False,False
2026-01-23,SKU-1018,Flour,292.0,0,5926.0,14,6218.0,5926.0,True,0.0,False,292.0,observed,180,established,False,False,False,False,False
2026-01-24,SKU-1018,Flour,307.0,0,5619.0,14,5926.0,5619.0,True,0.0,False,307.0,observed,180,established,False,False,False,False,False
2026-01-25,SKU-1018,Flour,296.0,0,5323.0,14,5619.0,5323.0,True,0.0,False,296.0,observed,180,established,False,False,False,False,False
2026-01-26,SKU-1018,Flour,310.0,0,5013.0,14,5323.0,5013.0,True,0.0,False,310.0,observed,180,established,False,False,False,False,False
2026-01-27,SKU-1018,Flour,272.0,0,4741.0,14,5013.0,4741.0,True,0.0,False,272.0,observed,180,established,False,False,False,False,False
2026-01-28,SKU-1018,Flour,421.0,0,4320.0,14,4741.0,4320.0,True,0.0,False,421.0,observed,180,established,False,False,False,False,False
2026-01-29,SKU-1018,Flour,307.0,0,4013.0,14,4320.0,4013.0,True,0.0,False,307.0,observed,180,established,False,False,False,False,False
2026-01-30,SKU-1018,Flour,193.0,0,3820.0,14,4013.0,3820.0,True,0.0,False,193.0,observed,180,established,False,False,False,False,False
2026-01-31,SKU-1018,Flour,203.0,0,3617.0,14,3820.0,3617.0,True,0.0,False,203.0,observed,180,established,False,False,False,False,False
2026-02-01,SKU-1018,Flour,205.0,0,3412.0,14,3617.0,3412.0,True,0.0,False,205.0,observed,180,established,False,False,False,False,False
2026-02-02,SKU-1018,Flour,345.0,0,3067.0,14,3412.0,3067.0,True,0.0,False,345.0,observed,180,established,False,False,False,False,False
2026-02-03,SKU-1018,Flour,353.0,0,2714.0,14,3067.0,2714.0,True,0.0,False,353.0,observed,180,established,False,False,False,False,False
2026-02-04,SKU-1018,Flour,294.0,0,2420.0,14,2714.0,2420.0,True,0.0,False,294.0,observed,180,established,False,False,False,False,False
2026-02-05,SKU-1018,Flour,246.0,5345,7519.0,14,2420.0,7519.0,True,0.0,False,246.0,observed,180,established,False,False,False,False,False
2026-02-06,SKU-1018,Flour,292.0,0,7227.0,14,7519.0,7227.0,True,0.0,False,292.0,observed,180,established,False,False,False,False,False
2026-02-07,SKU-1018,Flour,285.0,0,6942.0,14,7227.0,6942.0,True,0.0,False,285.0,observed,180,established,False,False,False,False,False
2026-02-08,SKU-1018,Flour,225.0,0,6717.0,14,6942.0,6717.0,True,0.0,False,225.0,observed,180,established,False,False,False,False,False
2026-02-09,SKU-1018,Flour,352.0,0,6365.0,14,6717.0,6365.0,True,0.0,False,352.0,observed,180,established,False,False,False,False,False
2026-02-10,SKU-1018,Flour,267.0,0,6098.0,14,6365.0,6098.0,True,0.0,False,267.0,observed,180,established,False,False,False,False,False
2026-02-11,SKU-1018,Flour,348.0,0,5750.0,14,6098.0,5750.0,True,0.0,False,348.0,observed,180,established,False,False,False,False,False
2026-02-12,SKU-1018,Flour,273.0,0,5477.0,14,5750.0,5477.0,True,0.0,False,273.0,observed,180,established,False,False,False,False,False
2026-02-13,SKU-1018,Flour,326.0,0,5151.0,14,5477.0,5151.0,True,0.0,False,326.0,observed,180,established,False,False,False,False,False
2026-02-14,SKU-1018,Flour,279.0,0,4872.0,14,5151.0,4872.0,True,0.0,False,279.0,observed,180,established,False,False,False,False,False
2026-02-15,SKU-1018,Flour,313.0,0,4559.0,14,4872.0,4559.0,True,0.0,False,313.0,observed,180,established,False,False,False,False,False
2026-02-16,SKU-1018,Flour,330.0,0,4229.0,14,4559.0,4229.0,True,0.0,False,330.0,observed,180,established,False,False,False,False,False
2026-02-17,SKU-1018,Flour,464.0,0,3765.0,14,4229.0,3765.0,True,0.0,False,464.0,observed,180,established,False,False,False,False,False
2026-02-18,SKU-1018,Flour,289.0,0,3476.0,14,3765.0,3476.0,True,0.0,False,289.0,observed,180,established,False,False,False,False,False
2026-02-19,SKU-1018,Flour,300.0,0,3176.0,14,3476.0,3176.0,True,0.0,False,300.0,observed,180,established,False,False,False,False,False
2026-02-20,SKU-1018,Flour,284.0,0,2892.0,14,3176.0,2892.0,True,0.0,False,284.0,observed,180,established,False,False,False,False,False
2026-02-21,SKU-1018,Flour,216.0,0,2676.0,14,2892.0,2676.0,True,0.0,False,216.0,observed,180,established,False,False,False,False,False
2026-02-22,SKU-1018,Flour,267.0,0,2409.0,14,2676.0,2409.0,True,0.0,False,267.0,observed,180,established,False,False,False,False,False
2026-02-23,SKU-1018,Flour,251.0,0,2158.0,14,2409.0,2158.0,True,0.0,False,251.0,observed,180,established,False,False,False,False,False
2026-02-24,SKU-1018,Flour,493.0,0,1665.0,14,2158.0,1665.0,True,0.0,False,493.0,observed,180,established,False,False,False,False,False
2026-02-25,SKU-1018,Flour,270.0,0,1395.0,14,1665.0,1395.0,True,0.0,False,270.0,observed,180,established,False,False,False,False,False
2026-02-26,SKU-1018,Flour,281.0,0,1114.0,14,1395.0,1114.0,True,0.0,False,281.0,observed,180,established,False,False,False,False,False
2026-02-27,SKU-1018,Flour,295.0,0,819.0,14,1114.0,819.0,True,0.0,False,295.0,observed,180,established,False,False,False,False,False
2026-02-28,SKU-1018,Flour,260.0,0,559.0,14,819.0,559.0,True,0.0,False,260.0,observed,180,established,False,False,False,False,False
2026-03-01,SKU-1018,Flour,317.0,0,242.0,14,559.0,242.0,True,0.0,False,317.0,observed,180,established,False,False,False,False,False
2026-03-02,SKU-1018,Flour,435.0,0,0.0,14,242.0,-193.0,False,-193.0,True,435.0,observed,180,established,False,False,False,True,False
2026-03-03,SKU-1018,Flour,297.0,4561,4264.0,14,0.0,4264.0,True,0.0,False,297.0,observed,180,established,False,False,False,False,False
2026-03-04,SKU-1018,Flour,363.0,0,3901.0,14,4264.0,3901.0,True,0.0,False,363.0,observed,180,established,False,False,False,False,False
2026-03-05,SKU-1018,Flour,294.0,0,3607.0,14,3901.0,3607.0,True,0.0,False,294.0,observed,180,established,False,False,False,False,False
2026-03-06,SKU-1018,Flour,232.0,0,3375.0,14,3607.0,3375.0,True,0.0,False,232.0,observed,180,established,False,False,False,False,False
2026-03-07,SKU-1018,Flour,221.0,0,3154.0,14,3375.0,3154.0,True,0.0,False,221.0,observed,180,established,False,False,False,False,False
2026-03-08,SKU-1018,Flour,219.0,0,2935.0,14,3154.0,2935.0,True,0.0,False,219.0,observed,180,established,False,False,False,False,False
2026-03-09,SKU-1018,Flour,300.0,0,2635.0,14,2935.0,2635.0,True,0.0,False,300.0,observed,180,established,False,False,False,False,False
2026-03-10,SKU-1018,Flour,223.0,0,2412.0,14,2635.0,2412.0,True,0.0,False,223.0,observed,180,established,False,False,False,False,False
2026-03-11,SKU-1018,Flour,341.0,0,2071.0,14,2412.0,2071.0,True,0.0,False,341.0,observed,180,established,False,False,False,False,False
2026-03-12,SKU-1018,Flour,309.0,0,1762.0,14,2071.0,1762.0,True,0.0,False,309.0,observed,180,established,False,False,False,False,False
2026-03-13,SKU-1018,Flour,205.0,0,1557.0,14,1762.0,1557.0,True,0.0,False,205.0,observed,180,established,False,False,False,False,False
2026-03-14,SKU-1018,Flour,209.0,4483,5831.0,14,1557.0,5831.0,True,0.0,False,209.0,observed,180,established,False,False,False,False,False
2026-03-15,SKU-1018,Flour,277.0,0,5554.0,14,5831.0,5554.0,True,0.0,False,277.0,observed,180,established,False,False,False,False,False
2026-03-16,SKU-1018,Flour,251.0,0,5303.0,14,5554.0,5303.0,True,0.0,False,251.0,observed,180,established,False,False,False,False,False
2026-03-17,SKU-1018,Flour,240.0,0,5063.0,14,5303.0,5063.0,True,0.0,False,240.0,observed,180,established,False,False,False,False,False
2026-03-18,SKU-1018,Flour,275.0,0,4788.0,14,5063.0,4788.0,True,0.0,False,275.0,observed,180,established,False,False,False,False,False
2026-03-19,SKU-1018,Flour,358.0,0,4430.0,14,4788.0,4430.0,True,0.0,False,358.0,observed,180,established,False,False,False,False,False
2026-03-20,SKU-1018,Flour,238.0,0,4192.0,14,4430.0,4192.0,True,0.0,False,238.0,observed,180,established,False,False,False,False,False
2026-03-21,SKU-1018,Flour,224.0,0,3968.0,14,4192.0,3968.0,True,0.0,False,224.0,observed,180,established,False,False,False,False,False
2026-03-22,SKU-1018,Flour,282.0,0,3686.0,14,3968.0,3686.0,True,0.0,False,282.0,observed,180,established,False,False,False,False,False
2026-03-23,SKU-1018,Flour,256.0,0,3430.0,14,3686.0,3430.0,True,0.0,False,256.0,observed,180,established,False,False,False,False,False
2026-03-24,SKU-1018,Flour,219.0,6143,9354.0,14,3430.0,9354.0,True,0.0,False,219.0,observed,180,established,False,False,False,False,False
2026-03-25,SKU-1018,Flour,280.0,0,9074.0,14,9354.0,9074.0,True,0.0,False,280.0,observed,180,established,False,False,False,False,False
2026-03-26,SKU-1018,Flour,259.0,0,8815.0,14,9074.0,8815.0,True,0.0,False,259.0,observed,180,established,False,False,False,False,False
2026-03-27,SKU-1018,Flour,272.0,0,8543.0,14,8815.0,8543.0,True,0.0,False,272.0,observed,180,established,False,False,False,False,False
2026-03-28,SKU-1018,Flour,243.0,0,8300.0,14,8543.0,8300.0,True,0.0,False,243.0,observed,180,established,False,False,False,False,False
2026-03-29,SKU-1018,Flour,227.0,0,8073.0,14,8300.0,8073.0,True,0.0,False,227.0,observed,180,established,False,False,False,False,False
2026-03-30,SKU-1018,Flour,260.0,0,7813.0,14,8073.0,7813.0,True,0.0,False,260.0,observed,180,established,False,False,False,False,False
2026-03-31,SKU-1018,Flour,242.0,0,7571.0,14,7813.0,7571.0,True,0.0,False,242.0,observed,180,established,False,False,False,False,False
2026-04-01,SKU-1018,Flour,443.0,0,7128.0,14,7571.0,7128.0,True,0.0,False,443.0,observed,180,established,False,False,False,False,False
2026-04-02,SKU-1018,Flour,518.0,0,6610.0,14,7128.0,6610.0,True,0.0,False,518.0,observed,180,established,False,False,False,False,False
2026-04-03,SKU-1018,Flour,233.0,0,6377.0,14,6610.0,6377.0,True,0.0,False,233.0,observed,180,established,False,False,False,False,False
2026-04-04,SKU-1018,Flour,304.0,0,6073.0,14,6377.0,,False,,False,,stock_balance_reconstructed,180,established,False,False,False,False,False
2026-04-05,SKU-1018,Flour,274.0,0,5799.0,14,6073.0,5799.0,True,0.0,False,274.0,observed,180,established,False,False,False,False,False
2026-04-06,SKU-1018,Flour,313.0,0,5486.0,14,5799.0,5486.0,True,0.0,False,313.0,observed,180,established,False,False,False,False,False
2026-04-07,SKU-1018,Flour,403.0,0,5083.0,14,5486.0,5083.0,True,0.0,False,403.0,observed,180,established,False,False,False,False,False
2026-04-08,SKU-1018,Flour,416.0,0,4667.0,14,5083.0,4667.0,True,0.0,False,416.0,observed,180,established,False,False,False,False,False
2026-04-09,SKU-1018,Flour,170.0,0,4497.0,14,4667.0,4497.0,True,0.0,False,170.0,observed,180,established,False,False,False,False,False
2026-04-10,SKU-1018,Flour,345.0,0,4152.0,14,4497.0,4152.0,True,0.0,False,345.0,observed,180,established,False,False,False,False,False
2026-04-11,SKU-1018,Flour,258.0,0,3894.0,14,4152.0,3894.0,True,0.0,False,258.0,observed,180,established,False,False,False,False,False
2026-04-12,SKU-1018,Flour,232.0,0,3662.0,14,3894.0,3662.0,True,0.0,False,232.0,observed,180,established,False,False,False,False,False
2026-04-13,SKU-1018,Flour,257.0,0,3405.0,14,3662.0,3405.0,True,0.0,False,257.0,observed,180,established,False,False,False,False,False
2026-04-14,SKU-1018,Flour,289.0,5536,8652.0,14,3405.0,8652.0,True,0.0,False,289.0,observed,180,established,False,False,False,False,False
2026-04-15,SKU-1018,Flour,437.0,0,8215.0,14,8652.0,8215.0,True,0.0,False,437.0,observed,180,established,False,False,False,False,False
2026-04-16,SKU-1018,Flour,253.0,0,7962.0,14,8215.0,7962.0,True,0.0,False,253.0,observed,180,established,False,False,False,False,False
2026-04-17,SKU-1018,Flour,255.0,0,7707.0,14,7962.0,7707.0,True,0.0,False,255.0,observed,180,established,False,False,False,False,False
2026-04-18,SKU-1018,Flour,360.0,0,7347.0,14,7707.0,7347.0,True,0.0,False,360.0,observed,180,established,False,False,False,False,False
2026-04-19,SKU-1018,Flour,183.0,0,7164.0,14,7347.0,7164.0,True,0.0,False,183.0,observed,180,established,False,False,False,False,False
2026-04-20,SKU-1018,Flour,250.0,0,6914.0,14,7164.0,6914.0,True,0.0,False,250.0,observed,180,established,False,False,False,False,False
2026-04-21,SKU-1018,Flour,343.0,0,6571.0,14,6914.0,6571.0,True,0.0,False,343.0,observed,180,established,False,False,False,False,False
2026-04-22,SKU-1018,Flour,258.0,0,6313.0,14,6571.0,6313.0,True,0.0,False,258.0,observed,180,established,False,False,False,False,False
2026-04-23,SKU-1018,Flour,257.0,0,6056.0,14,6313.0,6056.0,True,0.0,False,257.0,observed,180,established,False,False,False,False,False
2026-04-24,SKU-1018,Flour,278.0,0,5778.0,14,6056.0,5778.0,True,0.0,False,278.0,observed,180,established,False,False,False,False,False
2026-04-25,SKU-1018,Flour,238.0,0,5540.0,14,5778.0,5540.0,True,0.0,False,238.0,observed,180,established,False,False,False,False,False
2026-04-26,SKU-1018,Flour,255.0,0,5285.0,14,5540.0,5285.0,True,0.0,False,255.0,observed,180,established,False,False,False,False,False
2026-04-27,SKU-1018,Flour,329.0,0,4956.0,14,5285.0,4956.0,True,0.0,False,329.0,observed,180,established,False,False,False,False,False
2026-04-28,SKU-1018,Flour,294.0,0,4662.0,14,4956.0,4662.0,True,0.0,False,294.0,observed,180,established,False,False,False,False,False
2026-04-29,SKU-1018,Flour,276.0,0,4386.0,14,4662.0,4386.0,True,0.0,False,276.0,observed,180,established,False,False,False,False,False
2026-04-30,SKU-1018,Flour,319.0,0,4067.0,14,4386.0,4067.0,True,0.0,False,319.0,observed,180,established,False,False,False,False,False
2026-05-01,SKU-1018,Flour,190.0,0,3877.0,14,4067.0,3877.0,True,0.0,False,190.0,observed,180,established,False,False,False,False,False
2026-05-02,SKU-1018,Flour,253.0,0,3624.0,14,3877.0,3624.0,True,0.0,False,253.0,observed,180,established,False,False,False,False,False
2026-05-03,SKU-1018,Flour,268.0,0,3356.0,14,3624.0,3356.0,True,0.0,False,268.0,observed,180,established,False,False,False,False,False
2026-05-04,SKU-1018,Flour,270.0,0,3086.0,14,3356.0,3086.0,True,0.0,False,270.0,observed,180,established,False,False,False,False,False
2026-05-05,SKU-1018,Flour,279.0,4943,7750.0,14,3086.0,7750.0,True,0.0,False,279.0,observed,180,established,False,False,False,False,False
2026-05-06,SKU-1018,Flour,535.0,0,7215.0,14,7750.0,7215.0,True,0.0,False,535.0,observed,180,established,False,False,False,False,False
2026-05-07,SKU-1018,Flour,266.0,0,6949.0,14,7215.0,6949.0,True,0.0,False,266.0,observed,180,established,False,False,False,False,False
2026-05-08,SKU-1018,Flour,246.0,0,6703.0,14,6949.0,6703.0,True,0.0,False,246.0,observed,180,established,False,False,False,False,False
2026-05-09,SKU-1018,Flour,216.0,0,6487.0,14,6703.0,6487.0,True,0.0,False,216.0,observed,180,established,False,False,False,False,False
2026-05-10,SKU-1018,Flour,265.0,0,6222.0,14,6487.0,6222.0,True,0.0,False,265.0,observed,180,established,False,False,False,False,False
2026-05-11,SKU-1018,Flour,269.0,0,5953.0,14,6222.0,5953.0,True,0.0,False,269.0,observed,180,established,False,False,False,False,False
2026-05-12,SKU-1018,Flour,398.0,0,5555.0,14,5953.0,5555.0,True,0.0,False,398.0,observed,180,established,False,False,False,False,False
2026-05-13,SKU-1018,Flour,499.0,0,5056.0,14,5555.0,5056.0,True,0.0,False,499.0,observed,180,established,False,False,False,False,False
2026-05-14,SKU-1018,Flour,383.0,0,4673.0,14,5056.0,4673.0,True,0.0,False,383.0,observed,180,established,False,False,False,False,False
2026-05-15,SKU-1018,Flour,321.0,0,4352.0,14,4673.0,4352.0,True,0.0,False,321.0,observed,180,established,False,False,False,False,False
2026-05-16,SKU-1018,Flour,238.0,0,4114.0,14,4352.0,4114.0,True,0.0,False,238.0,observed,180,established,False,False,False,False,False
2026-05-17,SKU-1018,Flour,254.0,0,3860.0,14,4114.0,3860.0,True,0.0,False,254.0,observed,180,established,False,False,False,False,False
2026-05-18,SKU-1018,Flour,269.0,0,3591.0,14,3860.0,,False,,False,,stock_balance_reconstructed,180,established,False,False,False,False,False
2026-05-19,SKU-1018,Flour,313.0,0,3278.0,14,3591.0,3278.0,True,0.0,False,313.0,observed,180,established,False,False,False,False,False
2026-05-20,SKU-1018,Flour,447.0,0,2831.0,14,3278.0,2831.0,True,0.0,False,447.0,observed,180,established,False,False,False,False,False
2026-05-21,SKU-1018,Flour,325.0,6109,8615.0,14,2831.0,8615.0,True,0.0,False,325.0,observed,180,established,False,False,False,False,False
2026-05-22,SKU-1018,Flour,246.0,0,8369.0,14,8615.0,8369.0,True,0.0,False,246.0,observed,180,established,False,False,False,False,False
2026-05-23,SKU-1018,Flour,180.0,0,8189.0,14,8369.0,8189.0,True,0.0,False,180.0,observed,180,established,False,False,False,False,False
2026-05-24,SKU-1018,Flour,303.0,0,7886.0,14,8189.0,7886.0,True,0.0,False,303.0,observed,180,established,False,False,False,False,False
2026-05-25,SKU-1018,Flour,318.0,0,7568.0,14,7886.0,7568.0,True,0.0,False,318.0,observed,180,established,False,False,False,False,False
2026-05-26,SKU-1018,Flour,288.0,0,7280.0,14,7568.0,7280.0,True,0.0,False,288.0,observed,180,established,False,False,False,False,False
2026-05-27,SKU-1018,Flour,414.0,0,6866.0,14,7280.0,6866.0,True,0.0,False,414.0,observed,180,established,False,False,False,False,False
2026-05-28,SKU-1018,Flour,357.0,0,6509.0,14,6866.0,6509.0,True,0.0,False,357.0,observed,180,established,False,False,False,False,False
2026-05-29,SKU-1018,Flour,297.0,0,6212.0,14,6509.0,6212.0,True,0.0,False,297.0,observed,180,established,False,False,False,False,False
2026-05-30,SKU-1018,Flour,150.0,0,6062.0,14,6212.0,6062.0,True,0.0,False,150.0,observed,180,established,False,False,False,False,False
2026-05-31,SKU-1018,Flour,203.0,0,5859.0,14,6062.0,5859.0,True,0.0,False,203.0,observed,180,established,False,False,False,False,False
2026-06-01,SKU-1018,Flour,204.0,0,5655.0,14,5859.0,5655.0,True,0.0,False,204.0,observed,180,established,False,False,False,False,False
2026-06-02,SKU-1018,Flour,376.0,0,5279.0,14,5655.0,5279.0,True,0.0,False,376.0,observed,180,established,False,False,False,False,False
2026-06-03,SKU-1018,Flour,368.0,0,4911.0,14,5279.0,4911.0,True,0.0,False,368.0,observed,180,established,False,False,False,False,False
2026-06-04,SKU-1018,Flour,341.0,0,4570.0,14,4911.0,4570.0,True,0.0,False,341.0,observed,180,established,False,False,False,False,False
2026-06-05,SKU-1018,Flour,350.0,0,4220.0,14,4570.0,4220.0,True,0.0,False,350.0,observed,180,established,False,False,False,False,False
2026-06-06,SKU-1018,Flour,210.0,0,4010.0,14,4220.0,4010.0,True,0.0,False,210.0,observed,180,established,False,False,False,False,False
2026-06-07,SKU-1018,Flour,155.0,0,3855.0,14,4010.0,3855.0,True,0.0,False,155.0,observed,180,established,False,False,False,False,False
2026-06-08,SKU-1018,Flour,149.0,0,3706.0,14,3855.0,3706.0,True,0.0,False,149.0,observed,180,established,False,False,False,False,False
2026-06-09,SKU-1018,Flour,423.0,0,3283.0,14,3706.0,3283.0,True,0.0,False,423.0,observed,180,established,False,False,False,False,False
2026-06-10,SKU-1018,Flour,342.0,0,2941.0,14,3283.0,2941.0,True,0.0,False,342.0,observed,180,established,False,False,False,False,False
2026-06-11,SKU-1018,Flour,239.0,0,2702.0,14,2941.0,,False,,False,,stock_balance_reconstructed,180,established,False,False,False,False,False
2026-06-12,SKU-1018,Flour,277.0,0,2425.0,14,2702.0,2425.0,True,0.0,False,277.0,observed,180,established,False,False,False,False,False
2026-06-13,SKU-1018,Flour,192.0,0,2233.0,14,2425.0,2233.0,True,0.0,False,192.0,observed,180,established,False,False,False,False,False
2026-06-14,SKU-1018,Flour,299.0,0,1934.0,14,2233.0,1934.0,True,0.0,False,299.0,observed,180,established,False,False,False,False,False
2026-06-15,SKU-1018,Flour,270.0,0,1664.0,14,1934.0,1664.0,True,0.0,False,270.0,observed,180,established,False,False,False,False,False
2026-06-16,SKU-1018,Flour,394.0,0,1270.0,14,1664.0,1270.0,True,0.0,False,394.0,observed,180,established,False,False,False,False,False
2026-06-17,SKU-1018,Flour,335.0,0,935.0,14,1270.0,935.0,True,0.0,False,335.0,observed,180,established,False,False,False,False,False
2026-06-18,SKU-1018,Flour,458.0,0,477.0,14,935.0,477.0,True,0.0,False,458.0,observed,180,established,False,False,False,False,False
2026-06-19,SKU-1018,Flour,225.0,0,252.0,14,477.0,252.0,True,0.0,False,225.0,observed,180,established,False,False,False,False,False
2026-06-20,SKU-1018,Flour,254.0,5997,5995.0,14,252.0,5995.0,True,0.0,False,254.0,observed,180,established,False,False,False,False,False
2026-06-21,SKU-1018,Flour,299.0,0,5696.0,14,5995.0,5696.0,True,0.0,False,299.0,observed,180,established,False,False,False,False,False
2026-06-22,SKU-1018,Flour,340.0,0,5356.0,14,5696.0,5356.0,True,0.0,False,340.0,observed,180,established,False,False,False,False,False
2026-06-23,SKU-1018,Flour,268.0,0,5088.0,14,5356.0,5088.0,True,0.0,False,268.0,observed,180,established,False,False,False,False,False
2026-06-24,SKU-1018,Flour,361.0,0,4727.0,14,5088.0,4727.0,True,0.0,False,361.0,observed,180,established,False,False,False,False,False
2026-06-25,SKU-1018,Flour,343.0,0,4384.0,14,4727.0,4384.0,True,0.0,False,343.0,observed,180,established,False,False,False,False,False
2026-06-26,SKU-1018,Flour,285.0,0,4099.0,14,4384.0,4099.0,True,0.0,False,285.0,observed,180,established,False,False,False,False,False
2026-06-27,SKU-1018,Flour,218.0,0,3881.0,14,4099.0,3881.0,True,0.0,False,218.0,observed,180,established,False,False,False,False,False
2026-06-28,SKU-1018,Flour,192.0,0,3689.0,14,3881.0,3689.0,True,0.0,False,192.0,observed,180,established,False,False,False,False,False
2026-06-29,SKU-1018,Flour,213.0,0,3476.0,14,3689.0,3476.0,True,0.0,False,213.0,observed,180,established,False,False,False,False,False
2026-01-01,SKU-1019,Snacks,562.0,10148,11465.0,14,,,False,,False,562.0,observed,180,established,False,False,False,False,False
2026-01-02,SKU-1019,Snacks,434.0,0,11031.0,14,11465.0,11031.0,True,0.0,False,434.0,observed,180,established,False,False,False,False,False
2026-01-03,SKU-1019,Snacks,402.0,0,10629.0,14,11031.0,10629.0,True,0.0,False,402.0,observed,180,established,False,False,False,False,False
2026-01-04,SKU-1019,Snacks,362.0,0,10267.0,14,10629.0,10267.0,True,0.0,False,362.0,observed,180,established,False,False,False,False,False
2026-01-05,SKU-1019,Snacks,386.0,0,9881.0,14,10267.0,,False,,False,,stock_balance_reconstructed,180,established,False,False,False,False,False
2026-01-06,SKU-1019,Snacks,520.0,0,9361.0,14,9881.0,,False,,False,,stock_balance_reconstructed,180,established,False,False,False,False,False
2026-01-07,SKU-1019,Snacks,546.0,0,8815.0,14,9361.0,8815.0,True,0.0,False,546.0,observed,180,established,False,False,False,False,False
2026-01-08,SKU-1019,Snacks,540.0,0,8275.0,14,8815.0,8275.0,True,0.0,False,540.0,observed,180,established,False,False,False,False,False
2026-01-09,SKU-1019,Snacks,445.0,0,7830.0,14,8275.0,7830.0,True,0.0,False,445.0,observed,180,established,False,False,False,False,False
2026-01-10,SKU-1019,Snacks,393.0,9917,17354.0,14,7830.0,17354.0,True,0.0,False,393.0,observed,180,established,False,False,False,False,False
2026-01-11,SKU-1019,Snacks,417.0,0,16937.0,14,17354.0,16937.0,True,0.0,False,417.0,observed,180,established,False,False,False,False,False
2026-01-12,SKU-1019,Snacks,564.0,0,16373.0,14,16937.0,16373.0,True,0.0,False,564.0,observed,180,established,False,False,False,False,False
2026-01-13,SKU-1019,Snacks,392.0,0,15981.0,14,16373.0,15981.0,True,0.0,False,392.0,observed,180,established,False,False,False,False,False
2026-01-14,SKU-1019,Snacks,640.0,0,15341.0,14,15981.0,15341.0,True,0.0,False,640.0,observed,180,established,False,False,False,False,False
2026-01-15,SKU-1019,Snacks,569.0,0,14772.0,14,15341.0,14772.0,True,0.0,False,569.0,observed,180,established,False,False,False,False,False
2026-01-16,SKU-1019,Snacks,426.0,0,14346.0,14,14772.0,14346.0,True,0.0,False,426.0,observed,180,established,False,False,False,False,False
2026-01-17,SKU-1019,Snacks,540.0,0,13806.0,14,14346.0,13806.0,True,0.0,False,540.0,observed,180,established,False,False,False,False,False
2026-01-18,SKU-1019,Snacks,427.0,0,13379.0,14,13806.0,13379.0,True,0.0,False,427.0,observed,180,established,False,False,False,False,False
2026-01-19,SKU-1019,Snacks,492.0,0,12887.0,14,13379.0,12887.0,True,0.0,False,492.0,observed,180,established,False,False,False,False,False
2026-01-20,SKU-1019,Snacks,518.0,0,12369.0,14,12887.0,12369.0,True,0.0,False,518.0,observed,180,established,False,False,False,False,False
2026-01-21,SKU-1019,Snacks,633.0,0,11736.0,14,12369.0,11736.0,True,0.0,False,633.0,observed,180,established,False,False,False,False,False
2026-01-22,SKU-1019,Snacks,424.0,0,11312.0,14,11736.0,11312.0,True,0.0,False,424.0,observed,180,established,False,False,False,False,False
2026-01-23,SKU-1019,Snacks,477.0,0,10835.0,14,11312.0,10835.0,True,0.0,False,477.0,observed,180,established,False,False,False,False,False
2026-01-24,SKU-1019,Snacks,513.0,0,10322.0,14,10835.0,10322.0,True,0.0,False,513.0,observed,180,established,False,False,False,False,False
2026-01-25,SKU-1019,Snacks,552.0,0,9770.0,14,10322.0,9770.0,True,0.0,False,552.0,observed,180,established,False,False,False,False,False
2026-01-26,SKU-1019,Snacks,324.0,0,9446.0,14,9770.0,9446.0,True,0.0,False,324.0,observed,180,established,False,False,False,False,False
2026-01-27,SKU-1019,Snacks,681.0,0,8765.0,14,9446.0,8765.0,True,0.0,False,681.0,observed,180,established,False,False,False,False,False
2026-01-28,SKU-1019,Snacks,519.0,0,8246.0,14,8765.0,8246.0,True,0.0,False,519.0,observed,180,established,False,False,False,False,False
2026-01-29,SKU-1019,Snacks,547.0,8236,15935.0,14,8246.0,15935.0,True,0.0,False,547.0,observed,180,established,False,False,False,False,False
2026-01-30,SKU-1019,Snacks,496.0,0,15439.0,14,15935.0,15439.0,True,0.0,False,496.0,observed,180,established,False,False,False,False,False
2026-01-31,SKU-1019,Snacks,395.0,0,15044.0,14,15439.0,15044.0,True,0.0,False,395.0,observed,180,established,False,False,False,False,False
2026-02-01,SKU-1019,Snacks,535.0,0,14509.0,14,15044.0,14509.0,True,0.0,False,535.0,observed,180,established,False,False,False,False,False
2026-02-02,SKU-1019,Snacks,346.0,0,,14,14509.0,14163.0,False,,False,346.0,observed,180,established,False,True,False,False,False
2026-02-03,SKU-1019,Snacks,590.0,0,13573.0,14,,,False,,False,590.0,observed,180,established,False,False,False,False,False
2026-02-04,SKU-1019,Snacks,604.0,0,12969.0,14,13573.0,12969.0,True,0.0,False,604.0,observed,180,established,False,False,False,False,False
2026-02-05,SKU-1019,Snacks,397.0,0,12572.0,14,12969.0,12572.0,True,0.0,False,397.0,observed,180,established,False,False,False,False,False
2026-02-06,SKU-1019,Snacks,613.0,0,11959.0,14,12572.0,11959.0,True,0.0,False,613.0,observed,180,established,False,False,False,False,False
2026-02-07,SKU-1019,Snacks,617.0,0,11342.0,14,11959.0,11342.0,True,0.0,False,617.0,observed,180,established,False,False,False,False,False
2026-02-08,SKU-1019,Snacks,390.0,0,10952.0,14,11342.0,10952.0,True,0.0,False,390.0,observed,180,established,False,False,False,False,False
2026-02-09,SKU-1019,Snacks,367.0,0,10585.0,14,10952.0,10585.0,True,0.0,False,367.0,observed,180,established,False,False,False,False,False
2026-02-10,SKU-1019,Snacks,670.0,0,9915.0,14,10585.0,9915.0,True,0.0,False,670.0,observed,180,established,False,False,False,False,False
2026-02-11,SKU-1019,Snacks,375.0,0,9540.0,14,9915.0,9540.0,True,0.0,False,375.0,observed,180,established,False,False,False,False,False
2026-02-12,SKU-1019,Snacks,355.0,0,9185.0,14,9540.0,9185.0,True,0.0,False,355.0,observed,180,established,False,False,False,False,False
2026-02-13,SKU-1019,Snacks,360.0,0,8825.0,14,9185.0,8825.0,True,0.0,False,360.0,observed,180,established,False,False,False,False,False
2026-02-14,SKU-1019,Snacks,550.0,0,8275.0,14,8825.0,8275.0,True,0.0,False,550.0,observed,180,established,False,False,False,False,False
2026-02-15,SKU-1019,Snacks,430.0,0,7845.0,14,8275.0,7845.0,True,0.0,False,430.0,observed,180,established,False,False,False,False,False
2026-02-16,SKU-1019,Snacks,621.0,0,7224.0,14,7845.0,7224.0,True,0.0,False,621.0,observed,180,established,False,False,False,False,False
2026-02-17,SKU-1019,Snacks,375.0,9201,16050.0,14,7224.0,16050.0,True,0.0,False,375.0,observed,180,established,False,False,False,False,False
2026-02-18,SKU-1019,Snacks,646.0,0,15404.0,14,16050.0,15404.0,True,0.0,False,646.0,observed,180,established,False,False,False,False,False
2026-02-19,SKU-1019,Snacks,506.0,0,14898.0,14,15404.0,14898.0,True,0.0,False,506.0,observed,180,established,False,False,False,False,False
2026-02-20,SKU-1019,Snacks,562.0,0,14336.0,14,14898.0,14336.0,True,0.0,False,562.0,observed,180,established,False,False,False,False,False
2026-02-21,SKU-1019,Snacks,171.0,0,14165.0,14,14336.0,14165.0,True,0.0,False,171.0,observed,180,established,False,False,False,False,False
2026-02-22,SKU-1019,Snacks,513.0,0,13652.0,14,14165.0,13652.0,True,0.0,False,513.0,observed,180,established,False,False,False,False,False
2026-02-23,SKU-1019,Snacks,358.0,0,13294.0,14,13652.0,13294.0,True,0.0,False,358.0,observed,180,established,False,False,False,False,False
2026-02-24,SKU-1019,Snacks,627.0,0,12667.0,14,13294.0,12667.0,True,0.0,False,627.0,observed,180,established,False,False,False,False,False
2026-02-25,SKU-1019,Snacks,514.0,0,12153.0,14,12667.0,12153.0,True,0.0,False,514.0,observed,180,established,False,False,False,False,False
2026-02-26,SKU-1019,Snacks,706.0,0,11447.0,14,12153.0,11447.0,True,0.0,False,706.0,observed,180,established,False,False,False,False,False
2026-02-27,SKU-1019,Snacks,783.0,0,10664.0,14,11447.0,10664.0,True,0.0,False,783.0,observed,180,established,False,False,False,False,False
2026-02-28,SKU-1019,Snacks,390.0,0,10274.0,14,10664.0,10274.0,True,0.0,False,390.0,observed,180,established,False,False,False,False,False
2026-03-01,SKU-1019,Snacks,299.0,0,9975.0,14,10274.0,9975.0,True,0.0,False,299.0,observed,180,established,False,False,False,False,False
2026-03-02,SKU-1019,Snacks,630.0,0,9345.0,14,9975.0,9345.0,True,0.0,False,630.0,observed,180,established,False,False,False,False,False
2026-03-03,SKU-1019,Snacks,560.0,0,8785.0,14,9345.0,8785.0,True,0.0,False,560.0,observed,180,established,False,False,False,False,False
2026-03-04,SKU-1019,Snacks,450.0,0,8335.0,14,8785.0,8335.0,True,0.0,False,450.0,observed,180,established,False,False,False,False,False
2026-03-05,SKU-1019,Snacks,519.0,8829,16645.0,14,8335.0,16645.0,True,0.0,False,519.0,observed,180,established,False,False,False,False,False
2026-03-06,SKU-1019,Snacks,493.0,0,16152.0,14,16645.0,16152.0,True,0.0,False,493.0,observed,180,established,False,False,False,False,False
2026-03-07,SKU-1019,Snacks,481.0,0,15671.0,14,16152.0,15671.0,True,0.0,False,481.0,observed,180,established,False,False,False,False,False
2026-03-08,SKU-1019,Snacks,378.0,0,15293.0,14,15671.0,15293.0,True,0.0,False,378.0,observed,180,established,False,False,False,False,False
2026-03-09,SKU-1019,Snacks,559.0,0,14734.0,14,15293.0,14734.0,True,0.0,False,559.0,observed,180,established,False,False,False,False,False
2026-03-10,SKU-1019,Snacks,744.0,0,13990.0,14,14734.0,13990.0,True,0.0,False,744.0,observed,180,established,False,False,False,False,False
2026-03-11,SKU-1019,Snacks,571.0,0,13419.0,14,13990.0,13419.0,True,0.0,False,571.0,observed,180,established,False,False,False,False,False
2026-03-12,SKU-1019,Snacks,523.0,0,12896.0,14,13419.0,12896.0,True,0.0,False,523.0,observed,180,established,False,False,False,False,False
2026-03-13,SKU-1019,Snacks,652.0,0,12244.0,14,12896.0,12244.0,True,0.0,False,652.0,observed,180,established,False,False,False,False,False
2026-03-14,SKU-1019,Snacks,520.0,0,11724.0,14,12244.0,,False,,False,,stock_balance_reconstructed,180,established,False,False,False,False,False
2026-03-15,SKU-1019,Snacks,498.0,0,11226.0,14,11724.0,11226.0,True,0.0,False,498.0,observed,180,established,False,False,False,False,False
2026-03-16,SKU-1019,Snacks,668.0,0,10558.0,14,11226.0,10558.0,True,0.0,False,668.0,observed,180,established,False,False,False,False,False
2026-03-17,SKU-1019,Snacks,715.0,0,9843.0,14,10558.0,9843.0,True,0.0,False,715.0,observed,180,established,False,False,False,False,False
2026-03-18,SKU-1019,Snacks,587.0,0,9256.0,14,9843.0,9256.0,True,0.0,False,587.0,observed,180,established,False,False,False,False,False
2026-03-19,SKU-1019,Snacks,426.0,0,8830.0,14,9256.0,8830.0,True,0.0,False,426.0,observed,180,established,False,False,False,False,False
2026-03-20,SKU-1019,Snacks,476.0,0,8354.0,14,8830.0,8354.0,True,0.0,False,476.0,observed,180,established,False,False,False,False,False
2026-03-21,SKU-1019,Snacks,429.0,0,7925.0,14,8354.0,7925.0,True,0.0,False,429.0,observed,180,established,False,False,False,False,False
2026-03-22,SKU-1019,Snacks,375.0,0,7550.0,14,7925.0,7550.0,True,0.0,False,375.0,observed,180,established,False,False,False,False,False
2026-03-23,SKU-1019,Snacks,633.0,9206,16123.0,14,7550.0,16123.0,True,0.0,False,633.0,observed,180,established,False,False,False,False,False
2026-03-24,SKU-1019,Snacks,576.0,0,15547.0,14,16123.0,15547.0,True,0.0,False,576.0,observed,180,established,False,False,False,False,False
2026-03-25,SKU-1019,Snacks,753.0,0,14794.0,14,15547.0,14794.0,True,0.0,False,753.0,observed,180,established,False,False,False,False,False
2026-03-26,SKU-1019,Snacks,454.0,0,14340.0,14,14794.0,14340.0,True,0.0,False,454.0,observed,180,established,False,False,False,False,False
2026-03-27,SKU-1019,Snacks,428.0,0,13912.0,14,14340.0,13912.0,True,0.0,False,428.0,observed,180,established,False,False,False,False,False
2026-03-28,SKU-1019,Snacks,486.0,0,13426.0,14,13912.0,13426.0,True,0.0,False,486.0,observed,180,established,False,False,False,False,False
2026-03-29,SKU-1019,Snacks,598.0,0,12828.0,14,13426.0,12828.0,True,0.0,False,598.0,observed,180,established,False,False,False,False,False
2026-03-30,SKU-1019,Snacks,614.0,0,12214.0,14,12828.0,12214.0,True,0.0,False,614.0,observed,180,established,False,False,False,False,False
2026-03-31,SKU-1019,Snacks,587.0,0,11627.0,14,12214.0,11627.0,True,0.0,False,587.0,observed,180,established,False,False,False,False,False
2026-04-01,SKU-1019,Snacks,694.0,0,10933.0,14,11627.0,10933.0,True,0.0,False,694.0,observed,180,established,False,False,False,False,False
2026-04-02,SKU-1019,Snacks,502.0,0,10431.0,14,10933.0,10431.0,True,0.0,False,502.0,observed,180,established,False,False,False,False,False
2026-04-03,SKU-1019,Snacks,208.0,0,10223.0,14,10431.0,10223.0,True,0.0,False,208.0,observed,180,established,False,False,False,False,False
2026-04-04,SKU-1019,Snacks,538.0,0,9685.0,14,10223.0,9685.0,True,0.0,False,538.0,observed,180,established,False,False,False,False,False
2026-04-05,SKU-1019,Snacks,511.0,0,9174.0,14,9685.0,9174.0,True,0.0,False,511.0,observed,180,established,False,False,False,False,False
2026-04-06,SKU-1019,Snacks,691.0,0,8483.0,14,9174.0,8483.0,True,0.0,False,691.0,observed,180,established,False,False,False,False,False
2026-04-07,SKU-1019,Snacks,644.0,0,7839.0,14,8483.0,7839.0,True,0.0,False,644.0,observed,180,established,False,False,False,False,False
2026-04-08,SKU-1019,Snacks,376.0,0,7463.0,14,7839.0,7463.0,True,0.0,False,376.0,observed,180,established,False,False,False,False,False
2026-04-09,SKU-1019,Snacks,686.0,0,6777.0,14,7463.0,6777.0,True,0.0,False,686.0,observed,180,established,False,False,False,False,False
2026-04-10,SKU-1019,Snacks,639.0,0,6138.0,14,6777.0,6138.0,True,0.0,False,639.0,observed,180,established,False,False,False,False,False
2026-04-11,SKU-1019,Snacks,609.0,0,5529.0,14,6138.0,5529.0,True,0.0,False,609.0,observed,180,established,False,False,False,False,False
2026-04-12,SKU-1019,Snacks,514.0,0,5015.0,14,5529.0,5015.0,True,0.0,False,514.0,observed,180,established,False,False,False,False,False
2026-04-13,SKU-1019,Snacks,786.0,0,4229.0,14,5015.0,4229.0,True,0.0,False,786.0,observed,180,established,False,False,False,False,False
2026-04-14,SKU-1019,Snacks,440.0,0,3789.0,14,4229.0,3789.0,True,0.0,False,440.0,observed,180,established,False,False,False,False,False
2026-04-15,SKU-1019,Snacks,700.0,0,3089.0,14,3789.0,3089.0,True,0.0,False,700.0,observed,180,established,False,False,False,False,False
2026-04-16,SKU-1019,Snacks,688.0,0,2401.0,14,3089.0,2401.0,True,0.0,False,688.0,observed,180,established,False,False,False,False,False
2026-04-17,SKU-1019,Snacks,406.0,0,1995.0,14,2401.0,1995.0,True,0.0,False,406.0,observed,180,established,False,False,False,False,False
2026-04-18,SKU-1019,Snacks,388.0,7655,9262.0,14,1995.0,9262.0,True,0.0,False,388.0,observed,180,established,False,False,False,False,False
2026-04-19,SKU-1019,Snacks,547.0,0,8715.0,14,9262.0,8715.0,True,0.0,False,547.0,observed,180,established,False,False,False,False,False
2026-04-20,SKU-1019,Snacks,742.0,8291,16264.0,14,8715.0,16264.0,True,0.0,False,742.0,observed,180,established,False,False,False,False,False
2026-04-21,SKU-1019,Snacks,391.0,0,15873.0,14,16264.0,15873.0,True,0.0,False,391.0,observed,180,established,False,False,False,False,False
2026-04-22,SKU-1019,Snacks,615.0,0,15258.0,14,15873.0,15258.0,True,0.0,False,615.0,observed,180,established,False,False,False,False,False
2026-04-23,SKU-1019,Snacks,656.0,0,14602.0,14,15258.0,14602.0,True,0.0,False,656.0,observed,180,established,False,False,False,False,False
2026-04-24,SKU-1019,Snacks,651.0,0,13951.0,14,14602.0,13951.0,True,0.0,False,651.0,observed,180,established,False,False,False,False,False
2026-04-25,SKU-1019,Snacks,696.0,0,13255.0,14,13951.0,13255.0,True,0.0,False,696.0,observed,180,established,False,False,False,False,False
2026-04-26,SKU-1019,Snacks,483.0,0,12772.0,14,13255.0,12772.0,True,0.0,False,483.0,observed,180,established,False,False,False,False,False
2026-04-27,SKU-1019,Snacks,630.0,0,12142.0,14,12772.0,12142.0,True,0.0,False,630.0,observed,180,established,False,False,False,False,False
2026-04-28,SKU-1019,Snacks,426.0,0,11716.0,14,12142.0,11716.0,True,0.0,False,426.0,observed,180,established,False,False,False,False,False
2026-04-29,SKU-1019,Snacks,492.0,0,11224.0,14,11716.0,11224.0,True,0.0,False,492.0,observed,180,established,False,False,False,False,False
2026-04-30,SKU-1019,Snacks,521.0,0,10703.0,14,11224.0,10703.0,True,0.0,False,521.0,observed,180,established,False,False,False,False,False
2026-05-01,SKU-1019,Snacks,372.0,0,10331.0,14,10703.0,10331.0,True,0.0,False,372.0,observed,180,established,False,False,False,False,False
2026-05-02,SKU-1019,Snacks,345.0,0,9986.0,14,10331.0,9986.0,True,0.0,False,345.0,observed,180,established,False,False,False,False,False
2026-05-03,SKU-1019,Snacks,550.0,0,9436.0,14,9986.0,,False,,False,,stock_balance_reconstructed,180,established,False,False,False,False,False
2026-05-04,SKU-1019,Snacks,496.0,0,8940.0,14,9436.0,8940.0,True,0.0,False,496.0,observed,180,established,False,False,False,False,False
2026-05-05,SKU-1019,Snacks,590.0,0,8350.0,14,8940.0,8350.0,True,0.0,False,590.0,observed,180,established,False,False,False,False,False
2026-05-06,SKU-1019,Snacks,595.0,0,7755.0,14,8350.0,7755.0,True,0.0,False,595.0,observed,180,established,False,False,False,False,False
2026-05-07,SKU-1019,Snacks,733.0,0,7022.0,14,7755.0,7022.0,True,0.0,False,733.0,observed,180,established,False,False,False,False,False
2026-05-08,SKU-1019,Snacks,634.0,0,6388.0,14,7022.0,6388.0,True,0.0,False,634.0,observed,180,established,False,False,False,False,False
2026-05-09,SKU-1019,Snacks,391.0,0,5997.0,14,6388.0,5997.0,True,0.0,False,391.0,observed,180,established,False,False,False,False,False
2026-05-10,SKU-1019,Snacks,578.0,0,5419.0,14,5997.0,5419.0,True,0.0,False,578.0,observed,180,established,False,False,False,False,False
2026-05-11,SKU-1019,Snacks,442.0,7505,12482.0,14,5419.0,12482.0,True,0.0,False,442.0,observed,180,established,False,False,False,False,False
2026-05-12,SKU-1019,Snacks,758.0,0,11724.0,14,12482.0,11724.0,True,0.0,False,758.0,observed,180,established,False,False,False,False,False
2026-05-13,SKU-1019,Snacks,782.0,0,10942.0,14,11724.0,10942.0,True,0.0,False,782.0,observed,180,established,False,False,False,False,False
2026-05-14,SKU-1019,Snacks,711.0,0,10231.0,14,10942.0,10231.0,True,0.0,False,711.0,observed,180,established,False,False,False,False,False
2026-05-15,SKU-1019,Snacks,527.0,0,9704.0,14,10231.0,9704.0,True,0.0,False,527.0,observed,180,established,False,False,False,False,False
2026-05-16,SKU-1019,Snacks,502.0,0,9202.0,14,9704.0,9202.0,True,0.0,False,502.0,observed,180,established,False,False,False,False,False
2026-05-17,SKU-1019,Snacks,475.0,0,8727.0,14,9202.0,8727.0,True,0.0,False,475.0,observed,180,established,False,False,False,False,False
2026-05-18,SKU-1019,Snacks,670.0,0,8057.0,14,8727.0,8057.0,True,0.0,False,670.0,observed,180,established,False,False,False,False,False
2026-05-19,SKU-1019,Snacks,716.0,0,7341.0,14,8057.0,7341.0,True,0.0,False,716.0,observed,180,established,False,False,False,False,False
2026-05-20,SKU-1019,Snacks,679.0,9388,16050.0,14,7341.0,16050.0,True,0.0,False,679.0,observed,180,established,False,False,False,False,False
2026-05-21,SKU-1019,Snacks,657.0,0,15393.0,14,16050.0,15393.0,True,0.0,False,657.0,observed,180,established,False,False,False,False,False
2026-05-22,SKU-1019,Snacks,562.0,0,14831.0,14,15393.0,14831.0,True,0.0,False,562.0,observed,180,established,False,False,False,False,False
2026-05-23,SKU-1019,Snacks,483.0,0,14348.0,14,14831.0,14348.0,True,0.0,False,483.0,observed,180,established,False,False,False,False,False
2026-05-24,SKU-1019,Snacks,467.0,0,13881.0,14,14348.0,13881.0,True,0.0,False,467.0,observed,180,established,False,False,False,False,False
2026-05-25,SKU-1019,Snacks,486.0,0,13395.0,14,13881.0,13395.0,True,0.0,False,486.0,observed,180,established,False,False,False,False,False
2026-05-26,SKU-1019,Snacks,530.0,0,12865.0,14,13395.0,12865.0,True,0.0,False,530.0,observed,180,established,False,False,False,False,False
2026-05-27,SKU-1019,Snacks,757.0,0,12108.0,14,12865.0,12108.0,True,0.0,False,757.0,observed,180,established,False,False,False,False,False
2026-05-28,SKU-1019,Snacks,454.0,0,11654.0,14,12108.0,11654.0,True,0.0,False,454.0,observed,180,established,False,False,False,False,False
2026-05-29,SKU-1019,Snacks,707.0,0,10947.0,14,11654.0,10947.0,True,0.0,False,707.0,observed,180,established,False,False,False,False,False
2026-05-30,SKU-1019,Snacks,381.0,0,10566.0,14,10947.0,10566.0,True,0.0,False,381.0,observed,180,established,False,False,False,False,False
2026-05-31,SKU-1019,Snacks,398.0,0,10168.0,14,10566.0,10168.0,True,0.0,False,398.0,observed,180,established,False,False,False,False,False
2026-06-01,SKU-1019,Snacks,385.0,0,9783.0,14,10168.0,9783.0,True,0.0,False,385.0,observed,180,established,False,False,False,False,False
2026-06-02,SKU-1019,Snacks,669.0,0,9114.0,14,9783.0,9114.0,True,0.0,False,669.0,observed,180,established,False,False,False,False,False
2026-06-03,SKU-1019,Snacks,565.0,0,8549.0,14,9114.0,8549.0,True,0.0,False,565.0,observed,180,established,False,False,False,False,False
2026-06-04,SKU-1019,Snacks,496.0,0,8053.0,14,8549.0,8053.0,True,0.0,False,496.0,observed,180,established,False,False,False,False,False
2026-06-05,SKU-1019,Snacks,557.0,8017,15513.0,14,8053.0,15513.0,True,0.0,False,557.0,observed,180,established,False,False,False,False,False
2026-06-06,SKU-1019,Snacks,465.0,0,15048.0,14,15513.0,15048.0,True,0.0,False,465.0,observed,180,established,False,False,False,False,False
2026-06-07,SKU-1019,Snacks,577.0,0,14471.0,14,15048.0,14471.0,True,0.0,False,577.0,observed,180,established,False,False,False,False,False
2026-06-08,SKU-1019,Snacks,426.0,0,14045.0,14,14471.0,14045.0,True,0.0,False,426.0,observed,180,established,False,False,False,False,False
2026-06-09,SKU-1019,Snacks,552.0,0,13493.0,14,14045.0,13493.0,True,0.0,False,552.0,observed,180,established,False,False,False,False,False
2026-06-10,SKU-1019,Snacks,687.0,0,12806.0,14,13493.0,12806.0,True,0.0,False,687.0,observed,180,established,False,False,False,False,False
2026-06-11,SKU-1019,Snacks,653.0,0,12153.0,14,12806.0,12153.0,True,0.0,False,653.0,observed,180,established,False,False,False,False,False
2026-06-12,SKU-1019,Snacks,695.0,0,11458.0,14,12153.0,11458.0,True,0.0,False,695.0,observed,180,established,False,False,False,False,False
2026-06-13,SKU-1019,Snacks,307.0,0,11151.0,14,11458.0,11151.0,True,0.0,False,307.0,observed,180,established,False,False,False,False,False
2026-06-14,SKU-1019,Snacks,682.0,0,10469.0,14,11151.0,10469.0,True,0.0,False,682.0,observed,180,established,False,False,False,False,False
2026-06-15,SKU-1019,Snacks,648.0,0,9821.0,14,10469.0,9821.0,True,0.0,False,648.0,observed,180,established,False,False,False,False,False
2026-06-16,SKU-1019,Snacks,582.0,0,9239.0,14,9821.0,9239.0,True,0.0,False,582.0,observed,180,established,False,False,False,False,False
2026-06-17,SKU-1019,Snacks,278.0,0,8961.0,14,9239.0,8961.0,True,0.0,False,278.0,observed,180,established,False,False,False,False,False
2026-06-18,SKU-1019,Snacks,851.0,0,8110.0,14,8961.0,8110.0,True,0.0,False,851.0,observed,180,established,False,False,False,False,False
2026-06-19,SKU-1019,Snacks,545.0,0,7565.0,14,8110.0,7565.0,True,0.0,False,545.0,observed,180,established,False,False,False,False,False
2026-06-20,SKU-1019,Snacks,707.0,0,6858.0,14,7565.0,6858.0,True,0.0,False,707.0,observed,180,established,False,False,False,False,False
2026-06-21,SKU-1019,Snacks,692.0,6998,13164.0,14,6858.0,,False,,False,,stock_balance_reconstructed,180,established,False,False,False,False,False
2026-06-22,SKU-1019,Snacks,592.0,0,12572.0,14,13164.0,12572.0,True,0.0,False,592.0,observed,180,established,False,False,False,False,False
2026-06-23,SKU-1019,Snacks,464.0,0,12108.0,14,12572.0,12108.0,True,0.0,False,464.0,observed,180,established,False,False,False,False,False
2026-06-24,SKU-1019,Snacks,720.0,0,11388.0,14,12108.0,11388.0,True,0.0,False,720.0,observed,180,established,False,False,False,False,False
2026-06-25,SKU-1019,Snacks,763.0,0,10625.0,14,11388.0,10625.0,True,0.0,False,763.0,observed,180,established,False,False,False,False,False
2026-06-26,SKU-1019,Snacks,748.0,0,9877.0,14,10625.0,9877.0,True,0.0,False,748.0,observed,180,established,False,False,False,False,False
2026-06-27,SKU-1019,Snacks,490.0,0,9387.0,14,9877.0,9387.0,True,0.0,False,490.0,observed,180,established,False,False,False,False,False
2026-06-28,SKU-1019,Snacks,403.0,0,8984.0,14,9387.0,8984.0,True,0.0,False,403.0,observed,180,established,False,False,False,False,False
2026-06-29,SKU-1019,Snacks,252.0,0,8732.0,14,8984.0,8732.0,True,0.0,False,252.0,observed,180,established,False,False,False,False,False
2026-01-01,SKU-1020,Pasta,403.0,0,1006.0,14,,,False,,False,403.0,observed,180,established,False,False,False,False,False
2026-01-02,SKU-1020,Pasta,390.0,7981,8597.0,14,1006.0,8597.0,True,0.0,False,390.0,observed,180,established,False,False,False,False,False
2026-01-03,SKU-1020,Pasta,324.0,0,8273.0,14,8597.0,8273.0,True,0.0,False,324.0,observed,180,established,False,False,False,False,False
2026-01-04,SKU-1020,Pasta,480.0,0,7793.0,14,8273.0,7793.0,True,0.0,False,480.0,observed,180,established,False,False,False,False,False
2026-01-05,SKU-1020,Pasta,409.0,0,7384.0,14,7793.0,7384.0,True,0.0,False,409.0,observed,180,established,False,False,False,False,False
2026-01-06,SKU-1020,Pasta,264.0,0,7120.0,14,7384.0,7120.0,True,0.0,False,264.0,observed,180,established,False,False,False,False,False
2026-01-07,SKU-1020,Pasta,329.0,0,6791.0,14,7120.0,6791.0,True,0.0,False,329.0,observed,180,established,False,False,False,False,False
2026-01-08,SKU-1020,Pasta,464.0,0,6327.0,14,6791.0,6327.0,True,0.0,False,464.0,observed,180,established,False,False,False,False,False
2026-01-09,SKU-1020,Pasta,326.0,0,6001.0,14,6327.0,6001.0,True,0.0,False,326.0,observed,180,established,False,False,False,False,False
2026-01-10,SKU-1020,Pasta,404.0,0,5597.0,14,6001.0,5597.0,True,0.0,False,404.0,observed,180,established,False,False,False,False,False
2026-01-11,SKU-1020,Pasta,425.0,0,5172.0,14,5597.0,5172.0,True,0.0,False,425.0,observed,180,established,False,False,False,False,False
2026-01-12,SKU-1020,Pasta,467.0,0,4705.0,14,5172.0,4705.0,True,0.0,False,467.0,observed,180,established,False,False,False,False,False
2026-01-13,SKU-1020,Pasta,367.0,0,4338.0,14,4705.0,4338.0,True,0.0,False,367.0,observed,180,established,False,False,False,False,False
2026-01-14,SKU-1020,Pasta,473.0,0,3865.0,14,4338.0,3865.0,True,0.0,False,473.0,observed,180,established,False,False,False,False,False
2026-01-15,SKU-1020,Pasta,314.0,5990,9541.0,14,3865.0,9541.0,True,0.0,False,314.0,observed,180,established,False,False,False,False,False
2026-01-16,SKU-1020,Pasta,437.0,0,9104.0,14,9541.0,9104.0,True,0.0,False,437.0,observed,180,established,False,False,False,False,False
2026-01-17,SKU-1020,Pasta,447.0,0,8657.0,14,9104.0,8657.0,True,0.0,False,447.0,observed,180,established,False,False,False,False,False
2026-01-18,SKU-1020,Pasta,632.0,0,8025.0,14,8657.0,8025.0,True,0.0,False,632.0,observed,180,established,False,False,False,False,False
2026-01-19,SKU-1020,Pasta,305.0,0,7720.0,14,8025.0,7720.0,True,0.0,False,305.0,observed,180,established,False,False,False,False,False
2026-01-20,SKU-1020,Pasta,405.0,0,7315.0,14,7720.0,7315.0,True,0.0,False,405.0,observed,180,established,False,False,False,False,False
2026-01-21,SKU-1020,Pasta,469.0,0,6846.0,14,7315.0,6846.0,True,0.0,False,469.0,observed,180,established,False,False,False,False,False
2026-01-22,SKU-1020,Pasta,462.0,0,6384.0,14,6846.0,6384.0,True,0.0,False,462.0,observed,180,established,False,False,False,False,False
2026-01-23,SKU-1020,Pasta,503.0,0,5881.0,14,6384.0,5881.0,True,0.0,False,503.0,observed,180,established,False,False,False,False,False
2026-01-24,SKU-1020,Pasta,725.0,0,5156.0,14,5881.0,5156.0,True,0.0,False,725.0,observed,180,established,False,False,False,False,False
2026-01-25,SKU-1020,Pasta,292.0,0,4864.0,14,5156.0,4864.0,True,0.0,False,292.0,observed,180,established,False,False,False,False,False
2026-01-26,SKU-1020,Pasta,320.0,0,4544.0,14,4864.0,4544.0,True,0.0,False,320.0,observed,180,established,False,False,False,False,False
2026-01-27,SKU-1020,Pasta,326.0,0,4218.0,14,4544.0,4218.0,True,0.0,False,326.0,observed,180,established,False,False,False,False,False
2026-01-28,SKU-1020,Pasta,330.0,0,3888.0,14,4218.0,3888.0,True,0.0,False,330.0,observed,180,established,False,False,False,False,False
2026-01-29,SKU-1020,Pasta,397.0,0,3491.0,14,3888.0,3491.0,True,0.0,False,397.0,observed,180,established,False,False,False,False,False
2026-01-30,SKU-1020,Pasta,425.0,7522,10588.0,14,3491.0,10588.0,True,0.0,False,425.0,observed,180,established,False,False,False,False,False
2026-01-31,SKU-1020,Pasta,393.0,0,10195.0,14,10588.0,10195.0,True,0.0,False,393.0,observed,180,established,False,False,False,False,False
2026-02-01,SKU-1020,Pasta,261.0,0,9934.0,14,10195.0,9934.0,True,0.0,False,261.0,observed,180,established,False,False,False,False,False
2026-02-02,SKU-1020,Pasta,383.0,0,9551.0,14,9934.0,9551.0,True,0.0,False,383.0,observed,180,established,False,False,False,False,False
2026-02-03,SKU-1020,Pasta,403.0,0,9148.0,14,9551.0,9148.0,True,0.0,False,403.0,observed,180,established,False,False,False,False,False
2026-02-04,SKU-1020,Pasta,409.0,0,8739.0,14,9148.0,8739.0,True,0.0,False,409.0,observed,180,established,False,False,False,False,False
2026-02-05,SKU-1020,Pasta,244.0,0,8495.0,14,8739.0,8495.0,True,0.0,False,244.0,observed,180,established,False,False,False,False,False
2026-02-06,SKU-1020,Pasta,417.0,0,8078.0,14,8495.0,8078.0,True,0.0,False,417.0,observed,180,established,False,False,False,False,False
2026-02-07,SKU-1020,Pasta,295.0,0,7783.0,14,8078.0,7783.0,True,0.0,False,295.0,observed,180,established,False,False,False,False,False
2026-02-08,SKU-1020,Pasta,358.0,0,7425.0,14,7783.0,7425.0,True,0.0,False,358.0,observed,180,established,False,False,False,False,False
2026-02-09,SKU-1020,Pasta,510.0,0,6915.0,14,7425.0,6915.0,True,0.0,False,510.0,observed,180,established,False,False,False,False,False
2026-02-10,SKU-1020,Pasta,386.0,0,6529.0,14,6915.0,6529.0,True,0.0,False,386.0,observed,180,established,False,False,False,False,False
2026-02-11,SKU-1020,Pasta,298.0,0,6231.0,14,6529.0,6231.0,True,0.0,False,298.0,observed,180,established,False,False,False,False,False
2026-02-12,SKU-1020,Pasta,427.0,0,5804.0,14,6231.0,5804.0,True,0.0,False,427.0,observed,180,established,False,False,False,False,False
2026-02-13,SKU-1020,Pasta,384.0,0,5420.0,14,5804.0,5420.0,True,0.0,False,384.0,observed,180,established,False,False,False,False,False
2026-02-14,SKU-1020,Pasta,372.0,0,5048.0,14,5420.0,5048.0,True,0.0,False,372.0,observed,180,established,False,False,False,False,False
2026-02-15,SKU-1020,Pasta,467.0,0,4581.0,14,5048.0,4581.0,True,0.0,False,467.0,observed,180,established,False,False,False,False,False
2026-02-16,SKU-1020,Pasta,425.0,7018,11174.0,14,4581.0,11174.0,True,0.0,False,425.0,observed,180,established,False,False,False,False,False
2026-02-17,SKU-1020,Pasta,472.0,0,10702.0,14,11174.0,10702.0,True,0.0,False,472.0,observed,180,established,False,False,False,False,False
2026-02-18,SKU-1020,Pasta,523.0,0,10179.0,14,10702.0,10179.0,True,0.0,False,523.0,observed,180,established,False,False,False,False,False
2026-02-19,SKU-1020,Pasta,270.0,0,9909.0,14,10179.0,9909.0,True,0.0,False,270.0,observed,180,established,False,False,False,False,False
2026-02-20,SKU-1020,Pasta,503.0,0,9406.0,14,9909.0,9406.0,True,0.0,False,503.0,observed,180,established,False,False,False,False,False
2026-02-21,SKU-1020,Pasta,264.0,0,9142.0,14,9406.0,9142.0,True,0.0,False,264.0,observed,180,established,False,False,False,False,False
2026-02-22,SKU-1020,Pasta,348.0,0,8794.0,14,9142.0,8794.0,True,0.0,False,348.0,observed,180,established,False,False,False,False,False
2026-02-23,SKU-1020,Pasta,600.0,0,8194.0,14,8794.0,8194.0,True,0.0,False,600.0,observed,180,established,False,False,False,False,False
2026-02-24,SKU-1020,Pasta,476.0,0,7718.0,14,8194.0,7718.0,True,0.0,False,476.0,observed,180,established,False,False,False,False,False
2026-02-25,SKU-1020,Pasta,469.0,0,7249.0,14,7718.0,7249.0,True,0.0,False,469.0,observed,180,established,False,False,False,False,False
2026-02-26,SKU-1020,Pasta,311.0,0,6938.0,14,7249.0,6938.0,True,0.0,False,311.0,observed,180,established,False,False,False,False,False
2026-02-27,SKU-1020,Pasta,406.0,0,6532.0,14,6938.0,6532.0,True,0.0,False,406.0,observed,180,established,False,False,False,False,False
2026-02-28,SKU-1020,Pasta,466.0,0,6066.0,14,6532.0,6066.0,True,0.0,False,466.0,observed,180,established,False,False,False,False,False
2026-03-01,SKU-1020,Pasta,409.0,0,5657.0,14,6066.0,5657.0,True,0.0,False,409.0,observed,180,established,False,False,False,False,False
2026-03-02,SKU-1020,Pasta,357.0,0,5300.0,14,5657.0,5300.0,True,0.0,False,357.0,observed,180,established,False,False,False,False,False
2026-03-03,SKU-1020,Pasta,471.0,0,4829.0,14,5300.0,4829.0,True,0.0,False,471.0,observed,180,established,False,False,False,False,False
2026-03-04,SKU-1020,Pasta,592.0,0,4237.0,14,4829.0,4237.0,True,0.0,False,592.0,observed,180,established,False,False,False,False,False
2026-03-05,SKU-1020,Pasta,390.0,5490,9337.0,14,4237.0,9337.0,True,0.0,False,390.0,observed,180,established,False,False,False,False,False
2026-03-06,SKU-1020,Pasta,330.0,0,9007.0,14,9337.0,9007.0,True,0.0,False,330.0,observed,180,established,False,False,False,False,False
2026-03-07,SKU-1020,Pasta,333.0,0,8674.0,14,9007.0,8674.0,True,0.0,False,333.0,observed,180,established,False,False,False,False,False
2026-03-08,SKU-1020,Pasta,406.0,0,8268.0,14,8674.0,8268.0,True,0.0,False,406.0,observed,180,established,False,False,False,False,False
2026-03-09,SKU-1020,Pasta,510.0,0,7758.0,14,8268.0,7758.0,True,0.0,False,510.0,observed,180,established,False,False,False,False,False
2026-03-10,SKU-1020,Pasta,299.0,0,7459.0,14,7758.0,7459.0,True,0.0,False,299.0,observed,180,established,False,False,False,False,False
2026-03-11,SKU-1020,Pasta,468.0,0,6991.0,14,7459.0,6991.0,True,0.0,False,468.0,observed,180,established,False,False,False,False,False
2026-03-12,SKU-1020,Pasta,363.0,0,6628.0,14,6991.0,6628.0,True,0.0,False,363.0,observed,180,established,False,False,False,False,False
2026-03-13,SKU-1020,Pasta,318.0,0,6310.0,14,6628.0,6310.0,True,0.0,False,318.0,observed,180,established,False,False,False,False,False
2026-03-14,SKU-1020,Pasta,360.0,0,5950.0,14,6310.0,5950.0,True,0.0,False,360.0,observed,180,established,False,False,False,False,False
2026-03-15,SKU-1020,Pasta,307.0,0,5643.0,14,5950.0,5643.0,True,0.0,False,307.0,observed,180,established,False,False,False,False,False
2026-03-16,SKU-1020,Pasta,382.0,0,5261.0,14,5643.0,5261.0,True,0.0,False,382.0,observed,180,established,False,False,False,False,False
2026-03-17,SKU-1020,Pasta,344.0,0,4917.0,14,5261.0,4917.0,True,0.0,False,344.0,observed,180,established,False,False,False,False,False
2026-03-18,SKU-1020,Pasta,504.0,0,4413.0,14,4917.0,4413.0,True,0.0,False,504.0,observed,180,established,False,False,False,False,False
2026-03-19,SKU-1020,Pasta,502.0,6823,10734.0,14,4413.0,10734.0,True,0.0,False,502.0,observed,180,established,False,False,False,False,False
2026-03-20,SKU-1020,Pasta,422.0,0,10312.0,14,10734.0,10312.0,True,0.0,False,422.0,observed,180,established,False,False,False,False,False
2026-03-21,SKU-1020,Pasta,396.0,0,9916.0,14,10312.0,9916.0,True,0.0,False,396.0,observed,180,established,False,False,False,False,False
2026-03-22,SKU-1020,Pasta,299.0,0,9617.0,14,9916.0,9617.0,True,0.0,False,299.0,observed,180,established,False,False,False,False,False
2026-03-23,SKU-1020,Pasta,544.0,0,9073.0,14,9617.0,,False,,False,,stock_balance_reconstructed,180,established,False,False,False,False,False
2026-03-24,SKU-1020,Pasta,293.0,0,8780.0,14,9073.0,8780.0,True,0.0,False,293.0,observed,180,established,False,False,False,False,False
2026-03-25,SKU-1020,Pasta,466.0,0,8314.0,14,8780.0,,False,,False,,stock_balance_reconstructed,180,established,False,False,False,False,False
2026-03-26,SKU-1020,Pasta,161.0,0,8153.0,14,8314.0,8153.0,True,0.0,False,161.0,observed,180,established,False,False,False,False,False
2026-03-27,SKU-1020,Pasta,385.0,0,7768.0,14,8153.0,7768.0,True,0.0,False,385.0,observed,180,established,False,False,False,False,False
2026-03-28,SKU-1020,Pasta,508.0,0,7260.0,14,7768.0,7260.0,True,0.0,False,508.0,observed,180,established,False,False,False,False,False
2026-03-29,SKU-1020,Pasta,374.0,0,6886.0,14,7260.0,6886.0,True,0.0,False,374.0,observed,180,established,False,False,False,False,False
2026-03-30,SKU-1020,Pasta,381.0,0,6505.0,14,6886.0,6505.0,True,0.0,False,381.0,observed,180,established,False,False,False,False,False
2026-03-31,SKU-1020,Pasta,459.0,0,6046.0,14,6505.0,6046.0,True,0.0,False,459.0,observed,180,established,False,False,False,False,False
2026-04-01,SKU-1020,Pasta,460.0,0,5586.0,14,6046.0,5586.0,True,0.0,False,460.0,observed,180,established,False,False,False,False,False
2026-04-02,SKU-1020,Pasta,380.0,0,5206.0,14,5586.0,5206.0,True,0.0,False,380.0,observed,180,established,False,False,False,False,False
2026-04-03,SKU-1020,Pasta,804.0,0,,14,5206.0,4402.0,False,,False,804.0,observed,180,established,False,True,False,False,False
2026-04-04,SKU-1020,Pasta,262.0,0,4140.0,14,,,False,,False,262.0,observed,180,established,False,False,False,False,False
2026-04-05,SKU-1020,Pasta,423.0,0,3717.0,14,4140.0,3717.0,True,0.0,False,423.0,observed,180,established,False,False,False,False,False
2026-04-06,SKU-1020,Pasta,255.0,5771,9233.0,14,3717.0,9233.0,True,0.0,False,255.0,observed,180,established,False,False,False,False,False
2026-04-07,SKU-1020,Pasta,358.0,0,8875.0,14,9233.0,8875.0,True,0.0,False,358.0,observed,180,established,False,False,False,False,False
2026-04-08,SKU-1020,Pasta,450.0,0,8425.0,14,8875.0,8425.0,True,0.0,False,450.0,observed,180,established,False,False,False,False,False
2026-04-09,SKU-1020,Pasta,298.0,0,8127.0,14,8425.0,8127.0,True,0.0,False,298.0,observed,180,established,False,False,False,False,False
2026-04-10,SKU-1020,Pasta,540.0,0,7587.0,14,8127.0,7587.0,True,0.0,False,540.0,observed,180,established,False,False,False,False,False
2026-04-11,SKU-1020,Pasta,498.0,0,7089.0,14,7587.0,7089.0,True,0.0,False,498.0,observed,180,established,False,False,False,False,False
2026-04-12,SKU-1020,Pasta,380.0,0,6709.0,14,7089.0,6709.0,True,0.0,False,380.0,observed,180,established,False,False,False,False,False
2026-04-13,SKU-1020,Pasta,117.0,0,6592.0,14,6709.0,6592.0,True,0.0,False,117.0,observed,180,established,False,False,False,False,False
2026-04-14,SKU-1020,Pasta,591.0,0,6001.0,14,6592.0,6001.0,True,0.0,False,591.0,observed,180,established,False,False,False,False,False
2026-04-15,SKU-1020,Pasta,370.0,0,5631.0,14,6001.0,5631.0,True,0.0,False,370.0,observed,180,established,False,False,False,False,False
2026-04-16,SKU-1020,Pasta,479.0,0,5152.0,14,5631.0,5152.0,True,0.0,False,479.0,observed,180,established,False,False,False,False,False
2026-04-17,SKU-1020,Pasta,429.0,0,4723.0,14,5152.0,4723.0,True,0.0,False,429.0,observed,180,established,False,False,False,False,False
2026-04-18,SKU-1020,Pasta,289.0,0,4434.0,14,4723.0,4434.0,True,0.0,False,289.0,observed,180,established,False,False,False,False,False
2026-04-19,SKU-1020,Pasta,433.0,6581,10582.0,14,4434.0,10582.0,True,0.0,False,433.0,observed,180,established,False,False,False,False,False
2026-04-20,SKU-1020,Pasta,353.0,0,10229.0,14,10582.0,10229.0,True,0.0,False,353.0,observed,180,established,False,False,False,False,False
2026-04-21,SKU-1020,Pasta,431.0,0,9798.0,14,10229.0,9798.0,True,0.0,False,431.0,observed,180,established,False,False,False,False,False
2026-04-22,SKU-1020,Pasta,393.0,0,9405.0,14,9798.0,9405.0,True,0.0,False,393.0,observed,180,established,False,False,False,False,False
2026-04-23,SKU-1020,Pasta,529.0,0,8876.0,14,9405.0,8876.0,True,0.0,False,529.0,observed,180,established,False,False,False,False,False
2026-04-24,SKU-1020,Pasta,488.0,0,8388.0,14,8876.0,8388.0,True,0.0,False,488.0,observed,180,established,False,False,False,False,False
2026-04-25,SKU-1020,Pasta,478.0,0,7910.0,14,8388.0,7910.0,True,0.0,False,478.0,observed,180,established,False,False,False,False,False
2026-04-26,SKU-1020,Pasta,470.0,0,7440.0,14,7910.0,7440.0,True,0.0,False,470.0,observed,180,established,False,False,False,False,False
2026-04-27,SKU-1020,Pasta,253.0,0,7187.0,14,7440.0,7187.0,True,0.0,False,253.0,observed,180,established,False,False,False,False,False
2026-04-28,SKU-1020,Pasta,470.0,0,6717.0,14,7187.0,6717.0,True,0.0,False,470.0,observed,180,established,False,False,False,False,False
2026-04-29,SKU-1020,Pasta,454.0,0,6263.0,14,6717.0,6263.0,True,0.0,False,454.0,observed,180,established,False,False,False,False,False
2026-04-30,SKU-1020,Pasta,284.0,0,5979.0,14,6263.0,5979.0,True,0.0,False,284.0,observed,180,established,False,False,False,False,False
2026-05-01,SKU-1020,Pasta,285.0,0,5694.0,14,5979.0,5694.0,True,0.0,False,285.0,observed,180,established,False,False,False,False,False
2026-05-02,SKU-1020,Pasta,518.0,0,5176.0,14,5694.0,5176.0,True,0.0,False,518.0,observed,180,established,False,False,False,False,False
2026-05-03,SKU-1020,Pasta,323.0,0,4853.0,14,5176.0,4853.0,True,0.0,False,323.0,observed,180,established,False,False,False,False,False
2026-05-04,SKU-1020,Pasta,443.0,0,4410.0,14,4853.0,4410.0,True,0.0,False,443.0,observed,180,established,False,False,False,False,False
2026-05-05,SKU-1020,Pasta,304.0,0,4106.0,14,4410.0,4106.0,True,0.0,False,304.0,observed,180,established,False,False,False,False,False
2026-05-06,SKU-1020,Pasta,176.0,0,3930.0,14,4106.0,3930.0,True,0.0,False,176.0,observed,180,established,False,False,False,False,False
2026-05-07,SKU-1020,Pasta,557.0,0,3373.0,14,3930.0,3373.0,True,0.0,False,557.0,observed,180,established,False,False,False,False,False
2026-05-08,SKU-1020,Pasta,305.0,5739,8807.0,14,3373.0,8807.0,True,0.0,False,305.0,observed,180,established,False,False,False,False,False
2026-05-09,SKU-1020,Pasta,422.0,0,8385.0,14,8807.0,8385.0,True,0.0,False,422.0,observed,180,established,False,False,False,False,False
2026-05-10,SKU-1020,Pasta,294.0,0,8091.0,14,8385.0,8091.0,True,0.0,False,294.0,observed,180,established,False,False,False,False,False
2026-05-11,SKU-1020,Pasta,822.0,0,7269.0,14,8091.0,7269.0,True,0.0,False,822.0,observed,180,established,False,False,False,False,False
2026-05-12,SKU-1020,Pasta,464.0,0,6805.0,14,7269.0,6805.0,True,0.0,False,464.0,observed,180,established,False,False,False,False,False
2026-05-13,SKU-1020,Pasta,81.0,0,6724.0,14,6805.0,6724.0,True,0.0,False,81.0,observed,180,established,False,False,False,False,False
2026-05-14,SKU-1020,Pasta,378.0,0,6346.0,14,6724.0,6346.0,True,0.0,False,378.0,observed,180,established,False,False,False,False,False
2026-05-15,SKU-1020,Pasta,497.0,0,5849.0,14,6346.0,5849.0,True,0.0,False,497.0,observed,180,established,False,False,False,False,False
2026-05-16,SKU-1020,Pasta,436.0,0,5413.0,14,5849.0,5413.0,True,0.0,False,436.0,observed,180,established,False,False,False,False,False
2026-05-17,SKU-1020,Pasta,375.0,0,5038.0,14,5413.0,5038.0,True,0.0,False,375.0,observed,180,established,False,False,False,False,False
2026-05-18,SKU-1020,Pasta,385.0,0,4653.0,14,5038.0,4653.0,True,0.0,False,385.0,observed,180,established,False,False,False,False,False
2026-05-19,SKU-1020,Pasta,234.0,0,4419.0,14,4653.0,4419.0,True,0.0,False,234.0,observed,180,established,False,False,False,False,False
2026-05-20,SKU-1020,Pasta,629.0,0,3790.0,14,4419.0,3790.0,True,0.0,False,629.0,observed,180,established,False,False,False,False,False
2026-05-21,SKU-1020,Pasta,423.0,5773,9140.0,14,3790.0,9140.0,True,0.0,False,423.0,observed,180,established,False,False,False,False,False
2026-05-22,SKU-1020,Pasta,331.0,0,8809.0,14,9140.0,8809.0,True,0.0,False,331.0,observed,180,established,False,False,False,False,False
2026-05-23,SKU-1020,Pasta,273.0,0,8536.0,14,8809.0,8536.0,True,0.0,False,273.0,observed,180,established,False,False,False,False,False
2026-05-24,SKU-1020,Pasta,628.0,0,7908.0,14,8536.0,7908.0,True,0.0,False,628.0,observed,180,established,False,False,False,False,False
2026-05-25,SKU-1020,Pasta,352.0,0,7556.0,14,7908.0,7556.0,True,0.0,False,352.0,observed,180,established,False,False,False,False,False
2026-05-26,SKU-1020,Pasta,658.0,0,6898.0,14,7556.0,6898.0,True,0.0,False,658.0,observed,180,established,False,False,False,False,False
2026-05-27,SKU-1020,Pasta,411.0,0,6487.0,14,6898.0,6487.0,True,0.0,False,411.0,observed,180,established,False,False,False,False,False
2026-05-28,SKU-1020,Pasta,525.0,0,5962.0,14,6487.0,5962.0,True,0.0,False,525.0,observed,180,established,False,False,False,False,False
2026-05-29,SKU-1020,Pasta,587.0,0,5375.0,14,5962.0,5375.0,True,0.0,False,587.0,observed,180,established,False,False,False,False,False
2026-05-30,SKU-1020,Pasta,378.0,0,4997.0,14,5375.0,4997.0,True,0.0,False,378.0,observed,180,established,False,False,False,False,False
2026-05-31,SKU-1020,Pasta,773.0,0,4224.0,14,4997.0,4224.0,True,0.0,False,773.0,observed,180,established,False,False,False,False,False
2026-06-01,SKU-1020,Pasta,701.0,7760,11283.0,14,4224.0,11283.0,True,0.0,False,701.0,observed,180,established,False,False,False,False,False
2026-06-02,SKU-1020,Pasta,428.0,0,10855.0,14,11283.0,10855.0,True,0.0,False,428.0,observed,180,established,False,False,False,False,False
2026-06-03,SKU-1020,Pasta,463.0,0,10392.0,14,10855.0,10392.0,True,0.0,False,463.0,observed,180,established,False,False,False,False,False
2026-06-04,SKU-1020,Pasta,406.0,0,9986.0,14,10392.0,9986.0,True,0.0,False,406.0,observed,180,established,False,False,False,False,False
2026-06-05,SKU-1020,Pasta,515.0,0,9471.0,14,9986.0,9471.0,True,0.0,False,515.0,observed,180,established,False,False,False,False,False
2026-06-06,SKU-1020,Pasta,511.0,0,8960.0,14,9471.0,8960.0,True,0.0,False,511.0,observed,180,established,False,False,False,False,False
2026-06-07,SKU-1020,Pasta,387.0,0,8573.0,14,8960.0,8573.0,True,0.0,False,387.0,observed,180,established,False,False,False,False,False
2026-06-08,SKU-1020,Pasta,541.0,0,8032.0,14,8573.0,8032.0,True,0.0,False,541.0,observed,180,established,False,False,False,False,False
2026-06-09,SKU-1020,Pasta,412.0,0,7620.0,14,8032.0,7620.0,True,0.0,False,412.0,observed,180,established,False,False,False,False,False
2026-06-10,SKU-1020,Pasta,412.0,0,7208.0,14,7620.0,7208.0,True,0.0,False,412.0,observed,180,established,False,False,False,False,False
2026-06-11,SKU-1020,Pasta,494.0,0,6714.0,14,7208.0,6714.0,True,0.0,False,494.0,observed,180,established,False,False,False,False,False
2026-06-12,SKU-1020,Pasta,352.0,0,6362.0,14,6714.0,6362.0,True,0.0,False,352.0,observed,180,established,False,False,False,False,False
2026-06-13,SKU-1020,Pasta,337.0,0,6025.0,14,6362.0,6025.0,True,0.0,False,337.0,observed,180,established,False,False,False,False,False
2026-06-14,SKU-1020,Pasta,423.0,0,5602.0,14,6025.0,5602.0,True,0.0,False,423.0,observed,180,established,False,False,False,False,False
2026-06-15,SKU-1020,Pasta,500.0,0,5102.0,14,5602.0,5102.0,True,0.0,False,500.0,observed,180,established,False,False,False,False,False
2026-06-16,SKU-1020,Pasta,96.0,0,5006.0,14,5102.0,5006.0,True,0.0,False,96.0,observed,180,established,False,False,False,False,False
2026-06-17,SKU-1020,Pasta,531.0,0,4475.0,14,5006.0,4475.0,True,0.0,False,531.0,observed,180,established,False,False,False,False,False
2026-06-18,SKU-1020,Pasta,1012.0,7104,10567.0,14,4475.0,10567.0,True,0.0,False,1012.0,observed,180,established,False,False,False,False,False
2026-06-19,SKU-1020,Pasta,464.0,0,10103.0,14,10567.0,10103.0,True,0.0,False,464.0,observed,180,established,False,False,False,False,False
2026-06-20,SKU-1020,Pasta,594.0,0,9509.0,14,10103.0,9509.0,True,0.0,False,594.0,observed,180,established,False,False,False,False,False
2026-06-21,SKU-1020,Pasta,365.0,0,9144.0,14,9509.0,9144.0,True,0.0,False,365.0,observed,180,established,False,False,False,False,False
2026-06-22,SKU-1020,Pasta,367.0,0,8777.0,14,9144.0,8777.0,True,0.0,False,367.0,observed,180,established,False,False,False,False,False
2026-06-23,SKU-1020,Pasta,297.0,0,8480.0,14,8777.0,8480.0,True,0.0,False,297.0,observed,180,established,False,False,False,False,False
2026-06-24,SKU-1020,Pasta,575.0,0,7905.0,14,8480.0,7905.0,True,0.0,False,575.0,observed,180,established,False,False,False,False,False
2026-06-25,SKU-1020,Pasta,625.0,0,7280.0,14,7905.0,7280.0,True,0.0,False,625.0,observed,180,established,False,False,False,False,False
2026-06-26,SKU-1020,Pasta,329.0,0,6951.0,14,7280.0,6951.0,True,0.0,False,329.0,observed,180,established,False,False,False,False,False
2026-06-27,SKU-1020,Pasta,349.0,0,6602.0,14,6951.0,6602.0,True,0.0,False,349.0,observed,180,established,False,False,False,False,False
2026-06-28,SKU-1020,Pasta,420.0,0,6182.0,14,6602.0,6182.0,True,0.0,False,420.0,observed,180,established,False,False,False,False,False
2026-06-29,SKU-1020,Pasta,425.0,0,5757.0,14,6182.0,5757.0,True,0.0,False,425.0,observed,180,established,False,False,False,False,False
2026-01-01,SKU-1021,Beverages,467.0,0,1625.0,10,,,False,,False,467.0,observed,180,established,False,False,False,False,False
2026-01-02,SKU-1021,Beverages,307.0,0,1318.0,10,1625.0,1318.0,True,0.0,False,307.0,observed,180,established,False,False,False,False,False
2026-01-03,SKU-1021,Beverages,317.0,4989,5990.0,10,1318.0,5990.0,True,0.0,False,317.0,observed,180,established,False,False,False,False,False
2026-01-04,SKU-1021,Beverages,209.0,0,5781.0,10,5990.0,5781.0,True,0.0,False,209.0,observed,180,established,False,False,False,False,False
2026-01-05,SKU-1021,Beverages,413.0,0,5368.0,10,5781.0,5368.0,True,0.0,False,413.0,observed,180,established,False,False,False,False,False
2026-01-06,SKU-1021,Beverages,343.0,0,5025.0,10,5368.0,,False,,False,,stock_balance_reconstructed,180,established,False,False,False,False,False
2026-01-07,SKU-1021,Beverages,378.0,0,4647.0,10,5025.0,4647.0,True,0.0,False,378.0,observed,180,established,False,False,False,False,False
2026-01-08,SKU-1021,Beverages,461.0,0,4186.0,10,4647.0,4186.0,True,0.0,False,461.0,observed,180,established,False,False,False,False,False
2026-01-09,SKU-1021,Beverages,360.0,0,3826.0,10,4186.0,3826.0,True,0.0,False,360.0,observed,180,established,False,False,False,False,False
2026-01-10,SKU-1021,Beverages,230.0,0,3596.0,10,3826.0,3596.0,True,0.0,False,230.0,observed,180,established,False,False,False,False,False
2026-01-11,SKU-1021,Beverages,289.0,0,3307.0,10,3596.0,3307.0,True,0.0,False,289.0,observed,180,established,False,False,False,False,False
2026-01-12,SKU-1021,Beverages,165.0,3736,6878.0,10,3307.0,6878.0,True,0.0,False,165.0,observed,180,established,False,False,False,False,False
2026-01-13,SKU-1021,Beverages,426.0,0,6452.0,10,6878.0,6452.0,True,0.0,False,426.0,observed,180,established,False,False,False,False,False
2026-01-14,SKU-1021,Beverages,427.0,0,6025.0,10,6452.0,6025.0,True,0.0,False,427.0,observed,180,established,False,False,False,False,False
2026-01-15,SKU-1021,Beverages,286.0,0,5739.0,10,6025.0,5739.0,True,0.0,False,286.0,observed,180,established,False,False,False,False,False
2026-01-16,SKU-1021,Beverages,355.0,0,5384.0,10,5739.0,5384.0,True,0.0,False,355.0,observed,180,established,False,False,False,False,False
2026-01-17,SKU-1021,Beverages,241.0,0,5143.0,10,5384.0,5143.0,True,0.0,False,241.0,observed,180,established,False,False,False,False,False
2026-01-18,SKU-1021,Beverages,405.0,0,4738.0,10,5143.0,4738.0,True,0.0,False,405.0,observed,180,established,False,False,False,False,False
2026-01-19,SKU-1021,Beverages,363.0,0,4375.0,10,4738.0,4375.0,True,0.0,False,363.0,observed,180,established,False,False,False,False,False
2026-01-20,SKU-1021,Beverages,358.0,0,4017.0,10,4375.0,4017.0,True,0.0,False,358.0,observed,180,established,False,False,False,False,False
2026-01-21,SKU-1021,Beverages,393.0,3545,7169.0,10,4017.0,7169.0,True,0.0,False,393.0,observed,180,established,False,False,False,False,False
2026-01-22,SKU-1021,Beverages,336.0,0,6833.0,10,7169.0,6833.0,True,0.0,False,336.0,observed,180,established,False,False,False,False,False
2026-01-23,SKU-1021,Beverages,328.0,0,6505.0,10,6833.0,6505.0,True,0.0,False,328.0,observed,180,established,False,False,False,False,False
2026-01-24,SKU-1021,Beverages,215.0,0,6290.0,10,6505.0,6290.0,True,0.0,False,215.0,observed,180,established,False,False,False,False,False
2026-01-25,SKU-1021,Beverages,190.0,0,6100.0,10,6290.0,6100.0,True,0.0,False,190.0,observed,180,established,False,False,False,False,False
2026-01-26,SKU-1021,Beverages,297.0,0,5803.0,10,6100.0,5803.0,True,0.0,False,297.0,observed,180,established,False,False,False,False,False
2026-01-27,SKU-1021,Beverages,403.0,0,5400.0,10,5803.0,5400.0,True,0.0,False,403.0,observed,180,established,False,False,False,False,False
2026-01-28,SKU-1021,Beverages,533.0,0,4867.0,10,5400.0,4867.0,True,0.0,False,533.0,observed,180,established,False,False,False,False,False
2026-01-29,SKU-1021,Beverages,374.0,0,4493.0,10,4867.0,4493.0,True,0.0,False,374.0,observed,180,established,False,False,False,False,False
2026-01-30,SKU-1021,Beverages,318.0,0,4175.0,10,4493.0,4175.0,True,0.0,False,318.0,observed,180,established,False,False,False,False,False
2026-01-31,SKU-1021,Beverages,155.0,0,4020.0,10,4175.0,4020.0,True,0.0,False,155.0,observed,180,established,False,False,False,False,False
2026-02-01,SKU-1021,Beverages,361.0,0,3659.0,10,4020.0,3659.0,True,0.0,False,361.0,observed,180,established,False,False,False,False,False
2026-02-02,SKU-1021,Beverages,389.0,0,3270.0,10,3659.0,3270.0,True,0.0,False,389.0,observed,180,established,False,False,False,False,False
2026-02-03,SKU-1021,Beverages,501.0,0,2769.0,10,3270.0,2769.0,True,0.0,False,501.0,observed,180,established,False,False,False,False,False
2026-02-04,SKU-1021,Beverages,597.0,4268,6440.0,10,2769.0,6440.0,True,0.0,False,597.0,observed,180,established,False,False,False,False,False
2026-02-05,SKU-1021,Beverages,407.0,0,6033.0,10,6440.0,6033.0,True,0.0,False,407.0,observed,180,established,False,False,False,False,False
2026-02-06,SKU-1021,Beverages,302.0,0,5731.0,10,6033.0,5731.0,True,0.0,False,302.0,observed,180,established,False,False,False,False,False
2026-02-07,SKU-1021,Beverages,289.0,0,5442.0,10,5731.0,5442.0,True,0.0,False,289.0,observed,180,established,False,False,False,False,False
2026-02-08,SKU-1021,Beverages,295.0,0,5147.0,10,5442.0,5147.0,True,0.0,False,295.0,observed,180,established,False,False,False,False,False
2026-02-09,SKU-1021,Beverages,338.0,0,4809.0,10,5147.0,4809.0,True,0.0,False,338.0,observed,180,established,False,False,False,False,False
2026-02-10,SKU-1021,Beverages,294.0,0,4515.0,10,4809.0,4515.0,True,0.0,False,294.0,observed,180,established,False,False,False,False,False
2026-02-11,SKU-1021,Beverages,519.0,0,3996.0,10,4515.0,3996.0,True,0.0,False,519.0,observed,180,established,False,False,False,False,False
2026-02-12,SKU-1021,Beverages,522.0,0,3474.0,10,3996.0,3474.0,True,0.0,False,522.0,observed,180,established,False,False,False,False,False
2026-02-13,SKU-1021,Beverages,414.0,5277,8337.0,10,3474.0,8337.0,True,0.0,False,414.0,observed,180,established,False,False,False,False,False
2026-02-14,SKU-1021,Beverages,351.0,0,7986.0,10,8337.0,7986.0,True,0.0,False,351.0,observed,180,established,False,False,False,False,False
2026-02-15,SKU-1021,Beverages,284.0,0,7702.0,10,7986.0,7702.0,True,0.0,False,284.0,observed,180,established,False,False,False,False,False
2026-02-16,SKU-1021,Beverages,330.0,0,7372.0,10,7702.0,7372.0,True,0.0,False,330.0,observed,180,established,False,False,False,False,False
2026-02-17,SKU-1021,Beverages,864.0,0,6508.0,10,7372.0,6508.0,True,0.0,False,864.0,observed,180,established,False,False,False,False,False
2026-02-18,SKU-1021,Beverages,390.0,0,6118.0,10,6508.0,6118.0,True,0.0,False,390.0,observed,180,established,False,False,False,False,False
2026-02-19,SKU-1021,Beverages,223.0,0,5895.0,10,6118.0,5895.0,True,0.0,False,223.0,observed,180,established,False,False,False,False,False
2026-02-20,SKU-1021,Beverages,409.0,0,5486.0,10,5895.0,5486.0,True,0.0,False,409.0,observed,180,established,False,False,False,False,False
2026-02-21,SKU-1021,Beverages,358.0,0,5128.0,10,5486.0,5128.0,True,0.0,False,358.0,observed,180,established,False,False,False,False,False
2026-02-22,SKU-1021,Beverages,384.0,0,4744.0,10,5128.0,4744.0,True,0.0,False,384.0,observed,180,established,False,False,False,False,False
2026-02-23,SKU-1021,Beverages,499.0,0,4245.0,10,4744.0,4245.0,True,0.0,False,499.0,observed,180,established,False,False,False,False,False
2026-02-24,SKU-1021,Beverages,319.0,0,3926.0,10,4245.0,3926.0,True,0.0,False,319.0,observed,180,established,False,False,False,False,False
2026-02-25,SKU-1021,Beverages,518.0,0,3408.0,10,3926.0,3408.0,True,0.0,False,518.0,observed,180,established,False,False,False,False,False
2026-02-26,SKU-1021,Beverages,349.0,0,3059.0,10,3408.0,3059.0,True,0.0,False,349.0,observed,180,established,False,False,False,False,False
2026-02-27,SKU-1021,Beverages,377.0,0,2682.0,10,3059.0,2682.0,True,0.0,False,377.0,observed,180,established,False,False,False,False,False
2026-02-28,SKU-1021,Beverages,410.0,0,2272.0,10,2682.0,2272.0,True,0.0,False,410.0,observed,180,established,False,False,False,False,False
2026-03-01,SKU-1021,Beverages,191.0,0,2081.0,10,2272.0,2081.0,True,0.0,False,191.0,observed,180,established,False,False,False,False,False
2026-03-02,SKU-1021,Beverages,294.0,4283,6070.0,10,2081.0,6070.0,True,0.0,False,294.0,observed,180,established,False,False,False,False,False
2026-03-03,SKU-1021,Beverages,385.0,0,5685.0,10,6070.0,5685.0,True,0.0,False,385.0,observed,180,established,False,False,False,False,False
2026-03-04,SKU-1021,Beverages,474.0,0,5211.0,10,5685.0,5211.0,True,0.0,False,474.0,observed,180,established,False,False,False,False,False
2026-03-05,SKU-1021,Beverages,459.0,0,4752.0,10,5211.0,4752.0,True,0.0,False,459.0,observed,180,established,False,False,False,False,False
2026-03-06,SKU-1021,Beverages,339.0,0,4413.0,10,4752.0,4413.0,True,0.0,False,339.0,observed,180,established,False,False,False,False,False
2026-03-07,SKU-1021,Beverages,301.0,0,4112.0,10,4413.0,4112.0,True,0.0,False,301.0,observed,180,established,False,False,False,False,False
2026-03-08,SKU-1021,Beverages,313.0,0,3799.0,10,4112.0,3799.0,True,0.0,False,313.0,observed,180,established,False,False,False,False,False
2026-03-09,SKU-1021,Beverages,334.0,0,3465.0,10,3799.0,3465.0,True,0.0,False,334.0,observed,180,established,False,False,False,False,False
2026-03-10,SKU-1021,Beverages,463.0,4263,7265.0,10,3465.0,7265.0,True,0.0,False,463.0,observed,180,established,False,False,False,False,False
2026-03-11,SKU-1021,Beverages,514.0,0,6751.0,10,7265.0,6751.0,True,0.0,False,514.0,observed,180,established,False,False,False,False,False
2026-03-12,SKU-1021,Beverages,840.0,0,5911.0,10,6751.0,5911.0,True,0.0,False,840.0,observed,180,established,False,False,False,False,False
2026-03-13,SKU-1021,Beverages,316.0,0,5595.0,10,5911.0,5595.0,True,0.0,False,316.0,observed,180,established,False,False,False,False,False
2026-03-14,SKU-1021,Beverages,107.0,0,5488.0,10,5595.0,5488.0,True,0.0,False,107.0,observed,180,established,False,False,False,False,False
2026-03-15,SKU-1021,Beverages,351.0,0,5137.0,10,5488.0,5137.0,True,0.0,False,351.0,observed,180,established,False,False,False,False,False
2026-03-16,SKU-1021,Beverages,355.0,0,,10,5137.0,4782.0,False,,False,355.0,observed,180,established,False,True,False,False,False
2026-03-17,SKU-1021,Beverages,490.0,0,4292.0,10,,,False,,False,490.0,observed,180,established,False,False,False,False,False
2026-03-18,SKU-1021,Beverages,413.0,0,3879.0,10,4292.0,3879.0,True,0.0,False,413.0,observed,180,established,False,False,False,False,False
2026-03-19,SKU-1021,Beverages,397.0,4707,8189.0,10,3879.0,8189.0,True,0.0,False,397.0,observed,180,established,False,False,False,False,False
2026-03-20,SKU-1021,Beverages,227.0,0,7962.0,10,8189.0,7962.0,True,0.0,False,227.0,observed,180,established,False,False,False,False,False
2026-03-21,SKU-1021,Beverages,351.0,0,7611.0,10,7962.0,7611.0,True,0.0,False,351.0,observed,180,established,False,False,False,False,False
2026-03-22,SKU-1021,Beverages,661.0,0,,10,7611.0,6950.0,False,,False,661.0,observed,180,established,False,True,False,False,False
2026-03-23,SKU-1021,Beverages,319.0,0,6631.0,10,,,False,,False,319.0,observed,180,established,False,False,False,False,False
2026-03-24,SKU-1021,Beverages,432.0,0,6199.0,10,6631.0,6199.0,True,0.0,False,432.0,observed,180,established,False,False,False,False,False
2026-03-25,SKU-1021,Beverages,613.0,0,5586.0,10,6199.0,5586.0,True,0.0,False,613.0,observed,180,established,False,False,False,False,False
2026-03-26,SKU-1021,Beverages,387.0,0,5199.0,10,5586.0,5199.0,True,0.0,False,387.0,observed,180,established,False,False,False,False,False
2026-03-27,SKU-1021,Beverages,294.0,0,4905.0,10,5199.0,4905.0,True,0.0,False,294.0,observed,180,established,False,False,False,False,False
2026-03-28,SKU-1021,Beverages,163.0,0,4742.0,10,4905.0,4742.0,True,0.0,False,163.0,observed,180,established,False,False,False,False,False
2026-03-29,SKU-1021,Beverages,486.0,0,4256.0,10,4742.0,4256.0,True,0.0,False,486.0,observed,180,established,False,False,False,False,False
2026-03-30,SKU-1021,Beverages,191.0,0,4065.0,10,4256.0,4065.0,True,0.0,False,191.0,observed,180,established,False,False,False,False,False
2026-03-31,SKU-1021,Beverages,417.0,5075,8723.0,10,4065.0,8723.0,True,0.0,False,417.0,observed,180,established,False,False,False,False,False
2026-04-01,SKU-1021,Beverages,503.0,0,8220.0,10,8723.0,8220.0,True,0.0,False,503.0,observed,180,established,False,False,False,False,False
2026-04-02,SKU-1021,Beverages,315.0,0,7905.0,10,8220.0,,False,,False,,stock_balance_reconstructed,180,established,False,False,False,False,False
2026-04-03,SKU-1021,Beverages,326.0,0,7579.0,10,7905.0,7579.0,True,0.0,False,326.0,observed,180,established,False,False,False,False,False
2026-04-04,SKU-1021,Beverages,329.0,0,7250.0,10,7579.0,7250.0,True,0.0,False,329.0,observed,180,established,False,False,False,False,False
2026-04-05,SKU-1021,Beverages,373.0,0,6877.0,10,7250.0,6877.0,True,0.0,False,373.0,observed,180,established,False,False,False,False,False
2026-04-06,SKU-1021,Beverages,392.0,0,6485.0,10,6877.0,6485.0,True,0.0,False,392.0,observed,180,established,False,False,False,False,False
2026-04-07,SKU-1021,Beverages,537.0,0,5948.0,10,6485.0,5948.0,True,0.0,False,537.0,observed,180,established,False,False,False,False,False
2026-04-08,SKU-1021,Beverages,427.0,0,5521.0,10,5948.0,5521.0,True,0.0,False,427.0,observed,180,established,False,False,False,False,False
2026-04-09,SKU-1021,Beverages,440.0,0,5081.0,10,5521.0,5081.0,True,0.0,False,440.0,observed,180,established,False,False,False,False,False
2026-04-10,SKU-1021,Beverages,269.0,0,,10,5081.0,4812.0,False,,False,269.0,observed,180,established,False,True,False,False,False
2026-04-11,SKU-1021,Beverages,226.0,0,4586.0,10,,,False,,False,226.0,observed,180,established,False,False,False,False,False
2026-04-12,SKU-1021,Beverages,287.0,0,4299.0,10,4586.0,4299.0,True,0.0,False,287.0,observed,180,established,False,False,False,False,False
2026-04-13,SKU-1021,Beverages,400.0,0,3899.0,10,4299.0,3899.0,True,0.0,False,400.0,observed,180,established,False,False,False,False,False
2026-04-14,SKU-1021,Beverages,576.0,0,3323.0,10,3899.0,3323.0,True,0.0,False,576.0,observed,180,established,False,False,False,False,False
2026-04-15,SKU-1021,Beverages,420.0,0,2903.0,10,3323.0,2903.0,True,0.0,False,420.0,observed,180,established,False,False,False,False,False
2026-04-16,SKU-1021,Beverages,528.0,0,2375.0,10,2903.0,2375.0,True,0.0,False,528.0,observed,180,established,False,False,False,False,False
2026-04-17,SKU-1021,Beverages,524.0,0,1851.0,10,2375.0,1851.0,True,0.0,False,524.0,observed,180,established,False,False,False,False,False
2026-04-18,SKU-1021,Beverages,410.0,0,1441.0,10,1851.0,1441.0,True,0.0,False,410.0,observed,180,established,False,False,False,False,False
2026-04-19,SKU-1021,Beverages,242.0,0,1199.0,10,1441.0,1199.0,True,0.0,False,242.0,observed,180,established,False,False,False,False,False
2026-04-20,SKU-1021,Beverages,397.0,5039,5841.0,10,1199.0,5841.0,True,0.0,False,397.0,observed,180,established,False,False,False,False,False
2026-04-21,SKU-1021,Beverages,307.0,0,5534.0,10,5841.0,5534.0,True,0.0,False,307.0,observed,180,established,False,False,False,False,False
2026-04-22,SKU-1021,Beverages,615.0,0,4919.0,10,5534.0,4919.0,True,0.0,False,615.0,observed,180,established,False,False,False,False,False
2026-04-23,SKU-1021,Beverages,442.0,0,4477.0,10,4919.0,4477.0,True,0.0,False,442.0,observed,180,established,False,False,False,False,False
2026-04-24,SKU-1021,Beverages,341.0,0,4136.0,10,4477.0,4136.0,True,0.0,False,341.0,observed,180,established,False,False,False,False,False
2026-04-25,SKU-1021,Beverages,323.0,0,3813.0,10,4136.0,3813.0,True,0.0,False,323.0,observed,180,established,False,False,False,False,False
2026-04-26,SKU-1021,Beverages,299.0,0,3514.0,10,3813.0,3514.0,True,0.0,False,299.0,observed,180,established,False,False,False,False,False
2026-04-27,SKU-1021,Beverages,274.0,0,3240.0,10,3514.0,3240.0,True,0.0,False,274.0,observed,180,established,False,False,False,False,False
2026-04-28,SKU-1021,Beverages,444.0,0,2796.0,10,3240.0,2796.0,True,0.0,False,444.0,observed,180,established,False,False,False,False,False
2026-04-29,SKU-1021,Beverages,579.0,0,2217.0,10,2796.0,2217.0,True,0.0,False,579.0,observed,180,established,False,False,False,False,False
2026-04-30,SKU-1021,Beverages,495.0,4210,5932.0,10,2217.0,5932.0,True,0.0,False,495.0,observed,180,established,False,False,False,False,False
2026-05-01,SKU-1021,Beverages,546.0,0,5386.0,10,5932.0,5386.0,True,0.0,False,546.0,observed,180,established,False,False,False,False,False
2026-05-02,SKU-1021,Beverages,425.0,0,4961.0,10,5386.0,4961.0,True,0.0,False,425.0,observed,180,established,False,False,False,False,False
2026-05-03,SKU-1021,Beverages,346.0,0,4615.0,10,4961.0,4615.0,True,0.0,False,346.0,observed,180,established,False,False,False,False,False
2026-05-04,SKU-1021,Beverages,290.0,0,4325.0,10,4615.0,4325.0,True,0.0,False,290.0,observed,180,established,False,False,False,False,False
2026-05-05,SKU-1021,Beverages,396.0,0,3929.0,10,4325.0,3929.0,True,0.0,False,396.0,observed,180,established,False,False,False,False,False
2026-05-06,SKU-1021,Beverages,416.0,4621,8134.0,10,3929.0,8134.0,True,0.0,False,416.0,observed,180,established,False,False,False,False,False
2026-05-07,SKU-1021,Beverages,397.0,0,7737.0,10,8134.0,7737.0,True,0.0,False,397.0,observed,180,established,False,False,False,False,False
2026-05-08,SKU-1021,Beverages,301.0,0,7436.0,10,7737.0,7436.0,True,0.0,False,301.0,observed,180,established,False,False,False,False,False
2026-05-09,SKU-1021,Beverages,304.0,0,7132.0,10,7436.0,7132.0,True,0.0,False,304.0,observed,180,established,False,False,False,False,False
2026-05-10,SKU-1021,Beverages,373.0,0,6759.0,10,7132.0,6759.0,True,0.0,False,373.0,observed,180,established,False,False,False,False,False
2026-05-11,SKU-1021,Beverages,437.0,0,6322.0,10,6759.0,6322.0,True,0.0,False,437.0,observed,180,established,False,False,False,False,False
2026-05-12,SKU-1021,Beverages,507.0,0,5815.0,10,6322.0,5815.0,True,0.0,False,507.0,observed,180,established,False,False,False,False,False
2026-05-13,SKU-1021,Beverages,441.0,0,5374.0,10,5815.0,5374.0,True,0.0,False,441.0,observed,180,established,False,False,False,False,False
2026-05-14,SKU-1021,Beverages,484.0,0,4890.0,10,5374.0,4890.0,True,0.0,False,484.0,observed,180,established,False,False,False,False,False
2026-05-15,SKU-1021,Beverages,481.0,0,4409.0,10,4890.0,4409.0,True,0.0,False,481.0,observed,180,established,False,False,False,False,False
2026-05-16,SKU-1021,Beverages,280.0,0,4129.0,10,4409.0,4129.0,True,0.0,False,280.0,observed,180,established,False,False,False,False,False
2026-05-17,SKU-1021,Beverages,360.0,0,3769.0,10,4129.0,3769.0,True,0.0,False,360.0,observed,180,established,False,False,False,False,False
2026-05-18,SKU-1021,Beverages,459.0,0,3310.0,10,3769.0,3310.0,True,0.0,False,459.0,observed,180,established,False,False,False,False,False
2026-05-19,SKU-1021,Beverages,366.0,0,2944.0,10,3310.0,2944.0,True,0.0,False,366.0,observed,180,established,False,False,False,False,False
2026-05-20,SKU-1021,Beverages,412.0,0,2532.0,10,2944.0,2532.0,True,0.0,False,412.0,observed,180,established,False,False,False,False,False
2026-05-21,SKU-1021,Beverages,621.0,0,1911.0,10,2532.0,1911.0,True,0.0,False,621.0,observed,180,established,False,False,False,False,False
2026-05-22,SKU-1021,Beverages,369.0,0,1542.0,10,1911.0,1542.0,True,0.0,False,369.0,observed,180,established,False,False,False,False,False
2026-05-23,SKU-1021,Beverages,296.0,0,1246.0,10,1542.0,1246.0,True,0.0,False,296.0,observed,180,established,False,False,False,False,False
2026-05-24,SKU-1021,Beverages,289.0,4459,5416.0,10,1246.0,5416.0,True,0.0,False,289.0,observed,180,established,False,False,False,False,False
2026-05-25,SKU-1021,Beverages,363.0,0,5053.0,10,5416.0,5053.0,True,0.0,False,363.0,observed,180,established,False,False,False,False,False
2026-05-26,SKU-1021,Beverages,434.0,0,4619.0,10,5053.0,4619.0,True,0.0,False,434.0,observed,180,established,False,False,False,False,False
2026-05-27,SKU-1021,Beverages,318.0,0,4301.0,10,4619.0,4301.0,True,0.0,False,318.0,observed,180,established,False,False,False,False,False
2026-05-28,SKU-1021,Beverages,526.0,0,3775.0,10,4301.0,3775.0,True,0.0,False,526.0,observed,180,established,False,False,False,False,False
2026-05-29,SKU-1021,Beverages,306.0,4380,7849.0,10,3775.0,7849.0,True,0.0,False,306.0,observed,180,established,False,False,False,False,False
2026-05-30,SKU-1021,Beverages,286.0,0,7563.0,10,7849.0,7563.0,True,0.0,False,286.0,observed,180,established,False,False,False,False,False
2026-05-31,SKU-1021,Beverages,275.0,0,7288.0,10,7563.0,7288.0,True,0.0,False,275.0,observed,180,established,False,False,False,False,False
2026-06-01,SKU-1021,Beverages,275.0,0,7013.0,10,7288.0,7013.0,True,0.0,False,275.0,observed,180,established,False,False,False,False,False
2026-06-02,SKU-1021,Beverages,366.0,0,,10,7013.0,6647.0,False,,False,366.0,observed,180,established,False,True,False,False,False
2026-06-03,SKU-1021,Beverages,430.0,0,6217.0,10,,,False,,False,430.0,observed,180,established,False,False,False,False,False
2026-06-04,SKU-1021,Beverages,472.0,0,,10,6217.0,5745.0,False,,False,472.0,observed,180,established,False,True,False,False,False
2026-06-05,SKU-1021,Beverages,246.0,0,5499.0,10,,,False,,False,246.0,observed,180,established,False,False,False,False,False
2026-06-06,SKU-1021,Beverages,400.0,0,5099.0,10,5499.0,5099.0,True,0.0,False,400.0,observed,180,established,False,False,False,False,False
2026-06-07,SKU-1021,Beverages,299.0,0,4800.0,10,5099.0,4800.0,True,0.0,False,299.0,observed,180,established,False,False,False,False,False
2026-06-08,SKU-1021,Beverages,476.0,0,4324.0,10,4800.0,4324.0,True,0.0,False,476.0,observed,180,established,False,False,False,False,False
2026-06-09,SKU-1021,Beverages,625.0,0,3699.0,10,4324.0,3699.0,True,0.0,False,625.0,observed,180,established,False,False,False,False,False
2026-06-10,SKU-1021,Beverages,412.0,0,3287.0,10,3699.0,3287.0,True,0.0,False,412.0,observed,180,established,False,False,False,False,False
2026-06-11,SKU-1021,Beverages,371.0,0,2916.0,10,3287.0,,False,,False,,stock_balance_reconstructed,180,established,False,False,False,False,False
2026-06-12,SKU-1021,Beverages,297.0,0,2619.0,10,2916.0,2619.0,True,0.0,False,297.0,observed,180,established,False,False,False,False,False
2026-06-13,SKU-1021,Beverages,420.0,0,2199.0,10,2619.0,2199.0,True,0.0,False,420.0,observed,180,established,False,False,False,False,False
2026-06-14,SKU-1021,Beverages,348.0,0,1851.0,10,2199.0,1851.0,True,0.0,False,348.0,observed,180,established,False,False,False,False,False
2026-06-15,SKU-1021,Beverages,476.0,0,1375.0,10,1851.0,1375.0,True,0.0,False,476.0,observed,180,established,False,False,False,False,False
2026-06-16,SKU-1021,Beverages,564.0,0,811.0,10,1375.0,811.0,True,0.0,False,564.0,observed,180,established,False,False,False,False,False
2026-06-17,SKU-1021,Beverages,466.0,0,345.0,10,811.0,345.0,True,0.0,False,466.0,observed,180,established,False,False,False,False,False
2026-06-18,SKU-1021,Beverages,499.0,0,0.0,10,345.0,-154.0,False,-154.0,True,499.0,observed,180,established,False,False,False,True,False
2026-06-19,SKU-1021,Beverages,365.0,0,0.0,10,0.0,-365.0,False,-365.0,True,365.0,observed,180,established,False,False,False,True,False
2026-06-20,SKU-1021,Beverages,364.0,0,0.0,10,0.0,-364.0,False,-364.0,True,364.0,observed,180,established,False,False,False,True,False
2026-06-21,SKU-1021,Beverages,328.0,0,0.0,10,0.0,-328.0,False,-328.0,True,328.0,observed,180,established,False,False,False,True,False
2026-06-22,SKU-1021,Beverages,333.0,0,0.0,10,0.0,-333.0,False,-333.0,True,333.0,observed,180,established,False,False,False,True,False
2026-06-23,SKU-1021,Beverages,438.0,0,0.0,10,0.0,-438.0,False,-438.0,True,438.0,observed,180,established,False,False,False,True,False
2026-06-24,SKU-1021,Beverages,439.0,0,0.0,10,0.0,-439.0,False,-439.0,True,439.0,observed,180,established,False,False,False,True,False
2026-06-25,SKU-1021,Beverages,366.0,4495,4129.0,10,0.0,4129.0,True,0.0,False,366.0,observed,180,established,False,False,False,False,False
2026-06-26,SKU-1021,Beverages,297.0,0,3832.0,10,4129.0,3832.0,True,0.0,False,297.0,observed,180,established,False,False,False,False,False
2026-06-27,SKU-1021,Beverages,314.0,0,3518.0,10,3832.0,3518.0,True,0.0,False,314.0,observed,180,established,False,False,False,False,False
2026-06-28,SKU-1021,Beverages,238.0,0,3280.0,10,3518.0,3280.0,True,0.0,False,238.0,observed,180,established,False,False,False,False,False
2026-06-29,SKU-1021,Beverages,439.0,3640,6481.0,10,3280.0,6481.0,True,0.0,False,439.0,observed,180,established,False,False,False,False,False
2026-01-01,SKU-1022,Snacks,207.0,0,834.0,3,,,False,,False,207.0,observed,180,established,False,False,False,False,False
2026-01-02,SKU-1022,Snacks,141.0,0,693.0,3,834.0,693.0,True,0.0,False,141.0,observed,180,established,False,False,False,False,False
2026-01-03,SKU-1022,Snacks,174.0,0,519.0,3,693.0,519.0,True,0.0,False,174.0,observed,180,established,False,False,False,False,False
2026-01-04,SKU-1022,Snacks,110.0,739,1148.0,3,519.0,1148.0,True,0.0,False,110.0,observed,180,established,False,False,False,False,False
2026-01-05,SKU-1022,Snacks,211.0,0,937.0,3,1148.0,937.0,True,0.0,False,211.0,observed,180,established,False,False,False,False,False
2026-01-06,SKU-1022,Snacks,206.0,0,731.0,3,937.0,731.0,True,0.0,False,206.0,observed,180,established,False,False,False,False,False
2026-01-07,SKU-1022,Snacks,179.0,0,552.0,3,731.0,552.0,True,0.0,False,179.0,observed,180,established,False,False,False,False,False
2026-01-08,SKU-1022,Snacks,182.0,619,989.0,3,552.0,989.0,True,0.0,False,182.0,observed,180,established,False,False,False,False,False
2026-01-09,SKU-1022,Snacks,157.0,0,832.0,3,989.0,832.0,True,0.0,False,157.0,observed,180,established,False,False,False,False,False
2026-01-10,SKU-1022,Snacks,80.0,0,752.0,3,832.0,752.0,True,0.0,False,80.0,observed,180,established,False,False,False,False,False
2026-01-11,SKU-1022,Snacks,200.0,0,552.0,3,752.0,552.0,True,0.0,False,200.0,observed,180,established,False,False,False,False,False
2026-01-12,SKU-1022,Snacks,164.0,545,933.0,3,552.0,933.0,True,0.0,False,164.0,observed,180,established,False,False,False,False,False
2026-01-13,SKU-1022,Snacks,184.0,0,749.0,3,933.0,749.0,True,0.0,False,184.0,observed,180,established,False,False,False,False,False
2026-01-14,SKU-1022,Snacks,184.0,0,565.0,3,749.0,565.0,True,0.0,False,184.0,observed,180,established,False,False,False,False,False
2026-01-15,SKU-1022,Snacks,170.0,593,988.0,3,565.0,988.0,True,0.0,False,170.0,observed,180,established,False,False,False,False,False
2026-01-16,SKU-1022,Snacks,162.0,0,826.0,3,988.0,826.0,True,0.0,False,162.0,observed,180,established,False,False,False,False,False
2026-01-17,SKU-1022,Snacks,135.0,0,691.0,3,826.0,691.0,True,0.0,False,135.0,observed,180,established,False,False,False,False,False
2026-01-18,SKU-1022,Snacks,213.0,0,478.0,3,691.0,478.0,True,0.0,False,213.0,observed,180,established,False,False,False,False,False
2026-01-19,SKU-1022,Snacks,160.0,669,987.0,3,478.0,987.0,True,0.0,False,160.0,observed,180,established,False,False,False,False,False
2026-01-20,SKU-1022,Snacks,203.0,0,784.0,3,987.0,784.0,True,0.0,False,203.0,observed,180,established,False,False,False,False,False
2026-01-21,SKU-1022,Snacks,188.0,0,596.0,3,784.0,596.0,True,0.0,False,188.0,observed,180,established,False,False,False,False,False
2026-01-22,SKU-1022,Snacks,279.0,0,317.0,3,596.0,317.0,True,0.0,False,279.0,observed,180,established,False,False,False,False,False
2026-01-23,SKU-1022,Snacks,139.0,0,178.0,3,317.0,178.0,True,0.0,False,139.0,observed,180,established,False,False,False,False,False
2026-01-24,SKU-1022,Snacks,145.0,0,33.0,3,178.0,33.0,True,0.0,False,145.0,observed,180,established,False,False,False,False,False
2026-01-25,SKU-1022,Snacks,118.0,0,0.0,3,33.0,-85.0,False,-85.0,True,118.0,observed,180,established,False,False,False,True,False
2026-01-26,SKU-1022,Snacks,312.0,0,0.0,3,0.0,-312.0,False,-312.0,True,312.0,observed,180,established,False,False,False,True,False
2026-01-27,SKU-1022,Snacks,248.0,0,0.0,3,0.0,-248.0,False,-248.0,True,248.0,observed,180,established,False,False,False,True,False
2026-01-28,SKU-1022,Snacks,277.0,0,0.0,3,0.0,-277.0,False,-277.0,True,277.0,observed,180,established,False,False,False,True,False
2026-01-29,SKU-1022,Snacks,,0,0.0,3,0.0,,False,,False,,observed,180,established,False,False,False,True,False
2026-01-30,SKU-1022,Snacks,,0,0.0,3,0.0,,False,,False,,observed,180,established,False,False,False,True,False
2026-01-31,SKU-1022,Snacks,120.0,0,0.0,3,0.0,-120.0,False,-120.0,True,120.0,observed,180,established,False,False,False,True,False
2026-02-01,SKU-1022,Snacks,125.0,0,0.0,3,0.0,-125.0,False,-125.0,True,125.0,observed,180,established,False,False,False,True,False
2026-02-02,SKU-1022,Snacks,186.0,634,448.0,3,0.0,448.0,True,0.0,False,186.0,observed,180,established,False,False,False,False,False
2026-02-03,SKU-1022,Snacks,170.0,0,278.0,3,448.0,278.0,True,0.0,False,170.0,observed,180,established,False,False,False,False,False
2026-02-04,SKU-1022,Snacks,167.0,0,111.0,3,278.0,111.0,True,0.0,False,167.0,observed,180,established,False,False,False,False,False
2026-02-05,SKU-1022,Snacks,141.0,519,489.0,3,111.0,489.0,True,0.0,False,141.0,observed,180,established,False,False,False,False,False
2026-02-06,SKU-1022,Snacks,175.0,696,1010.0,3,489.0,1010.0,True,0.0,False,175.0,observed,180,established,False,False,False,False,False
2026-02-07,SKU-1022,Snacks,110.0,0,900.0,3,1010.0,900.0,True,0.0,False,110.0,observed,180,established,False,False,False,False,False
2026-02-08,SKU-1022,Snacks,124.0,0,776.0,3,900.0,776.0,True,0.0,False,124.0,observed,180,established,False,False,False,False,False
2026-02-09,SKU-1022,Snacks,218.0,0,558.0,3,776.0,558.0,True,0.0,False,218.0,observed,180,established,False,False,False,False,False
2026-02-10,SKU-1022,Snacks,87.0,0,471.0,3,558.0,471.0,True,0.0,False,87.0,observed,180,established,False,False,False,False,False
2026-02-11,SKU-1022,Snacks,177.0,0,294.0,3,471.0,294.0,True,0.0,False,177.0,observed,180,established,False,False,False,False,False
2026-02-12,SKU-1022,Snacks,151.0,0,143.0,3,294.0,143.0,True,0.0,False,151.0,observed,180,established,False,False,False,False,False
2026-02-13,SKU-1022,Snacks,138.0,0,5.0,3,143.0,5.0,True,0.0,False,138.0,observed,180,established,False,False,False,False,False
2026-02-14,SKU-1022,Snacks,161.0,0,0.0,3,5.0,-156.0,False,-156.0,True,161.0,observed,180,established,False,False,False,True,False
2026-02-15,SKU-1022,Snacks,225.0,0,0.0,3,0.0,-225.0,False,-225.0,True,225.0,observed,180,established,False,False,False,True,False
2026-02-16,SKU-1022,Snacks,179.0,0,0.0,3,0.0,-179.0,False,-179.0,True,179.0,observed,180,established,False,False,False,True,False
2026-02-17,SKU-1022,Snacks,233.0,567,334.0,3,0.0,334.0,True,0.0,False,233.0,observed,180,established,False,False,False,False,False
2026-02-18,SKU-1022,Snacks,245.0,0,89.0,3,334.0,89.0,True,0.0,False,245.0,observed,180,established,False,False,False,False,False
2026-02-19,SKU-1022,Snacks,277.0,0,0.0,3,89.0,-188.0,False,-188.0,True,277.0,observed,180,established,False,False,False,True,False
2026-02-20,SKU-1022,Snacks,181.0,623,442.0,3,0.0,442.0,True,0.0,False,181.0,observed,180,established,False,False,False,False,False
2026-02-21,SKU-1022,Snacks,115.0,0,327.0,3,442.0,327.0,True,0.0,False,115.0,observed,180,established,False,False,False,False,False
2026-02-22,SKU-1022,Snacks,107.0,711,931.0,3,327.0,931.0,True,0.0,False,107.0,observed,180,established,False,False,False,False,False
2026-02-23,SKU-1022,Snacks,270.0,0,661.0,3,931.0,661.0,True,0.0,False,270.0,observed,180,established,False,False,False,False,False
2026-02-24,SKU-1022,Snacks,143.0,0,518.0,3,661.0,518.0,True,0.0,False,143.0,observed,180,established,False,False,False,False,False
2026-02-25,SKU-1022,Snacks,208.0,709,1019.0,3,518.0,1019.0,True,0.0,False,208.0,observed,180,established,False,False,False,False,False
2026-02-26,SKU-1022,Snacks,243.0,0,776.0,3,1019.0,776.0,True,0.0,False,243.0,observed,180,established,False,False,False,False,False
2026-02-27,SKU-1022,Snacks,206.0,0,570.0,3,776.0,570.0,True,0.0,False,206.0,observed,180,established,False,False,False,False,False
2026-02-28,SKU-1022,Snacks,125.0,507,952.0,3,570.0,952.0,True,0.0,False,125.0,observed,180,established,False,False,False,False,False
2026-03-01,SKU-1022,Snacks,139.0,0,813.0,3,952.0,813.0,True,0.0,False,139.0,observed,180,established,False,False,False,False,False
2026-03-02,SKU-1022,Snacks,155.0,0,658.0,3,813.0,658.0,True,0.0,False,155.0,observed,180,established,False,False,False,False,False
2026-03-03,SKU-1022,Snacks,256.0,0,402.0,3,658.0,402.0,True,0.0,False,256.0,observed,180,established,False,False,False,False,False
2026-03-04,SKU-1022,Snacks,276.0,0,126.0,3,402.0,126.0,True,0.0,False,276.0,observed,180,established,False,False,False,False,False
2026-03-05,SKU-1022,Snacks,101.0,0,25.0,3,126.0,25.0,True,0.0,False,101.0,observed,180,established,False,False,False,False,False
2026-03-06,SKU-1022,Snacks,185.0,0,0.0,3,25.0,-160.0,False,-160.0,True,185.0,observed,180,established,False,False,False,True,False
2026-03-07,SKU-1022,Snacks,180.0,0,0.0,3,0.0,-180.0,False,-180.0,True,180.0,observed,180,established,False,False,False,True,False
2026-03-08,SKU-1022,Snacks,109.0,660,551.0,3,0.0,551.0,True,0.0,False,109.0,observed,180,established,False,False,False,False,False
2026-03-09,SKU-1022,Snacks,176.0,758,1133.0,3,551.0,1133.0,True,0.0,False,176.0,observed,180,established,False,False,False,False,False
2026-03-10,SKU-1022,Snacks,280.0,0,853.0,3,1133.0,853.0,True,0.0,False,280.0,observed,180,established,False,False,False,False,False
2026-03-11,SKU-1022,Snacks,229.0,0,624.0,3,853.0,624.0,True,0.0,False,229.0,observed,180,established,False,False,False,False,False
2026-03-12,SKU-1022,Snacks,212.0,0,412.0,3,624.0,412.0,True,0.0,False,212.0,observed,180,established,False,False,False,False,False
2026-03-13,SKU-1022,Snacks,219.0,647,840.0,3,412.0,840.0,True,0.0,False,219.0,observed,180,established,False,False,False,False,False
2026-03-14,SKU-1022,Snacks,122.0,0,718.0,3,840.0,718.0,True,0.0,False,122.0,observed,180,established,False,False,False,False,False
2026-03-15,SKU-1022,Snacks,174.0,0,544.0,3,718.0,544.0,True,0.0,False,174.0,observed,180,established,False,False,False,False,False
2026-03-16,SKU-1022,Snacks,243.0,575,876.0,3,544.0,,False,,False,,stock_balance_reconstructed,180,established,False,False,False,False,False
2026-03-17,SKU-1022,Snacks,233.0,0,643.0,3,876.0,643.0,True,0.0,False,233.0,observed,180,established,False,False,False,False,False
2026-03-18,SKU-1022,Snacks,72.0,0,571.0,3,643.0,571.0,True,0.0,False,72.0,observed,180,established,False,False,False,False,False
2026-03-19,SKU-1022,Snacks,255.0,0,316.0,3,571.0,316.0,True,0.0,False,255.0,observed,180,established,False,False,False,False,False
2026-03-20,SKU-1022,Snacks,377.0,0,0.0,3,316.0,-61.0,False,-61.0,True,377.0,observed,180,established,False,False,False,True,False
2026-03-21,SKU-1022,Snacks,114.0,0,0.0,3,0.0,-114.0,False,-114.0,True,114.0,observed,180,established,False,False,False,True,False
2026-03-22,SKU-1022,Snacks,156.0,541,385.0,3,0.0,385.0,True,0.0,False,156.0,observed,180,established,False,False,False,False,False
2026-03-23,SKU-1022,Snacks,209.0,725,901.0,3,385.0,901.0,True,0.0,False,209.0,observed,180,established,False,False,False,False,False
2026-03-24,SKU-1022,Snacks,200.0,0,701.0,3,901.0,701.0,True,0.0,False,200.0,observed,180,established,False,False,False,False,False
2026-03-25,SKU-1022,Snacks,210.0,0,491.0,3,701.0,491.0,True,0.0,False,210.0,observed,180,established,False,False,False,False,False
2026-03-26,SKU-1022,Snacks,173.0,0,318.0,3,491.0,318.0,True,0.0,False,173.0,observed,180,established,False,False,False,False,False
2026-03-27,SKU-1022,Snacks,171.0,0,147.0,3,318.0,147.0,True,0.0,False,171.0,observed,180,established,False,False,False,False,False
2026-03-28,SKU-1022,Snacks,119.0,0,28.0,3,147.0,28.0,True,0.0,False,119.0,observed,180,established,False,False,False,False,False
2026-03-29,SKU-1022,Snacks,185.0,711,554.0,3,28.0,554.0,True,0.0,False,185.0,observed,180,established,False,False,False,False,False
2026-03-30,SKU-1022,Snacks,179.0,0,375.0,3,554.0,375.0,True,0.0,False,179.0,observed,180,established,False,False,False,False,False
2026-03-31,SKU-1022,Snacks,239.0,721,857.0,3,375.0,857.0,True,0.0,False,239.0,observed,180,established,False,False,False,False,False
2026-04-01,SKU-1022,Snacks,248.0,0,609.0,3,857.0,609.0,True,0.0,False,248.0,observed,180,established,False,False,False,False,False
2026-04-02,SKU-1022,Snacks,161.0,0,448.0,3,609.0,448.0,True,0.0,False,161.0,observed,180,established,False,False,False,False,False
2026-04-03,SKU-1022,Snacks,207.0,0,241.0,3,448.0,241.0,True,0.0,False,207.0,observed,180,established,False,False,False,False,False
2026-04-04,SKU-1022,Snacks,162.0,0,79.0,3,241.0,79.0,True,0.0,False,162.0,observed,180,established,False,False,False,False,False
2026-04-05,SKU-1022,Snacks,118.0,0,0.0,3,79.0,-39.0,False,-39.0,True,118.0,observed,180,established,False,False,False,True,False
2026-04-06,SKU-1022,Snacks,144.0,0,0.0,3,0.0,-144.0,False,-144.0,True,144.0,observed,180,established,False,False,False,True,False
2026-04-07,SKU-1022,Snacks,241.0,0,0.0,3,0.0,-241.0,False,-241.0,True,241.0,observed,180,established,False,False,False,True,False
2026-04-08,SKU-1022,Snacks,149.0,0,0.0,3,0.0,-149.0,False,-149.0,True,149.0,observed,180,established,False,False,False,True,False
2026-04-09,SKU-1022,Snacks,200.0,0,0.0,3,0.0,-200.0,False,-200.0,True,200.0,observed,180,established,False,False,False,True,False
2026-04-10,SKU-1022,Snacks,131.0,0,0.0,3,0.0,-131.0,False,-131.0,True,131.0,observed,180,established,False,False,False,True,False
2026-04-11,SKU-1022,Snacks,188.0,0,0.0,3,0.0,-188.0,False,-188.0,True,188.0,observed,180,established,False,False,False,True,False
2026-04-12,SKU-1022,Snacks,100.0,0,0.0,3,0.0,-100.0,False,-100.0,True,100.0,observed,180,established,False,False,False,True,False
2026-04-13,SKU-1022,Snacks,140.0,716,576.0,3,0.0,576.0,True,0.0,False,140.0,observed,180,established,False,False,False,False,False
2026-04-14,SKU-1022,Snacks,217.0,0,359.0,3,576.0,359.0,True,0.0,False,217.0,observed,180,established,False,False,False,False,False
2026-04-15,SKU-1022,Snacks,245.0,0,114.0,3,359.0,114.0,True,0.0,False,245.0,observed,180,established,False,False,False,False,False
2026-04-16,SKU-1022,Snacks,220.0,693,587.0,3,114.0,587.0,True,0.0,False,220.0,observed,180,established,False,False,False,False,False
2026-04-17,SKU-1022,Snacks,196.0,0,391.0,3,587.0,391.0,True,0.0,False,196.0,observed,180,established,False,False,False,False,False
2026-04-18,SKU-1022,Snacks,162.0,0,229.0,3,391.0,229.0,True,0.0,False,162.0,observed,180,established,False,False,False,False,False
2026-04-19,SKU-1022,Snacks,193.0,0,36.0,3,229.0,36.0,True,0.0,False,193.0,observed,180,established,False,False,False,False,False
2026-04-20,SKU-1022,Snacks,210.0,647,473.0,3,36.0,473.0,True,0.0,False,210.0,observed,180,established,False,False,False,False,False
2026-04-21,SKU-1022,Snacks,138.0,521,856.0,3,473.0,856.0,True,0.0,False,138.0,observed,180,established,False,False,False,False,False
2026-04-22,SKU-1022,Snacks,154.0,0,702.0,3,856.0,702.0,True,0.0,False,154.0,observed,180,established,False,False,False,False,False
2026-04-23,SKU-1022,Snacks,160.0,0,,3,702.0,542.0,False,,False,160.0,observed,180,established,False,True,False,False,False
2026-04-24,SKU-1022,Snacks,226.0,0,316.0,3,,,False,,False,226.0,observed,180,established,False,False,False,False,False
2026-04-25,SKU-1022,Snacks,117.0,0,199.0,3,316.0,199.0,True,0.0,False,117.0,observed,180,established,False,False,False,False,False
2026-04-26,SKU-1022,Snacks,163.0,521,557.0,3,199.0,557.0,True,0.0,False,163.0,observed,180,established,False,False,False,False,False
2026-04-27,SKU-1022,Snacks,81.0,0,476.0,3,557.0,476.0,True,0.0,False,81.0,observed,180,established,False,False,False,False,False
2026-04-28,SKU-1022,Snacks,117.0,709,1068.0,3,476.0,1068.0,True,0.0,False,117.0,observed,180,established,False,False,False,False,False
2026-04-29,SKU-1022,Snacks,228.0,0,840.0,3,1068.0,840.0,True,0.0,False,228.0,observed,180,established,False,False,False,False,False
2026-04-30,SKU-1022,Snacks,277.0,0,563.0,3,840.0,563.0,True,0.0,False,277.0,observed,180,established,False,False,False,False,False
2026-05-01,SKU-1022,Snacks,168.0,0,395.0,3,563.0,395.0,True,0.0,False,168.0,observed,180,established,False,False,False,False,False
2026-05-02,SKU-1022,Snacks,148.0,0,247.0,3,395.0,247.0,True,0.0,False,148.0,observed,180,established,False,False,False,False,False
2026-05-03,SKU-1022,Snacks,161.0,0,86.0,3,247.0,86.0,True,0.0,False,161.0,observed,180,established,False,False,False,False,False
2026-05-04,SKU-1022,Snacks,187.0,712,611.0,3,86.0,611.0,True,0.0,False,187.0,observed,180,established,False,False,False,False,False
2026-05-05,SKU-1022,Snacks,130.0,0,481.0,3,611.0,481.0,True,0.0,False,130.0,observed,180,established,False,False,False,False,False
2026-05-06,SKU-1022,Snacks,215.0,0,266.0,3,481.0,266.0,True,0.0,False,215.0,observed,180,established,False,False,False,False,False
2026-05-07,SKU-1022,Snacks,206.0,574,634.0,3,266.0,634.0,True,0.0,False,206.0,observed,180,established,False,False,False,False,False
2026-05-08,SKU-1022,Snacks,211.0,0,423.0,3,634.0,423.0,True,0.0,False,211.0,observed,180,established,False,False,False,False,False
2026-05-09,SKU-1022,Snacks,134.0,0,289.0,3,423.0,289.0,True,0.0,False,134.0,observed,180,established,False,False,False,False,False
2026-05-10,SKU-1022,Snacks,153.0,652,788.0,3,289.0,788.0,True,0.0,False,153.0,observed,180,established,False,False,False,False,False
2026-05-11,SKU-1022,Snacks,271.0,0,517.0,3,788.0,517.0,True,0.0,False,271.0,observed,180,established,False,False,False,False,False
2026-05-12,SKU-1022,Snacks,194.0,646,969.0,3,517.0,969.0,True,0.0,False,194.0,observed,180,established,False,False,False,False,False
2026-05-13,SKU-1022,Snacks,206.0,0,763.0,3,969.0,763.0,True,0.0,False,206.0,observed,180,established,False,False,False,False,False
2026-05-14,SKU-1022,Snacks,180.0,0,583.0,3,763.0,583.0,True,0.0,False,180.0,observed,180,established,False,False,False,False,False
2026-05-15,SKU-1022,Snacks,220.0,0,363.0,3,583.0,363.0,True,0.0,False,220.0,observed,180,established,False,False,False,False,False
2026-05-16,SKU-1022,Snacks,217.0,720,866.0,3,363.0,866.0,True,0.0,False,217.0,observed,180,established,False,False,False,False,False
2026-05-17,SKU-1022,Snacks,143.0,0,723.0,3,866.0,723.0,True,0.0,False,143.0,observed,180,established,False,False,False,False,False
2026-05-18,SKU-1022,Snacks,218.0,0,505.0,3,723.0,505.0,True,0.0,False,218.0,observed,180,established,False,False,False,False,False
2026-05-19,SKU-1022,Snacks,180.0,0,325.0,3,505.0,325.0,True,0.0,False,180.0,observed,180,established,False,False,False,False,False
2026-05-20,SKU-1022,Snacks,192.0,0,133.0,3,325.0,133.0,True,0.0,False,192.0,observed,180,established,False,False,False,False,False
2026-05-21,SKU-1022,Snacks,172.0,0,0.0,3,133.0,-39.0,False,-39.0,True,172.0,observed,180,established,False,False,False,True,False
2026-05-22,SKU-1022,Snacks,133.0,0,0.0,3,0.0,-133.0,False,-133.0,True,133.0,observed,180,established,False,False,False,True,False
2026-05-23,SKU-1022,Snacks,204.0,0,0.0,3,0.0,-204.0,False,-204.0,True,204.0,observed,180,established,False,False,False,True,False
2026-05-24,SKU-1022,Snacks,162.0,0,0.0,3,0.0,-162.0,False,-162.0,True,162.0,observed,180,established,False,False,False,True,False
2026-05-25,SKU-1022,Snacks,148.0,0,0.0,3,0.0,-148.0,False,-148.0,True,148.0,observed,180,established,False,False,False,True,False
2026-05-26,SKU-1022,Snacks,111.0,718,607.0,3,0.0,607.0,True,0.0,False,111.0,observed,180,established,False,False,False,False,False
2026-05-27,SKU-1022,Snacks,212.0,0,395.0,3,607.0,395.0,True,0.0,False,212.0,observed,180,established,False,False,False,False,False
2026-05-28,SKU-1022,Snacks,275.0,0,120.0,3,395.0,120.0,True,0.0,False,275.0,observed,180,established,False,False,False,False,False
2026-05-29,SKU-1022,Snacks,200.0,567,487.0,3,120.0,487.0,True,0.0,False,200.0,observed,180,established,False,False,False,False,False
2026-05-30,SKU-1022,Snacks,182.0,0,305.0,3,487.0,305.0,True,0.0,False,182.0,observed,180,established,False,False,False,False,False
2026-05-31,SKU-1022,Snacks,151.0,0,154.0,3,305.0,154.0,True,0.0,False,151.0,observed,180,established,False,False,False,False,False
2026-06-01,SKU-1022,Snacks,139.0,0,15.0,3,154.0,15.0,True,0.0,False,139.0,observed,180,established,False,False,False,False,False
2026-06-02,SKU-1022,Snacks,285.0,663,393.0,3,15.0,393.0,True,0.0,False,285.0,observed,180,established,False,False,False,False,False
2026-06-03,SKU-1022,Snacks,183.0,0,210.0,3,393.0,210.0,True,0.0,False,183.0,observed,180,established,False,False,False,False,False
2026-06-04,SKU-1022,Snacks,231.0,0,0.0,3,210.0,-21.0,False,-21.0,True,231.0,observed,180,established,False,False,False,True,False
2026-06-05,SKU-1022,Snacks,165.0,0,0.0,3,0.0,-165.0,False,-165.0,True,165.0,observed,180,established,False,False,False,True,False
2026-06-06,SKU-1022,Snacks,192.0,736,544.0,3,0.0,544.0,True,0.0,False,192.0,observed,180,established,False,False,False,False,False
2026-06-07,SKU-1022,Snacks,196.0,0,348.0,3,544.0,348.0,True,0.0,False,196.0,observed,180,established,False,False,False,False,False
2026-06-08,SKU-1022,Snacks,187.0,0,161.0,3,348.0,161.0,True,0.0,False,187.0,observed,180,established,False,False,False,False,False
2026-06-09,SKU-1022,Snacks,200.0,537,498.0,3,161.0,498.0,True,0.0,False,200.0,observed,180,established,False,False,False,False,False
2026-06-10,SKU-1022,Snacks,208.0,0,290.0,3,498.0,290.0,True,0.0,False,208.0,observed,180,established,False,False,False,False,False
2026-06-11,SKU-1022,Snacks,207.0,0,83.0,3,290.0,83.0,True,0.0,False,207.0,observed,180,established,False,False,False,False,False
2026-06-12,SKU-1022,Snacks,234.0,0,0.0,3,83.0,-151.0,False,-151.0,True,234.0,observed,180,established,False,False,False,True,False
2026-06-13,SKU-1022,Snacks,142.0,628,486.0,3,0.0,486.0,True,0.0,False,142.0,observed,180,established,False,False,False,False,False
2026-06-14,SKU-1022,Snacks,149.0,0,337.0,3,486.0,337.0,True,0.0,False,149.0,observed,180,established,False,False,False,False,False
2026-06-15,SKU-1022,Snacks,258.0,0,79.0,3,337.0,79.0,True,0.0,False,258.0,observed,180,established,False,False,False,False,False
2026-06-16,SKU-1022,Snacks,162.0,0,0.0,3,79.0,-83.0,False,-83.0,True,162.0,observed,180,established,False,False,False,True,False
2026-06-17,SKU-1022,Snacks,193.0,0,0.0,3,0.0,-193.0,False,-193.0,True,193.0,observed,180,established,False,False,False,True,False
2026-06-18,SKU-1022,Snacks,197.0,531,334.0,3,0.0,334.0,True,0.0,False,197.0,observed,180,established,False,False,False,False,False
2026-06-19,SKU-1022,Snacks,262.0,0,72.0,3,334.0,72.0,True,0.0,False,262.0,observed,180,established,False,False,False,False,False
2026-06-20,SKU-1022,Snacks,137.0,0,0.0,3,72.0,-65.0,False,-65.0,True,137.0,observed,180,established,False,False,False,True,False
2026-06-21,SKU-1022,Snacks,121.0,534,413.0,3,0.0,413.0,True,0.0,False,121.0,observed,180,established,False,False,False,False,False
2026-06-22,SKU-1022,Snacks,217.0,667,863.0,3,413.0,863.0,True,0.0,False,217.0,observed,180,established,False,False,False,False,False
2026-06-23,SKU-1022,Snacks,143.0,0,720.0,3,863.0,720.0,True,0.0,False,143.0,observed,180,established,False,False,False,False,False
2026-06-24,SKU-1022,Snacks,197.0,0,523.0,3,720.0,523.0,True,0.0,False,197.0,observed,180,established,False,False,False,False,False
2026-06-25,SKU-1022,Snacks,155.0,0,368.0,3,523.0,368.0,True,0.0,False,155.0,observed,180,established,False,False,False,False,False
2026-06-26,SKU-1022,Snacks,195.0,680,853.0,3,368.0,853.0,True,0.0,False,195.0,observed,180,established,False,False,False,False,False
2026-06-27,SKU-1022,Snacks,193.0,0,660.0,3,853.0,660.0,True,0.0,False,193.0,observed,180,established,False,False,False,False,False
2026-06-28,SKU-1022,Snacks,146.0,0,514.0,3,660.0,514.0,True,0.0,False,146.0,observed,180,established,False,False,False,False,False
2026-06-29,SKU-1022,Snacks,279.0,0,235.0,3,514.0,235.0,True,0.0,False,279.0,observed,180,established,False,False,False,False,False
2026-01-01,SKU-1023,Flour,226.0,0,990.0,7,,,False,,False,226.0,observed,180,established,False,False,False,False,False
2026-01-02,SKU-1023,Flour,230.0,2208,2968.0,7,990.0,2968.0,True,0.0,False,230.0,observed,180,established,False,False,False,False,False
2026-01-03,SKU-1023,Flour,200.0,0,2768.0,7,2968.0,2768.0,True,0.0,False,200.0,observed,180,established,False,False,False,False,False
2026-01-04,SKU-1023,Flour,159.0,0,2609.0,7,2768.0,2609.0,True,0.0,False,159.0,observed,180,established,False,False,False,False,False
2026-01-05,SKU-1023,Flour,257.0,0,2352.0,7,2609.0,2352.0,True,0.0,False,257.0,observed,180,established,False,False,False,False,False
2026-01-06,SKU-1023,Flour,301.0,0,2051.0,7,2352.0,2051.0,True,0.0,False,301.0,observed,180,established,False,False,False,False,False
2026-01-07,SKU-1023,Flour,324.0,0,1727.0,7,2051.0,1727.0,True,0.0,False,324.0,observed,180,established,False,False,False,False,False
2026-01-08,SKU-1023,Flour,220.0,0,1507.0,7,1727.0,1507.0,True,0.0,False,220.0,observed,180,established,False,False,False,False,False
2026-01-09,SKU-1023,Flour,196.0,0,1311.0,7,1507.0,1311.0,True,0.0,False,196.0,observed,180,established,False,False,False,False,False
2026-01-10,SKU-1023,Flour,195.0,0,1116.0,7,1311.0,1116.0,True,0.0,False,195.0,observed,180,established,False,False,False,False,False
2026-01-11,SKU-1023,Flour,164.0,1815,2767.0,7,1116.0,2767.0,True,0.0,False,164.0,observed,180,established,False,False,False,False,False
2026-01-12,SKU-1023,Flour,264.0,0,2503.0,7,2767.0,2503.0,True,0.0,False,264.0,observed,180,established,False,False,False,False,False
2026-01-13,SKU-1023,Flour,234.0,0,2269.0,7,2503.0,2269.0,True,0.0,False,234.0,observed,180,established,False,False,False,False,False
2026-01-14,SKU-1023,Flour,250.0,0,2019.0,7,2269.0,2019.0,True,0.0,False,250.0,observed,180,established,False,False,False,False,False
2026-01-15,SKU-1023,Flour,245.0,0,1774.0,7,2019.0,1774.0,True,0.0,False,245.0,observed,180,established,False,False,False,False,False
2026-01-16,SKU-1023,Flour,277.0,2453,3950.0,7,1774.0,3950.0,True,0.0,False,277.0,observed,180,established,False,False,False,False,False
2026-01-17,SKU-1023,Flour,193.0,0,3757.0,7,3950.0,3757.0,True,0.0,False,193.0,observed,180,established,False,False,False,False,False
2026-01-18,SKU-1023,Flour,190.0,0,3567.0,7,3757.0,3567.0,True,0.0,False,190.0,observed,180,established,False,False,False,False,False
2026-01-19,SKU-1023,Flour,217.0,0,3350.0,7,3567.0,3350.0,True,0.0,False,217.0,observed,180,established,False,False,False,False,False
2026-01-20,SKU-1023,Flour,271.0,0,3079.0,7,3350.0,3079.0,True,0.0,False,271.0,observed,180,established,False,False,False,False,False
2026-01-21,SKU-1023,Flour,290.0,0,2789.0,7,3079.0,2789.0,True,0.0,False,290.0,observed,180,established,False,False,False,False,False
2026-01-22,SKU-1023,Flour,244.0,0,2545.0,7,2789.0,2545.0,True,0.0,False,244.0,observed,180,established,False,False,False,False,False
2026-01-23,SKU-1023,Flour,230.0,0,2315.0,7,2545.0,2315.0,True,0.0,False,230.0,observed,180,established,False,False,False,False,False
2026-01-24,SKU-1023,Flour,189.0,0,2126.0,7,2315.0,2126.0,True,0.0,False,189.0,observed,180,established,False,False,False,False,False
2026-01-25,SKU-1023,Flour,191.0,0,1935.0,7,2126.0,,False,,False,,stock_balance_reconstructed,180,established,False,False,False,False,False
2026-01-26,SKU-1023,Flour,177.0,0,1758.0,7,1935.0,1758.0,True,0.0,False,177.0,observed,180,established,False,False,False,False,False
2026-01-27,SKU-1023,Flour,259.0,0,1499.0,7,1758.0,1499.0,True,0.0,False,259.0,observed,180,established,False,False,False,False,False
2026-01-28,SKU-1023,Flour,355.0,0,1144.0,7,1499.0,1144.0,True,0.0,False,355.0,observed,180,established,False,False,False,False,False
2026-01-29,SKU-1023,Flour,290.0,2150,3004.0,7,1144.0,3004.0,True,0.0,False,290.0,observed,180,established,False,False,False,False,False
2026-01-30,SKU-1023,Flour,177.0,0,2827.0,7,3004.0,2827.0,True,0.0,False,177.0,observed,180,established,False,False,False,False,False
2026-01-31,SKU-1023,Flour,182.0,0,2645.0,7,2827.0,2645.0,True,0.0,False,182.0,observed,180,established,False,False,False,False,False
2026-02-01,SKU-1023,Flour,204.0,0,2441.0,7,2645.0,2441.0,True,0.0,False,204.0,observed,180,established,False,False,False,False,False
2026-02-02,SKU-1023,Flour,229.0,0,2212.0,7,2441.0,2212.0,True,0.0,False,229.0,observed,180,established,False,False,False,False,False
2026-02-03,SKU-1023,Flour,256.0,0,1956.0,7,2212.0,1956.0,True,0.0,False,256.0,observed,180,established,False,False,False,False,False
2026-02-04,SKU-1023,Flour,258.0,2443,4141.0,7,1956.0,4141.0,True,0.0,False,258.0,observed,180,established,False,False,False,False,False
2026-02-05,SKU-1023,Flour,207.0,0,3934.0,7,4141.0,3934.0,True,0.0,False,207.0,observed,180,established,False,False,False,False,False
2026-02-06,SKU-1023,Flour,208.0,0,3726.0,7,3934.0,3726.0,True,0.0,False,208.0,observed,180,established,False,False,False,False,False
2026-02-07,SKU-1023,Flour,181.0,0,3545.0,7,3726.0,3545.0,True,0.0,False,181.0,observed,180,established,False,False,False,False,False
2026-02-08,SKU-1023,Flour,190.0,0,3355.0,7,3545.0,3355.0,True,0.0,False,190.0,observed,180,established,False,False,False,False,False
2026-02-09,SKU-1023,Flour,237.0,0,3118.0,7,3355.0,3118.0,True,0.0,False,237.0,observed,180,established,False,False,False,False,False
2026-02-10,SKU-1023,Flour,246.0,0,2872.0,7,3118.0,2872.0,True,0.0,False,246.0,observed,180,established,False,False,False,False,False
2026-02-11,SKU-1023,Flour,268.0,0,2604.0,7,2872.0,2604.0,True,0.0,False,268.0,observed,180,established,False,False,False,False,False
2026-02-12,SKU-1023,Flour,239.0,0,2365.0,7,2604.0,2365.0,True,0.0,False,239.0,observed,180,established,False,False,False,False,False
2026-02-13,SKU-1023,Flour,193.0,0,2172.0,7,2365.0,2172.0,True,0.0,False,193.0,observed,180,established,False,False,False,False,False
2026-02-14,SKU-1023,Flour,186.0,0,1986.0,7,2172.0,1986.0,True,0.0,False,186.0,observed,180,established,False,False,False,False,False
2026-02-15,SKU-1023,Flour,200.0,0,1786.0,7,1986.0,1786.0,True,0.0,False,200.0,observed,180,established,False,False,False,False,False
2026-02-16,SKU-1023,Flour,207.0,0,1579.0,7,1786.0,1579.0,True,0.0,False,207.0,observed,180,established,False,False,False,False,False
2026-02-17,SKU-1023,Flour,236.0,0,1343.0,7,1579.0,1343.0,True,0.0,False,236.0,observed,180,established,False,False,False,False,False
2026-02-18,SKU-1023,Flour,270.0,0,1073.0,7,1343.0,1073.0,True,0.0,False,270.0,observed,180,established,False,False,False,False,False
2026-02-19,SKU-1023,Flour,263.0,2421,3231.0,7,1073.0,3231.0,True,0.0,False,263.0,observed,180,established,False,False,False,False,False
2026-02-20,SKU-1023,Flour,217.0,0,3014.0,7,3231.0,3014.0,True,0.0,False,217.0,observed,180,established,False,False,False,False,False
2026-02-21,SKU-1023,Flour,212.0,0,2802.0,7,3014.0,2802.0,True,0.0,False,212.0,observed,180,established,False,False,False,False,False
2026-02-22,SKU-1023,Flour,175.0,0,2627.0,7,2802.0,2627.0,True,0.0,False,175.0,observed,180,established,False,False,False,False,False
2026-02-23,SKU-1023,Flour,230.0,0,,7,2627.0,2397.0,False,,False,230.0,observed,180,established,False,True,False,False,False
2026-02-24,SKU-1023,Flour,296.0,0,2101.0,7,,,False,,False,296.0,observed,180,established,False,False,False,False,False
2026-02-25,SKU-1023,Flour,334.0,0,1767.0,7,2101.0,1767.0,True,0.0,False,334.0,observed,180,established,False,False,False,False,False
2026-02-26,SKU-1023,Flour,269.0,1704,3202.0,7,1767.0,3202.0,True,0.0,False,269.0,observed,180,established,False,False,False,False,False
2026-02-27,SKU-1023,Flour,187.0,0,3015.0,7,3202.0,3015.0,True,0.0,False,187.0,observed,180,established,False,False,False,False,False
2026-02-28,SKU-1023,Flour,187.0,0,2828.0,7,3015.0,2828.0,True,0.0,False,187.0,observed,180,established,False,False,False,False,False
2026-03-01,SKU-1023,Flour,211.0,0,2617.0,7,2828.0,2617.0,True,0.0,False,211.0,observed,180,established,False,False,False,False,False
2026-03-02,SKU-1023,Flour,243.0,0,2374.0,7,2617.0,2374.0,True,0.0,False,243.0,observed,180,established,False,False,False,False,False
2026-03-03,SKU-1023,Flour,252.0,0,2122.0,7,2374.0,2122.0,True,0.0,False,252.0,observed,180,established,False,False,False,False,False
2026-03-04,SKU-1023,Flour,682.0,0,1440.0,7,2122.0,1440.0,True,0.0,False,682.0,observed,180,established,False,False,False,False,False
2026-03-05,SKU-1023,Flour,198.0,1840,3082.0,7,1440.0,3082.0,True,0.0,False,198.0,observed,180,established,False,False,False,False,False
2026-03-06,SKU-1023,Flour,230.0,0,2852.0,7,3082.0,2852.0,True,0.0,False,230.0,observed,180,established,False,False,False,False,False
2026-03-07,SKU-1023,Flour,177.0,0,2675.0,7,2852.0,2675.0,True,0.0,False,177.0,observed,180,established,False,False,False,False,False
2026-03-08,SKU-1023,Flour,194.0,0,2481.0,7,2675.0,2481.0,True,0.0,False,194.0,observed,180,established,False,False,False,False,False
2026-03-09,SKU-1023,Flour,199.0,0,2282.0,7,2481.0,2282.0,True,0.0,False,199.0,observed,180,established,False,False,False,False,False
2026-03-10,SKU-1023,Flour,235.0,0,2047.0,7,2282.0,2047.0,True,0.0,False,235.0,observed,180,established,False,False,False,False,False
2026-03-11,SKU-1023,Flour,299.0,0,1748.0,7,2047.0,1748.0,True,0.0,False,299.0,observed,180,established,False,False,False,False,False
2026-03-12,SKU-1023,Flour,277.0,0,,7,1748.0,1471.0,False,,False,277.0,observed,180,established,False,True,False,False,False
2026-03-13,SKU-1023,Flour,196.0,0,1275.0,7,,,False,,False,196.0,observed,180,established,False,False,False,False,False
2026-03-14,SKU-1023,Flour,179.0,1707,2803.0,7,1275.0,2803.0,True,0.0,False,179.0,observed,180,established,False,False,False,False,False
2026-03-15,SKU-1023,Flour,191.0,0,2612.0,7,2803.0,2612.0,True,0.0,False,191.0,observed,180,established,False,False,False,False,False
2026-03-16,SKU-1023,Flour,244.0,0,2368.0,7,2612.0,2368.0,True,0.0,False,244.0,observed,180,established,False,False,False,False,False
2026-03-17,SKU-1023,Flour,207.0,0,2161.0,7,2368.0,2161.0,True,0.0,False,207.0,observed,180,established,False,False,False,False,False
2026-03-18,SKU-1023,Flour,252.0,0,1909.0,7,2161.0,1909.0,True,0.0,False,252.0,observed,180,established,False,False,False,False,False
2026-03-19,SKU-1023,Flour,236.0,0,1673.0,7,1909.0,1673.0,True,0.0,False,236.0,observed,180,established,False,False,False,False,False
2026-03-20,SKU-1023,Flour,208.0,0,1465.0,7,1673.0,1465.0,True,0.0,False,208.0,observed,180,established,False,False,False,False,False
2026-03-21,SKU-1023,Flour,200.0,0,1265.0,7,1465.0,1265.0,True,0.0,False,200.0,observed,180,established,False,False,False,False,False
2026-03-22,SKU-1023,Flour,217.0,2181,3229.0,7,1265.0,3229.0,True,0.0,False,217.0,observed,180,established,False,False,False,False,False
2026-03-23,SKU-1023,Flour,273.0,0,2956.0,7,3229.0,2956.0,True,0.0,False,273.0,observed,180,established,False,False,False,False,False
2026-03-24,SKU-1023,Flour,284.0,0,2672.0,7,2956.0,2672.0,True,0.0,False,284.0,observed,180,established,False,False,False,False,False
2026-03-25,SKU-1023,Flour,299.0,0,2373.0,7,2672.0,2373.0,True,0.0,False,299.0,observed,180,established,False,False,False,False,False
2026-03-26,SKU-1023,Flour,191.0,0,2182.0,7,2373.0,2182.0,True,0.0,False,191.0,observed,180,established,False,False,False,False,False
2026-03-27,SKU-1023,Flour,155.0,0,2027.0,7,2182.0,2027.0,True,0.0,False,155.0,observed,180,established,False,False,False,False,False
2026-03-28,SKU-1023,Flour,193.0,0,1834.0,7,2027.0,1834.0,True,0.0,False,193.0,observed,180,established,False,False,False,False,False
2026-03-29,SKU-1023,Flour,168.0,2171,3837.0,7,1834.0,3837.0,True,0.0,False,168.0,observed,180,established,False,False,False,False,False
2026-03-30,SKU-1023,Flour,202.0,0,3635.0,7,3837.0,3635.0,True,0.0,False,202.0,observed,180,established,False,False,False,False,False
2026-03-31,SKU-1023,Flour,259.0,0,3376.0,7,3635.0,3376.0,True,0.0,False,259.0,observed,180,established,False,False,False,False,False
2026-04-01,SKU-1023,Flour,269.0,0,3107.0,7,3376.0,3107.0,True,0.0,False,269.0,observed,180,established,False,False,False,False,False
2026-04-02,SKU-1023,Flour,421.0,0,2686.0,7,3107.0,2686.0,True,0.0,False,421.0,observed,180,established,False,False,False,False,False
2026-04-03,SKU-1023,Flour,216.0,0,2470.0,7,2686.0,2470.0,True,0.0,False,216.0,observed,180,established,False,False,False,False,False
2026-04-04,SKU-1023,Flour,179.0,0,2291.0,7,2470.0,2291.0,True,0.0,False,179.0,observed,180,established,False,False,False,False,False
2026-04-05,SKU-1023,Flour,181.0,0,2110.0,7,2291.0,2110.0,True,0.0,False,181.0,observed,180,established,False,False,False,False,False
2026-04-06,SKU-1023,Flour,199.0,0,1911.0,7,2110.0,1911.0,True,0.0,False,199.0,observed,180,established,False,False,False,False,False
2026-04-07,SKU-1023,Flour,99.0,0,1812.0,7,1911.0,1812.0,True,0.0,False,99.0,observed,180,established,False,False,False,False,False
2026-04-08,SKU-1023,Flour,305.0,0,1507.0,7,1812.0,1507.0,True,0.0,False,305.0,observed,180,established,False,False,False,False,False
2026-04-09,SKU-1023,Flour,196.0,0,1311.0,7,1507.0,1311.0,True,0.0,False,196.0,observed,180,established,False,False,False,False,False
2026-04-10,SKU-1023,Flour,212.0,0,1099.0,7,1311.0,,False,,False,,stock_balance_reconstructed,180,established,False,False,False,False,False
2026-04-11,SKU-1023,Flour,175.0,0,924.0,7,1099.0,924.0,True,0.0,False,175.0,observed,180,established,False,False,False,False,False
2026-04-12,SKU-1023,Flour,161.0,1950,2713.0,7,924.0,,False,,False,,stock_balance_reconstructed,180,established,False,False,False,False,False
2026-04-13,SKU-1023,Flour,213.0,0,2500.0,7,2713.0,2500.0,True,0.0,False,213.0,observed,180,established,False,False,False,False,False
2026-04-14,SKU-1023,Flour,290.0,0,2210.0,7,2500.0,2210.0,True,0.0,False,290.0,observed,180,established,False,False,False,False,False
2026-04-15,SKU-1023,Flour,276.0,0,1934.0,7,2210.0,1934.0,True,0.0,False,276.0,observed,180,established,False,False,False,False,False
2026-04-16,SKU-1023,Flour,252.0,0,1682.0,7,1934.0,1682.0,True,0.0,False,252.0,observed,180,established,False,False,False,False,False
2026-04-17,SKU-1023,Flour,190.0,0,1492.0,7,1682.0,1492.0,True,0.0,False,190.0,observed,180,established,False,False,False,False,False
2026-04-18,SKU-1023,Flour,171.0,0,1321.0,7,1492.0,1321.0,True,0.0,False,171.0,observed,180,established,False,False,False,False,False
2026-04-19,SKU-1023,Flour,208.0,1670,2783.0,7,1321.0,2783.0,True,0.0,False,208.0,observed,180,established,False,False,False,False,False
2026-04-20,SKU-1023,Flour,278.0,0,2505.0,7,2783.0,2505.0,True,0.0,False,278.0,observed,180,established,False,False,False,False,False
2026-04-21,SKU-1023,Flour,278.0,0,2227.0,7,2505.0,2227.0,True,0.0,False,278.0,observed,180,established,False,False,False,False,False
2026-04-22,SKU-1023,Flour,270.0,0,1957.0,7,2227.0,1957.0,True,0.0,False,270.0,observed,180,established,False,False,False,False,False
2026-04-23,SKU-1023,Flour,194.0,0,1763.0,7,1957.0,1763.0,True,0.0,False,194.0,observed,180,established,False,False,False,False,False
2026-04-24,SKU-1023,Flour,185.0,0,1578.0,7,1763.0,1578.0,True,0.0,False,185.0,observed,180,established,False,False,False,False,False
2026-04-25,SKU-1023,Flour,146.0,2216,3648.0,7,1578.0,3648.0,True,0.0,False,146.0,observed,180,established,False,False,False,False,False
2026-04-26,SKU-1023,Flour,207.0,0,3441.0,7,3648.0,3441.0,True,0.0,False,207.0,observed,180,established,False,False,False,False,False
2026-04-27,SKU-1023,Flour,227.0,0,3214.0,7,3441.0,3214.0,True,0.0,False,227.0,observed,180,established,False,False,False,False,False
2026-04-28,SKU-1023,Flour,247.0,0,2967.0,7,3214.0,2967.0,True,0.0,False,247.0,observed,180,established,False,False,False,False,False
2026-04-29,SKU-1023,Flour,256.0,0,2711.0,7,2967.0,2711.0,True,0.0,False,256.0,observed,180,established,False,False,False,False,False
2026-04-30,SKU-1023,Flour,265.0,0,2446.0,7,2711.0,2446.0,True,0.0,False,265.0,observed,180,established,False,False,False,False,False
2026-05-01,SKU-1023,Flour,423.0,0,2023.0,7,2446.0,2023.0,True,0.0,False,423.0,observed,180,established,False,False,False,False,False
2026-05-02,SKU-1023,Flour,157.0,0,1866.0,7,2023.0,1866.0,True,0.0,False,157.0,observed,180,established,False,False,False,False,False
2026-05-03,SKU-1023,Flour,214.0,0,1652.0,7,1866.0,1652.0,True,0.0,False,214.0,observed,180,established,False,False,False,False,False
2026-05-04,SKU-1023,Flour,246.0,2355,3761.0,7,1652.0,3761.0,True,0.0,False,246.0,observed,180,established,False,False,False,False,False
2026-05-05,SKU-1023,Flour,246.0,0,3515.0,7,3761.0,3515.0,True,0.0,False,246.0,observed,180,established,False,False,False,False,False
2026-05-06,SKU-1023,Flour,298.0,0,3217.0,7,3515.0,3217.0,True,0.0,False,298.0,observed,180,established,False,False,False,False,False
2026-05-07,SKU-1023,Flour,244.0,0,2973.0,7,3217.0,2973.0,True,0.0,False,244.0,observed,180,established,False,False,False,False,False
2026-05-08,SKU-1023,Flour,183.0,0,2790.0,7,2973.0,2790.0,True,0.0,False,183.0,observed,180,established,False,False,False,False,False
2026-05-09,SKU-1023,Flour,194.0,0,2596.0,7,2790.0,2596.0,True,0.0,False,194.0,observed,180,established,False,False,False,False,False
2026-05-10,SKU-1023,Flour,206.0,0,2390.0,7,2596.0,2390.0,True,0.0,False,206.0,observed,180,established,False,False,False,False,False
2026-05-11,SKU-1023,Flour,237.0,0,2153.0,7,2390.0,2153.0,True,0.0,False,237.0,observed,180,established,False,False,False,False,False
2026-05-12,SKU-1023,Flour,284.0,0,1869.0,7,2153.0,1869.0,True,0.0,False,284.0,observed,180,established,False,False,False,False,False
2026-05-13,SKU-1023,Flour,276.0,0,1593.0,7,1869.0,1593.0,True,0.0,False,276.0,observed,180,established,False,False,False,False,False
2026-05-14,SKU-1023,Flour,237.0,0,1356.0,7,1593.0,1356.0,True,0.0,False,237.0,observed,180,established,False,False,False,False,False
2026-05-15,SKU-1023,Flour,193.0,0,1163.0,7,1356.0,1163.0,True,0.0,False,193.0,observed,180,established,False,False,False,False,False
2026-05-16,SKU-1023,Flour,171.0,0,992.0,7,1163.0,992.0,True,0.0,False,171.0,observed,180,established,False,False,False,False,False
2026-05-17,SKU-1023,Flour,228.0,0,764.0,7,992.0,764.0,True,0.0,False,228.0,observed,180,established,False,False,False,False,False
2026-05-18,SKU-1023,Flour,546.0,1873,2091.0,7,764.0,2091.0,True,0.0,False,546.0,observed,180,established,False,False,False,False,False
2026-05-19,SKU-1023,Flour,257.0,0,1834.0,7,2091.0,1834.0,True,0.0,False,257.0,observed,180,established,False,False,False,False,False
2026-05-20,SKU-1023,Flour,269.0,1879,3444.0,7,1834.0,3444.0,True,0.0,False,269.0,observed,180,established,False,False,False,False,False
2026-05-21,SKU-1023,Flour,261.0,0,3183.0,7,3444.0,3183.0,True,0.0,False,261.0,observed,180,established,False,False,False,False,False
2026-05-22,SKU-1023,Flour,203.0,0,2980.0,7,3183.0,2980.0,True,0.0,False,203.0,observed,180,established,False,False,False,False,False
2026-05-23,SKU-1023,Flour,62.0,0,2918.0,7,2980.0,2918.0,True,0.0,False,62.0,observed,180,established,False,False,False,False,False
2026-05-24,SKU-1023,Flour,209.0,0,2709.0,7,2918.0,2709.0,True,0.0,False,209.0,observed,180,established,False,False,False,False,False
2026-05-25,SKU-1023,Flour,220.0,0,2489.0,7,2709.0,2489.0,True,0.0,False,220.0,observed,180,established,False,False,False,False,False
2026-05-26,SKU-1023,Flour,510.0,0,1979.0,7,2489.0,1979.0,True,0.0,False,510.0,observed,180,established,False,False,False,False,False
2026-05-27,SKU-1023,Flour,294.0,0,1685.0,7,1979.0,1685.0,True,0.0,False,294.0,observed,180,established,False,False,False,False,False
2026-05-28,SKU-1023,Flour,241.0,2287,3731.0,7,1685.0,3731.0,True,0.0,False,241.0,observed,180,established,False,False,False,False,False
2026-05-29,SKU-1023,Flour,227.0,0,3504.0,7,3731.0,3504.0,True,0.0,False,227.0,observed,180,established,False,False,False,False,False
2026-05-30,SKU-1023,Flour,161.0,0,3343.0,7,3504.0,3343.0,True,0.0,False,161.0,observed,180,established,False,False,False,False,False
2026-05-31,SKU-1023,Flour,162.0,0,3181.0,7,3343.0,3181.0,True,0.0,False,162.0,observed,180,established,False,False,False,False,False
2026-06-01,SKU-1023,Flour,184.0,0,2997.0,7,3181.0,2997.0,True,0.0,False,184.0,observed,180,established,False,False,False,False,False
2026-06-02,SKU-1023,Flour,262.0,0,2735.0,7,2997.0,2735.0,True,0.0,False,262.0,observed,180,established,False,False,False,False,False
2026-06-03,SKU-1023,Flour,269.0,0,2466.0,7,2735.0,2466.0,True,0.0,False,269.0,observed,180,established,False,False,False,False,False
2026-06-04,SKU-1023,Flour,242.0,0,2224.0,7,2466.0,2224.0,True,0.0,False,242.0,observed,180,established,False,False,False,False,False
2026-06-05,SKU-1023,Flour,176.0,0,2048.0,7,2224.0,2048.0,True,0.0,False,176.0,observed,180,established,False,False,False,False,False
2026-06-06,SKU-1023,Flour,195.0,0,1853.0,7,2048.0,1853.0,True,0.0,False,195.0,observed,180,established,False,False,False,False,False
2026-06-07,SKU-1023,Flour,217.0,2428,4064.0,7,1853.0,4064.0,True,0.0,False,217.0,observed,180,established,False,False,False,False,False
2026-06-08,SKU-1023,Flour,231.0,0,3833.0,7,4064.0,3833.0,True,0.0,False,231.0,observed,180,established,False,False,False,False,False
2026-06-09,SKU-1023,Flour,74.0,0,3759.0,7,3833.0,3759.0,True,0.0,False,74.0,observed,180,established,False,False,False,False,False
2026-06-10,SKU-1023,Flour,285.0,0,3474.0,7,3759.0,3474.0,True,0.0,False,285.0,observed,180,established,False,False,False,False,False
2026-06-11,SKU-1023,Flour,229.0,0,3245.0,7,3474.0,3245.0,True,0.0,False,229.0,observed,180,established,False,False,False,False,False
2026-06-12,SKU-1023,Flour,189.0,0,3056.0,7,3245.0,3056.0,True,0.0,False,189.0,observed,180,established,False,False,False,False,False
2026-06-13,SKU-1023,Flour,162.0,0,2894.0,7,3056.0,2894.0,True,0.0,False,162.0,observed,180,established,False,False,False,False,False
2026-06-14,SKU-1023,Flour,190.0,0,2704.0,7,2894.0,2704.0,True,0.0,False,190.0,observed,180,established,False,False,False,False,False
2026-06-15,SKU-1023,Flour,221.0,0,2483.0,7,2704.0,2483.0,True,0.0,False,221.0,observed,180,established,False,False,False,False,False
2026-06-16,SKU-1023,Flour,183.0,0,2300.0,7,2483.0,2300.0,True,0.0,False,183.0,observed,180,established,False,False,False,False,False
2026-06-17,SKU-1023,Flour,263.0,0,2037.0,7,2300.0,2037.0,True,0.0,False,263.0,observed,180,established,False,False,False,False,False
2026-06-18,SKU-1023,Flour,269.0,0,1768.0,7,2037.0,1768.0,True,0.0,False,269.0,observed,180,established,False,False,False,False,False
2026-06-19,SKU-1023,Flour,201.0,0,1567.0,7,1768.0,1567.0,True,0.0,False,201.0,observed,180,established,False,False,False,False,False
2026-06-20,SKU-1023,Flour,186.0,1892,3273.0,7,1567.0,3273.0,True,0.0,False,186.0,observed,180,established,False,False,False,False,False
2026-06-21,SKU-1023,Flour,183.0,0,3090.0,7,3273.0,3090.0,True,0.0,False,183.0,observed,180,established,False,False,False,False,False
2026-06-22,SKU-1023,Flour,209.0,0,2881.0,7,3090.0,2881.0,True,0.0,False,209.0,observed,180,established,False,False,False,False,False
2026-06-23,SKU-1023,Flour,276.0,0,2605.0,7,2881.0,2605.0,True,0.0,False,276.0,observed,180,established,False,False,False,False,False
2026-06-24,SKU-1023,Flour,292.0,0,2313.0,7,2605.0,2313.0,True,0.0,False,292.0,observed,180,established,False,False,False,False,False
2026-06-25,SKU-1023,Flour,225.0,0,2088.0,7,2313.0,2088.0,True,0.0,False,225.0,observed,180,established,False,False,False,False,False
2026-06-26,SKU-1023,Flour,169.0,0,1919.0,7,2088.0,1919.0,True,0.0,False,169.0,observed,180,established,False,False,False,False,False
2026-06-27,SKU-1023,Flour,188.0,0,1731.0,7,1919.0,1731.0,True,0.0,False,188.0,observed,180,established,False,False,False,False,False
2026-06-28,SKU-1023,Flour,198.0,0,1533.0,7,1731.0,1533.0,True,0.0,False,198.0,observed,180,established,False,False,False,False,False
2026-06-29,SKU-1023,Flour,208.0,0,1325.0,7,1533.0,1325.0,True,0.0,False,208.0,observed,180,established,False,False,False,False,False
2026-01-01,SKU-1024,Flour,259.0,0,1064.0,7,,,False,,False,259.0,observed,180,established,False,False,False,False,False
2026-01-02,SKU-1024,Flour,89.0,0,975.0,7,1064.0,975.0,True,0.0,False,89.0,observed,180,established,False,False,False,False,False
2026-01-03,SKU-1024,Flour,218.0,0,757.0,7,975.0,757.0,True,0.0,False,218.0,observed,180,established,False,False,False,False,False
2026-01-04,SKU-1024,Flour,165.0,0,592.0,7,757.0,592.0,True,0.0,False,165.0,observed,180,established,False,False,False,False,False
2026-01-05,SKU-1024,Flour,255.0,0,337.0,7,592.0,337.0,True,0.0,False,255.0,observed,180,established,False,False,False,False,False
2026-01-06,SKU-1024,Flour,296.0,0,41.0,7,337.0,41.0,True,0.0,False,296.0,observed,180,established,False,False,False,False,False
2026-01-07,SKU-1024,Flour,234.0,0,0.0,7,41.0,-193.0,False,-193.0,True,234.0,observed,180,established,False,False,False,True,False
2026-01-08,SKU-1024,Flour,257.0,0,0.0,7,0.0,-257.0,False,-257.0,True,257.0,observed,180,established,False,False,False,True,False
2026-01-09,SKU-1024,Flour,162.0,0,0.0,7,0.0,-162.0,False,-162.0,True,162.0,observed,180,established,False,False,False,True,False
2026-01-10,SKU-1024,Flour,234.0,2123,1889.0,7,0.0,1889.0,True,0.0,False,234.0,observed,180,established,False,False,False,False,False
2026-01-11,SKU-1024,Flour,166.0,0,1723.0,7,1889.0,1723.0,True,0.0,False,166.0,observed,180,established,False,False,False,False,False
2026-01-12,SKU-1024,Flour,197.0,0,1526.0,7,1723.0,1526.0,True,0.0,False,197.0,observed,180,established,False,False,False,False,False
2026-01-13,SKU-1024,Flour,340.0,2581,3767.0,7,1526.0,3767.0,True,0.0,False,340.0,observed,180,established,False,False,False,False,False
2026-01-14,SKU-1024,Flour,308.0,0,3459.0,7,3767.0,3459.0,True,0.0,False,308.0,observed,180,established,False,False,False,False,False
2026-01-15,SKU-1024,Flour,183.0,0,3276.0,7,3459.0,3276.0,True,0.0,False,183.0,observed,180,established,False,False,False,False,False
2026-01-16,SKU-1024,Flour,137.0,0,3139.0,7,3276.0,3139.0,True,0.0,False,137.0,observed,180,established,False,False,False,False,False
2026-01-17,SKU-1024,Flour,273.0,0,2866.0,7,3139.0,2866.0,True,0.0,False,273.0,observed,180,established,False,False,False,False,False
2026-01-18,SKU-1024,Flour,227.0,0,2639.0,7,2866.0,2639.0,True,0.0,False,227.0,observed,180,established,False,False,False,False,False
2026-01-19,SKU-1024,Flour,268.0,0,2371.0,7,2639.0,2371.0,True,0.0,False,268.0,observed,180,established,False,False,False,False,False
2026-01-20,SKU-1024,Flour,226.0,0,2145.0,7,2371.0,2145.0,True,0.0,False,226.0,observed,180,established,False,False,False,False,False
2026-01-21,SKU-1024,Flour,277.0,0,1868.0,7,2145.0,1868.0,True,0.0,False,277.0,observed,180,established,False,False,False,False,False
2026-01-22,SKU-1024,Flour,84.0,2376,4160.0,7,1868.0,4160.0,True,0.0,False,84.0,observed,180,established,False,False,False,False,False
2026-01-23,SKU-1024,Flour,209.0,0,3951.0,7,4160.0,3951.0,True,0.0,False,209.0,observed,180,established,False,False,False,False,False
2026-01-24,SKU-1024,Flour,189.0,0,3762.0,7,3951.0,3762.0,True,0.0,False,189.0,observed,180,established,False,False,False,False,False
2026-01-25,SKU-1024,Flour,36.0,0,3726.0,7,3762.0,3726.0,True,0.0,False,36.0,observed,180,established,False,False,False,False,False
2026-01-26,SKU-1024,Flour,256.0,0,3470.0,7,3726.0,3470.0,True,0.0,False,256.0,observed,180,established,False,False,False,False,False
2026-01-27,SKU-1024,Flour,125.0,0,3345.0,7,3470.0,3345.0,True,0.0,False,125.0,observed,180,established,False,False,False,False,False
2026-01-28,SKU-1024,Flour,198.0,0,3147.0,7,3345.0,3147.0,True,0.0,False,198.0,observed,180,established,False,False,False,False,False
2026-01-29,SKU-1024,Flour,397.0,0,2750.0,7,3147.0,2750.0,True,0.0,False,397.0,observed,180,established,False,False,False,False,False
2026-01-30,SKU-1024,Flour,258.0,0,2492.0,7,2750.0,2492.0,True,0.0,False,258.0,observed,180,established,False,False,False,False,False
2026-01-31,SKU-1024,Flour,186.0,0,2306.0,7,2492.0,2306.0,True,0.0,False,186.0,observed,180,established,False,False,False,False,False
2026-02-01,SKU-1024,Flour,187.0,0,2119.0,7,2306.0,2119.0,True,0.0,False,187.0,observed,180,established,False,False,False,False,False
2026-02-02,SKU-1024,Flour,239.0,0,1880.0,7,2119.0,1880.0,True,0.0,False,239.0,observed,180,established,False,False,False,False,False
2026-02-03,SKU-1024,Flour,190.0,2042,3732.0,7,1880.0,3732.0,True,0.0,False,190.0,observed,180,established,False,False,False,False,False
2026-02-04,SKU-1024,Flour,297.0,0,3435.0,7,3732.0,3435.0,True,0.0,False,297.0,observed,180,established,False,False,False,False,False
2026-02-05,SKU-1024,Flour,179.0,0,3256.0,7,3435.0,3256.0,True,0.0,False,179.0,observed,180,established,False,False,False,False,False
2026-02-06,SKU-1024,Flour,199.0,0,3057.0,7,3256.0,3057.0,True,0.0,False,199.0,observed,180,established,False,False,False,False,False
2026-02-07,SKU-1024,Flour,194.0,0,2863.0,7,3057.0,2863.0,True,0.0,False,194.0,observed,180,established,False,False,False,False,False
2026-02-08,SKU-1024,Flour,201.0,0,2662.0,7,2863.0,2662.0,True,0.0,False,201.0,observed,180,established,False,False,False,False,False
2026-02-09,SKU-1024,Flour,285.0,0,2377.0,7,2662.0,,False,,False,,stock_balance_reconstructed,180,established,False,False,False,False,False
2026-02-10,SKU-1024,Flour,264.0,0,2113.0,7,2377.0,2113.0,True,0.0,False,264.0,observed,180,established,False,False,False,False,False
2026-02-11,SKU-1024,Flour,309.0,0,1804.0,7,2113.0,1804.0,True,0.0,False,309.0,observed,180,established,False,False,False,False,False
2026-02-12,SKU-1024,Flour,289.0,0,1515.0,7,1804.0,1515.0,True,0.0,False,289.0,observed,180,established,False,False,False,False,False
2026-02-13,SKU-1024,Flour,246.0,1888,3157.0,7,1515.0,3157.0,True,0.0,False,246.0,observed,180,established,False,False,False,False,False
2026-02-14,SKU-1024,Flour,237.0,0,2920.0,7,3157.0,2920.0,True,0.0,False,237.0,observed,180,established,False,False,False,False,False
2026-02-15,SKU-1024,Flour,207.0,0,2713.0,7,2920.0,2713.0,True,0.0,False,207.0,observed,180,established,False,False,False,False,False
2026-02-16,SKU-1024,Flour,185.0,0,2528.0,7,2713.0,2528.0,True,0.0,False,185.0,observed,180,established,False,False,False,False,False
2026-02-17,SKU-1024,Flour,293.0,0,2235.0,7,2528.0,2235.0,True,0.0,False,293.0,observed,180,established,False,False,False,False,False
2026-02-18,SKU-1024,Flour,313.0,0,1922.0,7,2235.0,1922.0,True,0.0,False,313.0,observed,180,established,False,False,False,False,False
2026-02-19,SKU-1024,Flour,286.0,0,1636.0,7,1922.0,1636.0,True,0.0,False,286.0,observed,180,established,False,False,False,False,False
2026-02-20,SKU-1024,Flour,298.0,0,1338.0,7,1636.0,1338.0,True,0.0,False,298.0,observed,180,established,False,False,False,False,False
2026-02-21,SKU-1024,Flour,193.0,0,1145.0,7,1338.0,1145.0,True,0.0,False,193.0,observed,180,established,False,False,False,False,False
2026-02-22,SKU-1024,Flour,220.0,2456,3381.0,7,1145.0,3381.0,True,0.0,False,220.0,observed,180,established,False,False,False,False,False
2026-02-23,SKU-1024,Flour,318.0,0,3063.0,7,3381.0,3063.0,True,0.0,False,318.0,observed,180,established,False,False,False,False,False
2026-02-24,SKU-1024,Flour,243.0,0,2820.0,7,3063.0,2820.0,True,0.0,False,243.0,observed,180,established,False,False,False,False,False
2026-02-25,SKU-1024,Flour,289.0,0,2531.0,7,2820.0,2531.0,True,0.0,False,289.0,observed,180,established,False,False,False,False,False
2026-02-26,SKU-1024,Flour,340.0,0,2191.0,7,2531.0,2191.0,True,0.0,False,340.0,observed,180,established,False,False,False,False,False
2026-02-27,SKU-1024,Flour,169.0,0,2022.0,7,2191.0,2022.0,True,0.0,False,169.0,observed,180,established,False,False,False,False,False
2026-02-28,SKU-1024,Flour,195.0,0,1827.0,7,2022.0,1827.0,True,0.0,False,195.0,observed,180,established,False,False,False,False,False
2026-03-01,SKU-1024,Flour,203.0,2148,3772.0,7,1827.0,3772.0,True,0.0,False,203.0,observed,180,established,False,False,False,False,False
2026-03-02,SKU-1024,Flour,166.0,0,3606.0,7,3772.0,3606.0,True,0.0,False,166.0,observed,180,established,False,False,False,False,False
2026-03-03,SKU-1024,Flour,273.0,0,3333.0,7,3606.0,3333.0,True,0.0,False,273.0,observed,180,established,False,False,False,False,False
2026-03-04,SKU-1024,Flour,190.0,0,3143.0,7,3333.0,3143.0,True,0.0,False,190.0,observed,180,established,False,False,False,False,False
2026-03-05,SKU-1024,Flour,258.0,0,2885.0,7,3143.0,2885.0,True,0.0,False,258.0,observed,180,established,False,False,False,False,False
2026-03-06,SKU-1024,Flour,227.0,0,2658.0,7,2885.0,2658.0,True,0.0,False,227.0,observed,180,established,False,False,False,False,False
2026-03-07,SKU-1024,Flour,251.0,0,2407.0,7,2658.0,2407.0,True,0.0,False,251.0,observed,180,established,False,False,False,False,False
2026-03-08,SKU-1024,Flour,160.0,0,2247.0,7,2407.0,2247.0,True,0.0,False,160.0,observed,180,established,False,False,False,False,False
2026-03-09,SKU-1024,Flour,208.0,0,2039.0,7,2247.0,2039.0,True,0.0,False,208.0,observed,180,established,False,False,False,False,False
2026-03-10,SKU-1024,Flour,352.0,0,1687.0,7,2039.0,1687.0,True,0.0,False,352.0,observed,180,established,False,False,False,False,False
2026-03-11,SKU-1024,Flour,267.0,0,1420.0,7,1687.0,1420.0,True,0.0,False,267.0,observed,180,established,False,False,False,False,False
2026-03-12,SKU-1024,Flour,171.0,2424,3673.0,7,1420.0,3673.0,True,0.0,False,171.0,observed,180,established,False,False,False,False,False
2026-03-13,SKU-1024,Flour,219.0,0,3454.0,7,3673.0,3454.0,True,0.0,False,219.0,observed,180,established,False,False,False,False,False
2026-03-14,SKU-1024,Flour,185.0,0,3269.0,7,3454.0,3269.0,True,0.0,False,185.0,observed,180,established,False,False,False,False,False
2026-03-15,SKU-1024,Flour,256.0,0,3013.0,7,3269.0,3013.0,True,0.0,False,256.0,observed,180,established,False,False,False,False,False
2026-03-16,SKU-1024,Flour,269.0,0,2744.0,7,3013.0,2744.0,True,0.0,False,269.0,observed,180,established,False,False,False,False,False
2026-03-17,SKU-1024,Flour,225.0,0,,7,2744.0,2519.0,False,,False,225.0,observed,180,established,False,True,False,False,False
2026-03-18,SKU-1024,Flour,350.0,0,2169.0,7,,,False,,False,350.0,observed,180,established,False,False,False,False,False
2026-03-19,SKU-1024,Flour,216.0,0,1953.0,7,2169.0,1953.0,True,0.0,False,216.0,observed,180,established,False,False,False,False,False
2026-03-20,SKU-1024,Flour,169.0,0,1784.0,7,1953.0,1784.0,True,0.0,False,169.0,observed,180,established,False,False,False,False,False
2026-03-21,SKU-1024,Flour,189.0,1826,3421.0,7,1784.0,3421.0,True,0.0,False,189.0,observed,180,established,False,False,False,False,False
2026-03-22,SKU-1024,Flour,242.0,0,3179.0,7,3421.0,3179.0,True,0.0,False,242.0,observed,180,established,False,False,False,False,False
2026-03-23,SKU-1024,Flour,239.0,0,2940.0,7,3179.0,2940.0,True,0.0,False,239.0,observed,180,established,False,False,False,False,False
2026-03-24,SKU-1024,Flour,186.0,0,2754.0,7,2940.0,2754.0,True,0.0,False,186.0,observed,180,established,False,False,False,False,False
2026-03-25,SKU-1024,Flour,219.0,0,2535.0,7,2754.0,2535.0,True,0.0,False,219.0,observed,180,established,False,False,False,False,False
2026-03-26,SKU-1024,Flour,369.0,0,2166.0,7,2535.0,2166.0,True,0.0,False,369.0,observed,180,established,False,False,False,False,False
2026-03-27,SKU-1024,Flour,238.0,0,1928.0,7,2166.0,1928.0,True,0.0,False,238.0,observed,180,established,False,False,False,False,False
2026-03-28,SKU-1024,Flour,168.0,0,1760.0,7,1928.0,1760.0,True,0.0,False,168.0,observed,180,established,False,False,False,False,False
2026-03-29,SKU-1024,Flour,171.0,2301,3890.0,7,1760.0,,False,,False,,stock_balance_reconstructed,180,established,False,False,False,False,False
2026-03-30,SKU-1024,Flour,406.0,0,3484.0,7,3890.0,3484.0,True,0.0,False,406.0,observed,180,established,False,False,False,False,False
2026-03-31,SKU-1024,Flour,213.0,0,3271.0,7,3484.0,3271.0,True,0.0,False,213.0,observed,180,established,False,False,False,False,False
2026-04-01,SKU-1024,Flour,274.0,0,2997.0,7,3271.0,2997.0,True,0.0,False,274.0,observed,180,established,False,False,False,False,False
2026-04-02,SKU-1024,Flour,294.0,0,2703.0,7,2997.0,2703.0,True,0.0,False,294.0,observed,180,established,False,False,False,False,False
2026-04-03,SKU-1024,Flour,270.0,0,2433.0,7,2703.0,2433.0,True,0.0,False,270.0,observed,180,established,False,False,False,False,False
2026-04-04,SKU-1024,Flour,100.0,0,2333.0,7,2433.0,2333.0,True,0.0,False,100.0,observed,180,established,False,False,False,False,False
2026-04-05,SKU-1024,Flour,251.0,0,2082.0,7,2333.0,2082.0,True,0.0,False,251.0,observed,180,established,False,False,False,False,False
2026-04-06,SKU-1024,Flour,298.0,0,1784.0,7,2082.0,1784.0,True,0.0,False,298.0,observed,180,established,False,False,False,False,False
2026-04-07,SKU-1024,Flour,251.0,0,,7,1784.0,1533.0,False,,False,251.0,observed,180,established,False,True,False,False,False
2026-04-08,SKU-1024,Flour,302.0,1911,3142.0,7,,,False,,False,302.0,observed,180,established,False,False,False,False,False
2026-04-09,SKU-1024,Flour,317.0,0,2825.0,7,3142.0,2825.0,True,0.0,False,317.0,observed,180,established,False,False,False,False,False
2026-04-10,SKU-1024,Flour,186.0,0,2639.0,7,2825.0,2639.0,True,0.0,False,186.0,observed,180,established,False,False,False,False,False
2026-04-11,SKU-1024,Flour,216.0,0,2423.0,7,2639.0,2423.0,True,0.0,False,216.0,observed,180,established,False,False,False,False,False
2026-04-12,SKU-1024,Flour,213.0,0,2210.0,7,2423.0,2210.0,True,0.0,False,213.0,observed,180,established,False,False,False,False,False
2026-04-13,SKU-1024,Flour,222.0,0,1988.0,7,2210.0,1988.0,True,0.0,False,222.0,observed,180,established,False,False,False,False,False
2026-04-14,SKU-1024,Flour,161.0,0,1827.0,7,1988.0,1827.0,True,0.0,False,161.0,observed,180,established,False,False,False,False,False
2026-04-15,SKU-1024,Flour,293.0,0,1534.0,7,1827.0,1534.0,True,0.0,False,293.0,observed,180,established,False,False,False,False,False
2026-04-16,SKU-1024,Flour,219.0,0,1315.0,7,1534.0,1315.0,True,0.0,False,219.0,observed,180,established,False,False,False,False,False
2026-04-17,SKU-1024,Flour,230.0,0,1085.0,7,1315.0,1085.0,True,0.0,False,230.0,observed,180,established,False,False,False,False,False
2026-04-18,SKU-1024,Flour,260.0,0,825.0,7,1085.0,825.0,True,0.0,False,260.0,observed,180,established,False,False,False,False,False
2026-04-19,SKU-1024,Flour,231.0,2073,2667.0,7,825.0,2667.0,True,0.0,False,231.0,observed,180,established,False,False,False,False,False
2026-04-20,SKU-1024,Flour,313.0,0,2354.0,7,2667.0,2354.0,True,0.0,False,313.0,observed,180,established,False,False,False,False,False
2026-04-21,SKU-1024,Flour,355.0,0,1999.0,7,2354.0,1999.0,True,0.0,False,355.0,observed,180,established,False,False,False,False,False
2026-04-22,SKU-1024,Flour,298.0,0,1701.0,7,1999.0,1701.0,True,0.0,False,298.0,observed,180,established,False,False,False,False,False
2026-04-23,SKU-1024,Flour,252.0,0,1449.0,7,1701.0,1449.0,True,0.0,False,252.0,observed,180,established,False,False,False,False,False
2026-04-24,SKU-1024,Flour,237.0,0,1212.0,7,1449.0,1212.0,True,0.0,False,237.0,observed,180,established,False,False,False,False,False
2026-04-25,SKU-1024,Flour,286.0,0,926.0,7,1212.0,926.0,True,0.0,False,286.0,observed,180,established,False,False,False,False,False
2026-04-26,SKU-1024,Flour,286.0,0,640.0,7,926.0,640.0,True,0.0,False,286.0,observed,180,established,False,False,False,False,False
2026-04-27,SKU-1024,Flour,230.0,0,410.0,7,640.0,410.0,True,0.0,False,230.0,observed,180,established,False,False,False,False,False
2026-04-28,SKU-1024,Flour,166.0,0,244.0,7,410.0,,False,,False,,stock_balance_reconstructed,180,established,False,False,False,False,False
2026-04-29,SKU-1024,Flour,272.0,0,0.0,7,244.0,-28.0,False,-28.0,True,272.0,observed,180,established,False,False,False,True,False
2026-04-30,SKU-1024,Flour,223.0,0,0.0,7,0.0,-223.0,False,-223.0,True,223.0,observed,180,established,False,False,False,True,False
2026-05-01,SKU-1024,Flour,241.0,0,0.0,7,0.0,-241.0,False,-241.0,True,241.0,observed,180,established,False,False,False,True,False
2026-05-02,SKU-1024,Flour,220.0,1882,1662.0,7,0.0,1662.0,True,0.0,False,220.0,observed,180,established,False,False,False,False,False
2026-05-03,SKU-1024,Flour,171.0,0,1491.0,7,1662.0,1491.0,True,0.0,False,171.0,observed,180,established,False,False,False,False,False
2026-05-04,SKU-1024,Flour,217.0,2124,3398.0,7,1491.0,3398.0,True,0.0,False,217.0,observed,180,established,False,False,False,False,False
2026-05-05,SKU-1024,Flour,208.0,0,3190.0,7,3398.0,3190.0,True,0.0,False,208.0,observed,180,established,False,False,False,False,False
2026-05-06,SKU-1024,Flour,291.0,0,2899.0,7,3190.0,2899.0,True,0.0,False,291.0,observed,180,established,False,False,False,False,False
2026-05-07,SKU-1024,Flour,287.0,0,2612.0,7,2899.0,2612.0,True,0.0,False,287.0,observed,180,established,False,False,False,False,False
2026-05-08,SKU-1024,Flour,295.0,0,2317.0,7,2612.0,2317.0,True,0.0,False,295.0,observed,180,established,False,False,False,False,False
2026-05-09,SKU-1024,Flour,229.0,0,2088.0,7,2317.0,2088.0,True,0.0,False,229.0,observed,180,established,False,False,False,False,False
2026-05-10,SKU-1024,Flour,231.0,0,1857.0,7,2088.0,1857.0,True,0.0,False,231.0,observed,180,established,False,False,False,False,False
2026-05-11,SKU-1024,Flour,365.0,0,1492.0,7,1857.0,1492.0,True,0.0,False,365.0,observed,180,established,False,False,False,False,False
2026-05-12,SKU-1024,Flour,243.0,2004,3253.0,7,1492.0,3253.0,True,0.0,False,243.0,observed,180,established,False,False,False,False,False
2026-05-13,SKU-1024,Flour,211.0,0,,7,3253.0,3042.0,False,,False,211.0,observed,180,established,False,True,False,False,False
2026-05-14,SKU-1024,Flour,295.0,0,2747.0,7,,,False,,False,295.0,observed,180,established,False,False,False,False,False
2026-05-15,SKU-1024,Flour,228.0,0,2519.0,7,2747.0,2519.0,True,0.0,False,228.0,observed,180,established,False,False,False,False,False
2026-05-16,SKU-1024,Flour,166.0,0,2353.0,7,2519.0,2353.0,True,0.0,False,166.0,observed,180,established,False,False,False,False,False
2026-05-17,SKU-1024,Flour,154.0,0,2199.0,7,2353.0,2199.0,True,0.0,False,154.0,observed,180,established,False,False,False,False,False
2026-05-18,SKU-1024,Flour,182.0,0,2017.0,7,2199.0,2017.0,True,0.0,False,182.0,observed,180,established,False,False,False,False,False
2026-05-19,SKU-1024,Flour,332.0,0,1685.0,7,2017.0,1685.0,True,0.0,False,332.0,observed,180,established,False,False,False,False,False
2026-05-20,SKU-1024,Flour,298.0,2497,3884.0,7,1685.0,3884.0,True,0.0,False,298.0,observed,180,established,False,False,False,False,False
2026-05-21,SKU-1024,Flour,274.0,0,3610.0,7,3884.0,3610.0,True,0.0,False,274.0,observed,180,established,False,False,False,False,False
2026-05-22,SKU-1024,Flour,233.0,0,3377.0,7,3610.0,3377.0,True,0.0,False,233.0,observed,180,established,False,False,False,False,False
2026-05-23,SKU-1024,Flour,199.0,0,3178.0,7,3377.0,3178.0,True,0.0,False,199.0,observed,180,established,False,False,False,False,False
2026-05-24,SKU-1024,Flour,266.0,0,2912.0,7,3178.0,2912.0,True,0.0,False,266.0,observed,180,established,False,False,False,False,False
2026-05-25,SKU-1024,Flour,288.0,0,2624.0,7,2912.0,2624.0,True,0.0,False,288.0,observed,180,established,False,False,False,False,False
2026-05-26,SKU-1024,Flour,231.0,0,2393.0,7,2624.0,2393.0,True,0.0,False,231.0,observed,180,established,False,False,False,False,False
2026-05-27,SKU-1024,Flour,356.0,0,2037.0,7,2393.0,2037.0,True,0.0,False,356.0,observed,180,established,False,False,False,False,False
2026-05-28,SKU-1024,Flour,315.0,0,1722.0,7,2037.0,1722.0,True,0.0,False,315.0,observed,180,established,False,False,False,False,False
2026-05-29,SKU-1024,Flour,287.0,2258,3693.0,7,1722.0,3693.0,True,0.0,False,287.0,observed,180,established,False,False,False,False,False
2026-05-30,SKU-1024,Flour,245.0,0,3448.0,7,3693.0,3448.0,True,0.0,False,245.0,observed,180,established,False,False,False,False,False
2026-05-31,SKU-1024,Flour,225.0,0,3223.0,7,3448.0,3223.0,True,0.0,False,225.0,observed,180,established,False,False,False,False,False
2026-06-01,SKU-1024,Flour,171.0,0,3052.0,7,3223.0,3052.0,True,0.0,False,171.0,observed,180,established,False,False,False,False,False
2026-06-02,SKU-1024,Flour,366.0,0,2686.0,7,3052.0,2686.0,True,0.0,False,366.0,observed,180,established,False,False,False,False,False
2026-06-03,SKU-1024,Flour,290.0,0,2396.0,7,2686.0,2396.0,True,0.0,False,290.0,observed,180,established,False,False,False,False,False
2026-06-04,SKU-1024,Flour,212.0,0,2184.0,7,2396.0,2184.0,True,0.0,False,212.0,observed,180,established,False,False,False,False,False
2026-06-05,SKU-1024,Flour,259.0,0,1925.0,7,2184.0,1925.0,True,0.0,False,259.0,observed,180,established,False,False,False,False,False
2026-06-06,SKU-1024,Flour,252.0,0,1673.0,7,1925.0,1673.0,True,0.0,False,252.0,observed,180,established,False,False,False,False,False
2026-06-07,SKU-1024,Flour,153.0,0,1520.0,7,1673.0,1520.0,True,0.0,False,153.0,observed,180,established,False,False,False,False,False
2026-06-08,SKU-1024,Flour,220.0,2248,3548.0,7,1520.0,3548.0,True,0.0,False,220.0,observed,180,established,False,False,False,False,False
2026-06-09,SKU-1024,Flour,266.0,0,3282.0,7,3548.0,3282.0,True,0.0,False,266.0,observed,180,established,False,False,False,False,False
2026-06-10,SKU-1024,Flour,299.0,0,2983.0,7,3282.0,2983.0,True,0.0,False,299.0,observed,180,established,False,False,False,False,False
2026-06-11,SKU-1024,Flour,402.0,0,2581.0,7,2983.0,2581.0,True,0.0,False,402.0,observed,180,established,False,False,False,False,False
2026-06-12,SKU-1024,Flour,245.0,0,2336.0,7,2581.0,2336.0,True,0.0,False,245.0,observed,180,established,False,False,False,False,False
2026-06-13,SKU-1024,Flour,227.0,0,2109.0,7,2336.0,2109.0,True,0.0,False,227.0,observed,180,established,False,False,False,False,False
2026-06-14,SKU-1024,Flour,189.0,0,1920.0,7,2109.0,1920.0,True,0.0,False,189.0,observed,180,established,False,False,False,False,False
2026-06-15,SKU-1024,Flour,145.0,0,1775.0,7,1920.0,1775.0,True,0.0,False,145.0,observed,180,established,False,False,False,False,False
2026-06-16,SKU-1024,Flour,668.0,2565,3672.0,7,1775.0,3672.0,True,0.0,False,668.0,observed,180,established,False,False,False,False,False
2026-06-17,SKU-1024,Flour,341.0,0,3331.0,7,3672.0,3331.0,True,0.0,False,341.0,observed,180,established,False,False,False,False,False
2026-06-18,SKU-1024,Flour,330.0,0,3001.0,7,3331.0,3001.0,True,0.0,False,330.0,observed,180,established,False,False,False,False,False
2026-06-19,SKU-1024,Flour,233.0,0,2768.0,7,3001.0,2768.0,True,0.0,False,233.0,observed,180,established,False,False,False,False,False
2026-06-20,SKU-1024,Flour,190.0,0,2578.0,7,2768.0,2578.0,True,0.0,False,190.0,observed,180,established,False,False,False,False,False
2026-06-21,SKU-1024,Flour,182.0,0,2396.0,7,2578.0,2396.0,True,0.0,False,182.0,observed,180,established,False,False,False,False,False
2026-06-22,SKU-1024,Flour,121.0,0,2275.0,7,2396.0,2275.0,True,0.0,False,121.0,observed,180,established,False,False,False,False,False
2026-06-23,SKU-1024,Flour,257.0,0,2018.0,7,2275.0,2018.0,True,0.0,False,257.0,observed,180,established,False,False,False,False,False
2026-06-24,SKU-1024,Flour,288.0,0,1730.0,7,2018.0,1730.0,True,0.0,False,288.0,observed,180,established,False,False,False,False,False
2026-06-25,SKU-1024,Flour,224.0,0,1506.0,7,1730.0,1506.0,True,0.0,False,224.0,observed,180,established,False,False,False,False,False
2026-06-26,SKU-1024,Flour,168.0,0,1338.0,7,1506.0,1338.0,True,0.0,False,168.0,observed,180,established,False,False,False,False,False
2026-06-27,SKU-1024,Flour,153.0,2551,3736.0,7,1338.0,3736.0,True,0.0,False,153.0,observed,180,established,False,False,False,False,False
2026-06-28,SKU-1024,Flour,203.0,0,3533.0,7,3736.0,3533.0,True,0.0,False,203.0,observed,180,established,False,False,False,False,False
2026-06-29,SKU-1024,Flour,244.0,0,3289.0,7,3533.0,3289.0,True,0.0,False,244.0,observed,180,established,False,False,False,False,False
2026-06-18,SKU-2000,Snacks,147.0,0,437.0,3,,,False,,False,147.0,observed,12,new,True,False,False,False,True
2026-06-19,SKU-2000,Snacks,308.0,0,129.0,14,437.0,129.0,True,0.0,False,308.0,observed,12,new,True,False,False,False,True
2026-06-20,SKU-2000,Snacks,186.0,0,0.0,5,129.0,-57.0,False,-57.0,True,186.0,observed,12,new,True,False,False,True,True
2026-06-21,SKU-2000,Snacks,204.0,0,0.0,14,0.0,-204.0,False,-204.0,True,204.0,observed,12,new,True,False,False,True,True
2026-06-22,SKU-2000,Snacks,257.0,0,0.0,7,0.0,-257.0,False,-257.0,True,257.0,observed,12,new,True,False,False,True,True
2026-06-23,SKU-2000,Snacks,130.0,0,0.0,3,0.0,-130.0,False,-130.0,True,130.0,observed,12,new,True,False,False,True,True
2026-06-24,SKU-2000,Snacks,214.0,0,0.0,7,0.0,-214.0,False,-214.0,True,214.0,observed,12,new,True,False,False,True,True
2026-06-25,SKU-2000,Snacks,270.0,0,0.0,14,0.0,-270.0,False,-270.0,True,270.0,observed,12,new,True,False,False,True,True
2026-06-26,SKU-2000,Snacks,170.0,0,0.0,7,0.0,-170.0,False,-170.0,True,170.0,observed,12,new,True,False,False,True,True
2026-06-27,SKU-2000,Snacks,238.0,0,0.0,7,0.0,-238.0,False,-238.0,True,238.0,observed,12,new,True,False,False,True,True
2026-06-28,SKU-2000,Snacks,293.0,0,0.0,7,0.0,-293.0,False,-293.0,True,293.0,observed,12,new,True,False,False,True,True
2026-06-29,SKU-2000,Snacks,224.0,0,0.0,10,0.0,-224.0,False,-224.0,True,224.0,observed,12,new,True,False,False,True,True
2026-06-18,SKU-2001,Beverages,353.0,0,729.0,3,,,False,,False,353.0,observed,12,new,True,False,False,False,True
2026-06-19,SKU-2001,Beverages,215.0,0,514.0,10,729.0,514.0,True,0.0,False,215.0,observed,12,new,True,False,False,False,True
2026-06-20,SKU-2001,Beverages,353.0,0,161.0,10,514.0,161.0,True,0.0,False,353.0,observed,12,new,True,False,False,False,True
2026-06-21,SKU-2001,Beverages,228.0,0,0.0,10,161.0,-67.0,False,-67.0,True,228.0,observed,12,new,True,False,False,True,True
2026-06-22,SKU-2001,Beverages,298.0,0,0.0,3,0.0,-298.0,False,-298.0,True,298.0,observed,12,new,True,False,False,True,True
2026-06-23,SKU-2001,Beverages,240.0,0,0.0,10,0.0,-240.0,False,-240.0,True,240.0,observed,12,new,True,False,False,True,True
2026-06-24,SKU-2001,Beverages,232.0,0,0.0,14,0.0,-232.0,False,-232.0,True,232.0,observed,12,new,True,False,False,True,True
2026-06-25,SKU-2001,Beverages,283.0,0,0.0,5,0.0,-283.0,False,-283.0,True,283.0,observed,12,new,True,False,False,True,True
2026-06-26,SKU-2001,Beverages,316.0,0,0.0,5,0.0,-316.0,False,-316.0,True,316.0,observed,12,new,True,False,False,True,True
2026-06-27,SKU-2001,Beverages,256.0,0,0.0,5,0.0,-256.0,False,-256.0,True,256.0,observed,12,new,True,False,False,True,True
2026-06-28,SKU-2001,Beverages,348.0,0,0.0,3,0.0,-348.0,False,-348.0,True,348.0,observed,12,new,True,False,False,True,True
2026-06-29,SKU-2001,Beverages,277.0,0,0.0,14,0.0,-277.0,False,-277.0,True,277.0,observed,12,new,True,False,False,True,True
2026-06-18,SKU-2002,Flour,293.0,0,872.0,7,,,False,,False,293.0,observed,12,new,True,False,False,False,True
2026-06-19,SKU-2002,Flour,336.0,0,536.0,5,872.0,536.0,True,0.0,False,336.0,observed,12,new,True,False,False,False,True
2026-06-20,SKU-2002,Flour,256.0,0,280.0,7,536.0,280.0,True,0.0,False,256.0,observed,12,new,True,False,False,False,True
2026-06-21,SKU-2002,Flour,200.0,0,80.0,14,280.0,80.0,True,0.0,False,200.0,observed,12,new,True,False,False,False,True
2026-06-22,SKU-2002,Flour,234.0,0,0.0,5,80.0,-154.0,False,-154.0,True,234.0,observed,12,new,True,False,False,True,True
2026-06-23,SKU-2002,Flour,358.0,0,0.0,5,0.0,-358.0,False,-358.0,True,358.0,observed,12,new,True,False,False,True,True
2026-06-24,SKU-2002,Flour,307.0,0,0.0,3,0.0,-307.0,False,-307.0,True,307.0,observed,12,new,True,False,False,True,True
2026-06-25,SKU-2002,Flour,213.0,0,0.0,3,0.0,-213.0,False,-213.0,True,213.0,observed,12,new,True,False,False,True,True
2026-06-26,SKU-2002,Flour,176.0,0,0.0,14,0.0,-176.0,False,-176.0,True,176.0,observed,12,new,True,False,False,True,True
2026-06-27,SKU-2002,Flour,299.0,0,0.0,10,0.0,-299.0,False,-299.0,True,299.0,observed,12,new,True,False,False,True,True
2026-06-28,SKU-2002,Flour,293.0,0,0.0,14,0.0,-293.0,False,-293.0,True,293.0,observed,12,new,True,False,False,True,True
2026-06-29,SKU-2002,Flour,252.0,0,0.0,7,0.0,-252.0,False,-252.0,True,252.0,observed,12,new,True,False,False,True,True
